game_id,seq,period,clock,elapsed_sec,score_home,score_away,team_id,team,home_club,player_id,player_num,player_name,player_surname,event,qualifier_1_code,qualifier_1,qualifier_2_code,qualifier_2,x,y,side,zone,area,in_area,dunk,linked_seq
25600,103,1,10:00,0,0,0,,,,,,,,Inizio Tempo,,,,,,,,,,False,0,
25600,104,1,10:00,0,0,0,1751,Armani Olimpia Milano,1,9378,5,Moses,Wright,Palla contesa,,,,,,,1,,,False,0,
25600,105,1,09:34,26,2,0,1751,Armani Olimpia Milano,1,854,0,Jason,Burnell,2 punti segnato,1,Tiro in sospensione,,,95,14,1,A,4,False,0,
25600,107,1,09:22,38,2,0,1751,Armani Olimpia Milano,1,9378,5,Moses,Wright,Fallo commesso,100,personale,,,44,81,1,D,10,False,0,
25600,108,1,09:22,38,2,0,1767,Pallacanestro Trieste,0,6604,4,Colbey,Ross,Fallo Subito,,,,,44,81,1,D,10,False,0,107
25600,109,1,09:12,48,2,0,1767,Pallacanestro Trieste,0,6993,9,Langston,Galloway,2 punti sbagliato,1,Tiro in sospensione,,,17,57,0,A,6,False,0,
25600,110,1,09:12,48,2,0,1751,Armani Olimpia Milano,1,5568,7,Stefano,Tonut,Rimbalzo difensivo,,,,,17,57,0,A,6,False,0,109
25600,111,1,08:49,71,2,0,1751,Armani Olimpia Milano,1,9378,5,Moses,Wright,2 punti sbagliato,1,Tiro in sospensione,,,95,23,1,A,4,False,0,
25600,112,1,08:49,71,2,0,1751,Armani Olimpia Milano,1,5499,13,Darius,Thompson,Rimbalzo offensivo,,,,,95,23,1,A,4,False,0,111
25600,113,1,08:40,80,2,0,1751,Armani Olimpia Milano,1,9378,5,Moses,Wright,2 punti sbagliato,7,Appoggio a canestro,,,93,45,1,A,3,False,0,
25600,114,1,08:40,80,2,0,1751,Armani Olimpia Milano,1,5568,7,Stefano,Tonut,Rimbalzo offensivo,,,,,93,45,1,A,3,False,0,113
25600,115,1,08:29,91,2,0,1751,Armani Olimpia Milano,1,5568,7,Stefano,Tonut,Palla persa,53,Passi,,,76,19,1,A,7,False,0,
25600,116,1,08:14,106,2,3,1767,Pallacanestro Trieste,0,949,13,Francesco,Candussi,3 punti segnato,1,Tiro in sospensione,,,32,43,0,A,9,False,0,
25600,117,1,08:14,106,2,3,1767,Pallacanestro Trieste,0,6604,4,Colbey,Ross,Assist,,,,,32,43,0,A,9,False,0,116
25600,118,1,07:53,127,2,3,1751,Armani Olimpia Milano,1,9378,5,Moses,Wright,Fallo commesso,106,offensivo,,,70,49,1,A,7,False,0,
25600,119,1,07:53,127,2,3,1751,Armani Olimpia Milano,1,9378,5,Moses,Wright,Palla persa,,,,,70,49,1,A,7,False,0,118
25600,120,1,07:53,127,2,3,1767,Pallacanestro Trieste,0,7007,30,Sean,McDermott,Fallo Subito,,,,,70,49,0,D,7,False,0,118
25600,121,1,07:35,145,2,5,1767,Pallacanestro Trieste,0,7007,30,Sean,McDermott,2 punti segnato,7,Appoggio a canestro,,,6,51,0,A,3,True,0,
25600,122,1,07:35,145,2,5,1751,Armani Olimpia Milano,1,5568,7,Stefano,Tonut,Fallo commesso,103,tiro,,,6,51,1,D,3,False,0,
25600,123,1,07:35,145,2,5,1767,Pallacanestro Trieste,0,7007,30,Sean,McDermott,Fallo Subito,,,,,6,51,1,D,3,False,0,122
25600,124,1,07:35,145,2,5,1767,Pallacanestro Trieste,0,7007,30,Sean,McDermott,Tiro libero sbagliato,,,,,,,,A,7,False,0,
25600,125,1,07:35,145,2,5,1751,Armani Olimpia Milano,1,6156,22,Devon,Hall,Rimbalzo difensivo,,,,,,,,,,False,0,124
25600,126,1,07:24,156,4,5,1751,Armani Olimpia Milano,1,9378,5,Moses,Wright,2 punti segnato,1,Tiro in sospensione,,,78,49,1,A,7,False,0,
25600,127,1,07:24,156,4,5,1751,Armani Olimpia Milano,1,854,0,Jason,Burnell,Assist,,,,,78,49,1,A,7,False,0,126
25600,128,1,06:56,184,4,8,1767,Pallacanestro Trieste,0,1592,8,Lodovico,Deangeli,3 punti segnato,1,Tiro in sospensione,,,5,3,0,A,1,False,0,
25600,129,1,06:56,184,4,8,1767,Pallacanestro Trieste,0,6604,4,Colbey,Ross,Assist,,,,,5,3,0,A,1,False,0,128
25600,130,1,06:42,198,4,8,1751,Armani Olimpia Milano,1,6156,22,Devon,Hall,Palla persa,50,Passaggio sbagliato,,,69,65,1,A,9,False,0,
25600,131,1,06:42,198,4,8,1767,Pallacanestro Trieste,0,6993,9,Langston,Galloway,Palla recuperata,,,,,69,65,1,A,9,False,0,130
25600,132,1,06:36,204,4,8,1767,Pallacanestro Trieste,0,1592,8,Lodovico,Deangeli,Palla persa,50,Passaggio sbagliato,,,9,8,0,A,2,False,0,
25600,133,1,06:36,204,4,8,1751,Armani Olimpia Milano,1,5499,13,Darius,Thompson,Palla recuperata,,,,,9,8,0,A,2,False,0,132
25600,134,1,06:29,211,4,8,1751,Armani Olimpia Milano,1,9378,5,Moses,Wright,2 punti sbagliato,7,Appoggio a canestro,,,90,36,1,A,4,False,0,
25600,135,1,06:29,211,4,8,1767,Pallacanestro Trieste,0,6993,9,Langston,Galloway,Stoppata,,,,,90,36,0,D,4,False,0,134
25600,136,1,06:29,211,4,8,1751,Armani Olimpia Milano,1,9378,5,Moses,Wright,Stoppata subita,,,,,90,36,1,A,4,False,0,134
25600,137,1,06:29,211,4,8,1751,Armani Olimpia Milano,1,5499,13,Darius,Thompson,Rimbalzo offensivo,,,,,90,36,1,A,4,False,0,134
25600,138,1,06:27,213,4,8,1767,Pallacanestro Trieste,0,1592,8,Lodovico,Deangeli,Fallo commesso,103,tiro,,,90,49,0,D,6,False,0,
25600,139,1,06:27,213,4,8,1751,Armani Olimpia Milano,1,5499,13,Darius,Thompson,Fallo Subito,,,,,90,49,0,D,6,False,0,138
25600,140,1,06:27,213,5,8,1751,Armani Olimpia Milano,1,5499,13,Darius,Thompson,Tiro libero segnato,,,,,,,,A,7,False,0,
25600,141,1,06:27,213,6,8,1751,Armani Olimpia Milano,1,5499,13,Darius,Thompson,Tiro libero segnato,,,,,,,,A,7,False,0,140
25600,142,1,06:13,227,6,10,1767,Pallacanestro Trieste,0,949,13,Francesco,Candussi,2 punti segnato,11,Gancio,,,16,55,0,A,6,True,0,
25600,143,1,05:57,243,9,10,1751,Armani Olimpia Milano,1,854,0,Jason,Burnell,3 punti segnato,1,Tiro in sospensione,,,76,84,1,A,8,False,0,
25600,144,1,05:57,243,9,10,1751,Armani Olimpia Milano,1,9378,5,Moses,Wright,Assist,,,,,76,84,1,A,8,False,0,143
25600,145,1,05:37,263,9,10,1767,Pallacanestro Trieste,0,6604,4,Colbey,Ross,2 punti sbagliato,7,Appoggio a canestro,,,6,42,0,A,3,False,0,
25600,146,1,05:37,263,9,10,1751,Armani Olimpia Milano,1,5568,7,Stefano,Tonut,Rimbalzo difensivo,,,,,6,42,0,A,3,False,0,145
25600,147,1,05:23,277,9,10,1767,Pallacanestro Trieste,0,6604,4,Colbey,Ross,Fallo commesso,100,personale,,,88,69,0,D,2,False,0,
25600,148,1,05:23,277,9,10,1751,Armani Olimpia Milano,1,9378,5,Moses,Wright,Fallo Subito,,,,,88,69,0,D,2,False,0,147
25600,149,1,05:19,281,9,10,1751,Armani Olimpia Milano,1,5499,13,Darius,Thompson,3 punti sbagliato,1,Tiro in sospensione,,,67,54,1,A,9,False,0,
25600,150,1,05:19,281,9,10,1767,Pallacanestro Trieste,0,,,,,Rimbalzi difensivi di squadra,,,,,67,54,1,A,9,False,0,149
25600,151,1,05:13,287,9,10,1751,Armani Olimpia Milano,1,5499,13,Darius,Thompson,Fallo commesso,100,personale,,,95,37,1,A,4,False,0,
25600,152,1,05:13,287,9,10,1767,Pallacanestro Trieste,0,6604,4,Colbey,Ross,Fallo Subito,,,,,95,37,1,A,4,False,0,151
25600,153,1,04:59,301,9,12,1767,Pallacanestro Trieste,0,6993,9,Langston,Galloway,2 punti segnato,8,Da penetrazione,,,6,56,0,A,3,True,0,
25600,154,1,04:44,316,9,12,1751,Armani Olimpia Milano,1,5499,13,Darius,Thompson,2 punti sbagliato,8,Da penetrazione,,,93,57,1,A,3,False,0,
25600,155,1,04:44,316,9,12,1751,Armani Olimpia Milano,1,9378,5,Moses,Wright,Rimbalzo offensivo,,,,,93,57,1,A,3,False,0,154
25600,156,1,04:40,320,11,12,1751,Armani Olimpia Milano,1,9378,5,Moses,Wright,2 punti segnato,7,Appoggio a canestro,,,95,56,1,A,3,True,0,
25600,157,1,04:18,342,11,12,1767,Pallacanestro Trieste,0,7007,30,Sean,McDermott,3 punti sbagliato,1,Tiro in sospensione,,,26,13,0,A,8,False,0,
25600,158,1,04:18,342,11,12,1751,Armani Olimpia Milano,1,9378,5,Moses,Wright,Rimbalzo difensivo,,,,,26,13,0,A,8,False,0,157
25600,159,1,04:12,348,11,12,1751,Armani Olimpia Milano,1,9378,5,Moses,Wright,Fallo commesso,106,offensivo,,,89,48,1,A,6,False,0,
25600,160,1,04:12,348,11,12,1751,Armani Olimpia Milano,1,9378,5,Moses,Wright,Palla persa,,,,,89,48,1,A,6,False,0,159
25600,161,1,04:12,348,11,12,1767,Pallacanestro Trieste,0,6604,4,Colbey,Ross,Fallo Subito,,,,,89,48,1,A,6,False,0,159
25600,162,1,04:12,348,11,12,1751,Armani Olimpia Milano,1,9378,5,Moses,Wright,Uscita,,,,,,,,,,False,0,
25600,163,1,04:12,348,11,12,1751,Armani Olimpia Milano,1,1775,6,Ousmane,Diop,Ingresso,,,,,,,,,,False,0,162
25600,164,1,04:12,348,11,12,1767,Pallacanestro Trieste,0,1592,8,Lodovico,Deangeli,Uscita,,,,,,,,,,False,0,162
25600,165,1,04:12,348,11,12,1767,Pallacanestro Trieste,0,9390,25,Lajae,Jones,Ingresso,,,,,,,,,,False,0,162
25600,166,1,04:12,348,11,12,1751,Armani Olimpia Milano,1,7405,10,Leandro,Bolmaro,Ingresso,,,,,,,,,,False,0,
25600,167,1,04:12,348,11,12,1751,Armani Olimpia Milano,1,6156,22,Devon,Hall,Uscita,,,,,,,,,,False,0,166
25600,168,1,03:58,362,11,12,1767,Pallacanestro Trieste,0,6604,4,Colbey,Ross,2 punti sbagliato,6,Arresto e tiro,,,17,46,0,A,6,False,0,
25600,169,1,03:58,362,11,12,1751,Armani Olimpia Milano,1,5568,7,Stefano,Tonut,Rimbalzo difensivo,,,,,17,46,0,A,6,False,0,168
25600,170,1,03:41,379,11,12,1751,Armani Olimpia Milano,1,854,0,Jason,Burnell,3 punti sbagliato,1,Tiro in sospensione,,,92,3,1,A,5,False,0,
25600,171,1,03:41,379,11,12,1751,Armani Olimpia Milano,1,5568,7,Stefano,Tonut,Rimbalzo offensivo,,,,,92,3,1,A,5,False,0,170
25600,172,1,03:31,389,11,12,1751,Armani Olimpia Milano,1,1775,6,Ousmane,Diop,Palla persa,50,Passaggio sbagliato,,,83,57,1,A,6,False,0,
25600,173,1,03:31,389,11,12,1767,Pallacanestro Trieste,0,6993,9,Langston,Galloway,Palla recuperata,,,,,83,57,1,A,6,False,0,172
25600,174,1,03:26,394,11,12,1767,Pallacanestro Trieste,0,7007,30,Sean,McDermott,2 punti sbagliato,7,Appoggio a canestro,,,5,46,0,A,3,False,0,
25600,175,1,03:26,394,11,12,1767,Pallacanestro Trieste,0,,,,,Rimbalzi offensivi di squadra,,,,,5,46,0,A,3,False,0,174
25600,176,1,03:25,395,11,12,1751,Armani Olimpia Milano,1,9031,2,R.J.,Cole,Ingresso,,,,,,,,,,False,0,
25600,177,1,03:25,395,11,12,1751,Armani Olimpia Milano,1,5568,7,Stefano,Tonut,Uscita,,,,,,,,,,False,0,176
25600,178,1,03:25,395,11,12,1751,Armani Olimpia Milano,1,5499,13,Darius,Thompson,Uscita,,,,,,,,,,False,0,176
25600,179,1,03:25,395,11,12,1751,Armani Olimpia Milano,1,2103,21,Diego,Flaccadori,Ingresso,,,,,,,,,,False,0,176
25600,180,1,03:25,395,11,12,1767,Pallacanestro Trieste,0,4890,10,Michele,Ruzzier,Ingresso,,,,,,,,,,False,0,176
25600,181,1,03:25,395,11,12,1767,Pallacanestro Trieste,0,7007,30,Sean,McDermott,Uscita,,,,,,,,,,False,0,176
25600,182,1,03:17,403,11,12,1767,Pallacanestro Trieste,0,6993,9,Langston,Galloway,3 punti sbagliato,5,Tiro in Step Back,,,20,12,0,A,8,False,0,
25600,183,1,03:17,403,11,12,1767,Pallacanestro Trieste,0,4890,10,Michele,Ruzzier,Rimbalzo offensivo,,,,,20,12,0,A,2,False,0,182
25600,184,1,03:11,409,11,12,1767,Pallacanestro Trieste,0,6993,9,Langston,Galloway,2 punti sbagliato,7,Appoggio a canestro,1005,stoppata,9,55,0,A,3,False,0,
25600,185,1,03:11,409,11,12,1751,Armani Olimpia Milano,1,854,0,Jason,Burnell,Stoppata,,,,,9,55,0,A,3,False,0,184
25600,186,1,03:11,409,11,12,1767,Pallacanestro Trieste,0,6993,9,Langston,Galloway,Stoppata subita,,,,,9,55,0,A,3,False,0,184
25600,187,1,03:11,409,11,12,1751,Armani Olimpia Milano,1,1775,6,Ousmane,Diop,Rimbalzo difensivo,,,,,9,55,0,A,3,False,0,184
25600,188,1,02:55,425,11,12,1767,Pallacanestro Trieste,0,9390,25,Lajae,Jones,Fallo commesso,103,tiro,,,87,51,0,D,6,False,0,
25600,189,1,02:55,425,11,12,1751,Armani Olimpia Milano,1,854,0,Jason,Burnell,Fallo Subito,,,,,87,51,0,D,6,False,0,188
25600,190,1,02:55,425,11,12,1751,Armani Olimpia Milano,1,854,0,Jason,Burnell,Tiro libero sbagliato,,,,,,,,A,7,False,0,
25600,191,1,02:55,425,12,12,1751,Armani Olimpia Milano,1,854,0,Jason,Burnell,Tiro libero segnato,,,,,,,,A,7,False,0,190
25600,192,1,02:55,425,12,12,1751,Armani Olimpia Milano,1,854,0,Jason,Burnell,Uscita,,,,,,,,,,False,0,
25600,193,1,02:55,425,12,12,1751,Armani Olimpia Milano,1,4692,17,Giampaolo,Ricci,Ingresso,,,,,,,,,,False,0,192
25600,194,1,02:48,432,12,12,1767,Pallacanestro Trieste,0,6993,9,Langston,Galloway,3 punti sbagliato,1,Tiro in sospensione,,,16,95,0,A,10,False,0,
25600,195,1,02:48,432,12,12,1751,Armani Olimpia Milano,1,7405,10,Leandro,Bolmaro,Rimbalzo difensivo,,,,,16,95,0,A,10,False,0,194
25600,196,1,02:40,440,12,12,1751,Armani Olimpia Milano,1,1775,6,Ousmane,Diop,2 punti sbagliato,7,Appoggio a canestro,,,90,54,1,A,6,False,0,
25600,197,1,02:40,440,12,12,1767,Pallacanestro Trieste,0,949,13,Francesco,Candussi,Rimbalzo difensivo,,,,,90,54,1,A,6,False,0,196
25600,198,1,02:33,447,12,12,1767,Pallacanestro Trieste,0,1592,8,Lodovico,Deangeli,Ingresso,,,,,,,,,,False,0,
25600,199,1,02:33,447,12,12,1767,Pallacanestro Trieste,0,949,13,Francesco,Candussi,Uscita,,,,,,,,,,False,0,198
25600,200,1,02:19,461,12,15,1767,Pallacanestro Trieste,0,6604,4,Colbey,Ross,3 punti segnato,1,Tiro in sospensione,,,33,71,0,A,9,False,0,
25600,201,1,01:59,481,12,15,1751,Armani Olimpia Milano,1,2103,21,Diego,Flaccadori,2 punti sbagliato,8,Da penetrazione,1004,tip-in appoggio canestro miss,90,52,1,A,6,False,0,
25600,202,1,01:59,481,12,15,1751,Armani Olimpia Milano,1,1775,6,Ousmane,Diop,Rimbalzo offensivo,,,,,90,52,1,A,6,False,0,201
25600,203,1,01:59,481,12,15,1751,Armani Olimpia Milano,1,1775,6,Ousmane,Diop,2 punti sbagliato,7,Appoggio a canestro,,,90,52,1,A,6,False,0,
25600,204,1,01:59,481,12,15,1767,Pallacanestro Trieste,0,9390,25,Lajae,Jones,Rimbalzo difensivo,,,,,90,52,1,A,6,False,0,203
25600,205,1,01:51,489,12,15,1767,Pallacanestro Trieste,0,6993,9,Langston,Galloway,3 punti sbagliato,1,Tiro in sospensione,,,28,23,0,A,8,False,0,
25600,206,1,01:51,489,12,15,1767,Pallacanestro Trieste,0,,,,,Rimbalzi offensivi di squadra,,,,,28,23,0,A,8,False,0,205
25600,207,1,01:42,498,12,15,1751,Armani Olimpia Milano,1,1775,6,Ousmane,Diop,Fallo commesso,100,personale,,,22,97,1,D,10,False,0,
25600,208,1,01:42,498,12,15,1767,Pallacanestro Trieste,0,6604,4,Colbey,Ross,Fallo Subito,,,,,22,97,1,D,10,False,0,207
25600,209,1,01:42,498,12,16,1767,Pallacanestro Trieste,0,6604,4,Colbey,Ross,Tiro libero segnato,,,,,,,,A,7,False,0,
25600,210,1,01:42,498,12,17,1767,Pallacanestro Trieste,0,6604,4,Colbey,Ross,Tiro libero segnato,,,,,,,,A,7,False,0,209
25600,211,1,01:42,498,12,17,1767,Pallacanestro Trieste,0,6604,4,Colbey,Ross,Uscita,,,,,,,,,,False,0,
25600,212,1,01:42,498,12,17,1767,Pallacanestro Trieste,0,9005,7,Abramo,Canka,Ingresso,,,,,,,,,,False,0,211
25600,213,1,01:28,512,15,17,1751,Armani Olimpia Milano,1,9031,2,R.J.,Cole,3 punti segnato,6,Arresto e tiro,,,73,79,1,A,8,False,0,
25600,214,1,01:10,530,15,17,1767,Pallacanestro Trieste,0,9390,25,Lajae,Jones,2 punti sbagliato,1,Tiro in sospensione,,,26,44,0,A,7,False,0,
25600,215,1,01:10,530,15,17,1751,Armani Olimpia Milano,1,4692,17,Giampaolo,Ricci,Rimbalzo difensivo,,,,,26,44,0,A,7,False,0,214
25600,216,1,00:48,552,15,17,1751,Armani Olimpia Milano,1,7405,10,Leandro,Bolmaro,2 punti sbagliato,6,Arresto e tiro,,,78,57,1,A,7,False,0,
25600,217,1,00:48,552,15,17,1767,Pallacanestro Trieste,0,6993,9,Langston,Galloway,Rimbalzo difensivo,,,,,78,57,1,A,7,False,0,216
25600,218,1,00:35,565,15,17,1767,Pallacanestro Trieste,0,6993,9,Langston,Galloway,3 punti sbagliato,1,Tiro in sospensione,,,19,8,0,A,8,False,0,
25600,219,1,00:35,565,15,17,1751,Armani Olimpia Milano,1,4692,17,Giampaolo,Ricci,Rimbalzo difensivo,,,,,19,8,0,A,8,False,0,218
25600,220,1,00:12,588,15,17,1751,Armani Olimpia Milano,1,4692,17,Giampaolo,Ricci,3 punti sbagliato,1,Tiro in sospensione,,,75,86,1,A,8,False,0,
25600,221,1,00:12,588,15,17,1751,Armani Olimpia Milano,1,1775,6,Ousmane,Diop,Rimbalzo offensivo,,,,,75,86,1,A,8,False,0,220
25600,222,1,00:05,595,17,17,1751,Armani Olimpia Milano,1,1775,6,Ousmane,Diop,2 punti segnato,7,Appoggio a canestro,,,91,49,1,A,3,True,0,
25600,223,1,00:02,598,17,17,1751,Armani Olimpia Milano,1,9031,2,R.J.,Cole,Fallo commesso,103,tiro,,,8,51,1,D,3,False,0,
25600,224,1,00:02,598,17,17,1767,Pallacanestro Trieste,0,4890,10,Michele,Ruzzier,Fallo Subito,,,,,8,51,1,D,3,False,0,223
25600,225,1,00:02,598,17,17,1767,Pallacanestro Trieste,0,6993,9,Langston,Galloway,Uscita,,,,,,,,,,False,0,
25600,226,1,00:02,598,17,17,1767,Pallacanestro Trieste,0,7007,30,Sean,McDermott,Ingresso,,,,,,,,,,False,0,225
25600,227,1,00:02,598,17,18,1767,Pallacanestro Trieste,0,4890,10,Michele,Ruzzier,Tiro libero segnato,500,contropiede,,,,,,A,7,False,0,
25600,228,1,00:02,598,17,19,1767,Pallacanestro Trieste,0,4890,10,Michele,Ruzzier,Tiro libero segnato,500,contropiede,,,,,,A,7,False,0,227
25600,229,1,00:01,599,17,19,1751,Armani Olimpia Milano,1,7405,10,Leandro,Bolmaro,3 punti sbagliato,2,Tiro in corsa,1007,nessun rimbalzo,53,9,1,A,10,False,0,
25600,230,1,00:00,600,17,19,,,,,,,,Fine Tempo,,,,,,,,,,False,0,
25600,231,2,10:00,0,17,19,,,,,,,,Inizio Tempo,,,,,,,,,,False,0,
25600,232,2,09:42,18,17,19,1767,Pallacanestro Trieste,0,9390,25,Lajae,Jones,Fallo commesso,103,tiro,,,92,45,0,D,3,False,0,
25600,233,2,09:42,18,17,19,1751,Armani Olimpia Milano,1,1775,6,Ousmane,Diop,Fallo Subito,,,,,92,45,0,D,3,False,0,232
25600,234,2,09:42,18,17,19,1751,Armani Olimpia Milano,1,1775,6,Ousmane,Diop,Tiro libero sbagliato,,,,,,,,A,7,False,0,
25600,235,2,09:42,18,18,19,1751,Armani Olimpia Milano,1,1775,6,Ousmane,Diop,Tiro libero segnato,,,,,,,,A,7,False,0,234
25600,236,2,09:42,18,18,19,1751,Armani Olimpia Milano,1,7405,10,Leandro,Bolmaro,Assist,,,,,,,,,,False,0,234
25600,237,2,09:21,39,18,22,1767,Pallacanestro Trieste,0,4890,10,Michele,Ruzzier,3 punti segnato,6,Arresto e tiro,,,22,13,0,A,8,False,0,
25600,238,2,08:59,61,20,22,1751,Armani Olimpia Milano,1,4692,17,Giampaolo,Ricci,2 punti segnato,3,Tiro in fadeaway,,,84,83,1,A,2,False,0,
25600,239,2,08:39,81,20,22,1767,Pallacanestro Trieste,0,9005,7,Abramo,Canka,Palla persa,50,Passaggio sbagliato,,,23,78,0,A,7,False,0,
25600,240,2,08:39,81,20,22,1751,Armani Olimpia Milano,1,4692,17,Giampaolo,Ricci,Palla recuperata,,,,,23,78,0,A,7,False,0,239
25600,241,2,08:33,87,20,22,1751,Armani Olimpia Milano,1,2103,21,Diego,Flaccadori,2 punti sbagliato,8,Da penetrazione,,,93,53,1,A,3,False,0,
25600,242,2,08:33,87,20,22,1767,Pallacanestro Trieste,0,9390,25,Lajae,Jones,Stoppata,,,,,93,53,0,D,3,False,0,241
25600,243,2,08:33,87,20,22,1751,Armani Olimpia Milano,1,2103,21,Diego,Flaccadori,Stoppata subita,,,,,93,53,1,A,3,False,0,241
25600,244,2,08:33,87,20,22,1767,Pallacanestro Trieste,0,9005,7,Abramo,Canka,Rimbalzo difensivo,,,,,93,53,0,D,3,False,0,241
25600,245,2,08:28,92,20,24,1767,Pallacanestro Trieste,0,9005,7,Abramo,Canka,2 punti segnato,8,Da penetrazione,500,contropiede,6,48,0,A,3,True,0,
25600,246,2,08:28,92,20,24,1751,Armani Olimpia Milano,1,1775,6,Ousmane,Diop,Fallo commesso,103,tiro,500,contropiede,6,48,1,D,3,False,0,
25600,247,2,08:28,92,20,24,1767,Pallacanestro Trieste,0,9005,7,Abramo,Canka,Fallo Subito,,,500,contropiede,6,48,1,D,3,False,0,246
25600,248,2,08:28,92,20,24,1767,Pallacanestro Trieste,0,9005,7,Abramo,Canka,Tiro libero sbagliato,500,contropiede,,,,,,A,7,False,0,
25600,249,2,08:28,92,20,24,1751,Armani Olimpia Milano,1,4692,17,Giampaolo,Ricci,Rimbalzo difensivo,,,,,,,,,,False,0,248
25600,250,2,08:19,101,20,24,1751,Armani Olimpia Milano,1,2103,21,Diego,Flaccadori,2 punti sbagliato,6,Arresto e tiro,,,77,29,1,A,7,False,0,
25600,251,2,08:19,101,20,24,1767,Pallacanestro Trieste,0,4890,10,Michele,Ruzzier,Rimbalzo difensivo,,,,,77,29,1,A,7,False,0,250
25600,252,2,08:00,120,20,24,1767,Pallacanestro Trieste,0,1592,8,Lodovico,Deangeli,3 punti sbagliato,1,Tiro in sospensione,,,4,97,0,A,5,False,0,
25600,253,2,08:00,120,20,24,1751,Armani Olimpia Milano,1,,,,,Rimbalzi difensivi di squadra,,,,,4,97,0,A,5,False,0,252
25600,254,2,08:00,120,20,24,1751,Armani Olimpia Milano,1,2103,21,Diego,Flaccadori,Uscita,,,,,,,,,,False,0,
25600,255,2,08:00,120,20,24,1751,Armani Olimpia Milano,1,6156,22,Devon,Hall,Ingresso,,,,,,,,,,False,0,254
25600,256,2,08:00,120,20,24,1767,Pallacanestro Trieste,0,9005,7,Abramo,Canka,Uscita,,,,,,,,,,False,0,254
25600,257,2,08:00,120,20,24,1767,Pallacanestro Trieste,0,7478,,Davide,Paiano,Ingresso,,,,,,,,,,False,0,254
25600,258,2,07:41,139,22,24,1751,Armani Olimpia Milano,1,9031,2,R.J.,Cole,2 punti segnato,7,Appoggio a canestro,,,93,44,1,A,3,True,0,
25600,259,2,07:41,139,22,24,1751,Armani Olimpia Milano,1,1775,6,Ousmane,Diop,Assist,,,,,93,44,1,A,3,False,0,258
25600,260,2,07:26,154,22,24,1767,Pallacanestro Trieste,0,1592,8,Lodovico,Deangeli,2 punti sbagliato,8,Da penetrazione,,,7,57,0,A,3,False,0,
25600,261,2,07:26,154,22,24,1751,Armani Olimpia Milano,1,4692,17,Giampaolo,Ricci,Rimbalzo difensivo,,,,,7,57,0,A,3,False,0,260
25600,262,2,07:19,161,22,24,1751,Armani Olimpia Milano,1,7405,10,Leandro,Bolmaro,3 punti sbagliato,1,Tiro in sospensione,,,76,88,1,A,8,False,0,
25600,263,2,07:19,161,22,24,1751,Armani Olimpia Milano,1,4692,17,Giampaolo,Ricci,Rimbalzo offensivo,,,,,76,88,1,A,8,False,0,262
25600,264,2,07:17,163,22,24,1767,Pallacanestro Trieste,0,4890,10,Michele,Ruzzier,Fallo commesso,100,personale,,,92,49,0,D,3,False,0,
25600,265,2,07:17,163,22,24,1751,Armani Olimpia Milano,1,4692,17,Giampaolo,Ricci,Fallo Subito,,,,,92,49,0,D,3,False,0,264
25600,266,2,07:17,163,22,24,1767,Pallacanestro Trieste,0,949,13,Francesco,Candussi,Ingresso,,,,,,,,,,False,0,
25600,267,2,07:17,163,22,24,1767,Pallacanestro Trieste,0,9390,25,Lajae,Jones,Uscita,,,,,,,,,,False,0,266
25600,268,2,07:08,172,22,24,1767,Pallacanestro Trieste,0,7007,30,Sean,McDermott,Fallo commesso,100,personale,,,71,67,0,D,9,False,0,
25600,269,2,07:08,172,22,24,1751,Armani Olimpia Milano,1,6156,22,Devon,Hall,Fallo Subito,,,,,71,67,0,D,9,False,0,268
25600,270,2,06:54,186,24,24,1751,Armani Olimpia Milano,1,7405,10,Leandro,Bolmaro,2 punti segnato,1,Tiro in sospensione,,,94,12,1,A,4,False,0,
25600,271,2,06:54,186,24,24,1751,Armani Olimpia Milano,1,6156,22,Devon,Hall,Assist,,,,,94,12,1,A,4,False,0,270
25600,272,2,06:28,212,24,24,1767,Pallacanestro Trieste,0,949,13,Francesco,Candussi,3 punti sbagliato,1,Tiro in sospensione,,,3,1,0,A,1,False,0,
25600,273,2,06:28,212,24,24,1751,Armani Olimpia Milano,1,7405,10,Leandro,Bolmaro,Rimbalzo difensivo,,,,,3,1,0,A,1,False,0,272
25600,274,2,06:10,230,27,24,1751,Armani Olimpia Milano,1,9031,2,R.J.,Cole,3 punti segnato,1,Tiro in sospensione,,,81,92,1,A,8,False,0,
25600,275,2,06:10,230,27,24,1751,Armani Olimpia Milano,1,1775,6,Ousmane,Diop,Assist,,,,,81,92,1,A,8,False,0,274
25600,276,2,06:09,231,27,24,1767,Pallacanestro Trieste,0,,,,,Time Out,,,,,,,0,,,False,0,
25600,277,2,06:09,231,27,24,1767,Pallacanestro Trieste,0,6604,4,Colbey,Ross,Ingresso,,,,,,,,,,False,0,
25600,278,2,06:09,231,27,24,1767,Pallacanestro Trieste,0,7478,,Davide,Paiano,Uscita,,,,,,,,,,False,0,277
25600,279,2,05:53,247,27,24,1767,Pallacanestro Trieste,0,4890,10,Michele,Ruzzier,3 punti sbagliato,1,Tiro in sospensione,,,5,97,0,A,5,False,0,
25600,280,2,05:53,247,27,24,1767,Pallacanestro Trieste,0,949,13,Francesco,Candussi,Rimbalzo offensivo,,,,,5,97,0,A,5,False,0,279
25600,281,2,05:50,250,27,24,1767,Pallacanestro Trieste,0,949,13,Francesco,Candussi,Palla persa,51,Palleggio,,,11,56,0,A,6,False,0,
25600,282,2,05:50,250,27,24,1751,Armani Olimpia Milano,1,6156,22,Devon,Hall,Palla recuperata,,,,,11,56,0,A,6,False,0,281
25600,283,2,05:32,268,27,24,1751,Armani Olimpia Milano,1,6156,22,Devon,Hall,2 punti sbagliato,8,Da penetrazione,,,94,45,1,A,3,False,0,
25600,284,2,05:32,268,27,24,1751,Armani Olimpia Milano,1,1775,6,Ousmane,Diop,Rimbalzo offensivo,,,,,94,45,1,A,3,False,0,283
25600,285,2,05:28,272,29,24,1751,Armani Olimpia Milano,1,1775,6,Ousmane,Diop,2 punti segnato,7,Appoggio a canestro,,,92,50,1,A,3,True,0,
25600,286,2,05:19,281,29,27,1767,Pallacanestro Trieste,0,6604,4,Colbey,Ross,3 punti segnato,5,Tiro in Step Back,,,23,13,0,A,8,False,0,
25600,287,2,05:00,300,29,27,1751,Armani Olimpia Milano,1,6156,22,Devon,Hall,2 punti sbagliato,8,Da penetrazione,,,93,57,1,A,3,False,0,
25600,288,2,05:00,300,29,27,1767,Pallacanestro Trieste,0,7007,30,Sean,McDermott,Rimbalzo difensivo,,,,,93,57,1,A,3,False,0,287
25600,289,2,04:54,306,29,27,1751,Armani Olimpia Milano,1,1775,6,Ousmane,Diop,Fallo commesso,100,personale,,,12,47,1,D,6,False,0,
25600,290,2,04:54,306,29,27,1767,Pallacanestro Trieste,0,7007,30,Sean,McDermott,Fallo Subito,,,,,12,47,1,D,6,False,0,289
25600,291,2,04:54,306,29,27,1751,Armani Olimpia Milano,1,854,0,Jason,Burnell,Ingresso,,,,,,,,,,False,0,
25600,292,2,04:54,306,29,27,1751,Armani Olimpia Milano,1,1775,6,Ousmane,Diop,Uscita,,,,,,,,,,False,0,291
25600,293,2,04:54,306,29,27,1751,Armani Olimpia Milano,1,4692,17,Giampaolo,Ricci,Uscita,,,,,,,,,,False,0,291
25600,294,2,04:54,306,29,27,1751,Armani Olimpia Milano,1,45,45,Nicola,Akele,Ingresso,,,,,,,,,,False,0,291
25600,295,2,04:54,306,29,27,1767,Pallacanestro Trieste,0,6993,9,Langston,Galloway,Ingresso,,,,,,,,,,False,0,291
25600,296,2,04:54,306,29,27,1767,Pallacanestro Trieste,0,4890,10,Michele,Ruzzier,Uscita,,,,,,,,,,False,0,291
25600,297,2,04:46,314,29,27,1767,Pallacanestro Trieste,0,6604,4,Colbey,Ross,3 punti sbagliato,6,Arresto e tiro,,,32,75,0,A,10,False,0,
25600,298,2,04:46,314,29,27,1767,Pallacanestro Trieste,0,6993,9,Langston,Galloway,Rimbalzo offensivo,,,,,32,75,0,A,10,False,0,297
25600,299,2,04:42,318,29,27,1751,Armani Olimpia Milano,1,9031,2,R.J.,Cole,Fallo commesso,100,personale,,,11,46,1,D,6,False,0,
25600,300,2,04:42,318,29,27,1767,Pallacanestro Trieste,0,1592,8,Lodovico,Deangeli,Fallo Subito,,,,,11,46,1,D,6,False,0,299
25600,301,2,04:39,321,29,27,1767,Pallacanestro Trieste,0,6993,9,Langston,Galloway,2 punti sbagliato,7,Appoggio a canestro,1005,stoppata,8,45,0,A,3,False,0,
25600,302,2,04:39,321,29,27,1751,Armani Olimpia Milano,1,6156,22,Devon,Hall,Stoppata,,,,,8,45,0,A,3,False,0,301
25600,303,2,04:39,321,29,27,1767,Pallacanestro Trieste,0,6993,9,Langston,Galloway,Stoppata subita,,,,,8,45,0,A,3,False,0,301
25600,304,2,04:39,321,29,27,1767,Pallacanestro Trieste,0,6993,9,Langston,Galloway,Rimbalzo offensivo,,,,,8,45,0,A,3,False,0,301
25600,305,2,04:36,324,29,27,1767,Pallacanestro Trieste,0,6993,9,Langston,Galloway,2 punti sbagliato,7,Appoggio a canestro,,,9,52,0,A,3,False,0,
25600,306,2,04:36,324,29,27,1751,Armani Olimpia Milano,1,,,,,Rimbalzi difensivi di squadra,,,,,9,52,0,A,3,False,0,305
25600,307,2,04:09,351,29,27,1751,Armani Olimpia Milano,1,9031,2,R.J.,Cole,3 punti sbagliato,1,Tiro in sospensione,,,87,3,1,A,10,False,0,
25600,308,2,04:09,351,29,27,1767,Pallacanestro Trieste,0,1592,8,Lodovico,Deangeli,Rimbalzo difensivo,,,,,87,3,1,A,10,False,0,307
25600,309,2,03:48,372,29,27,1751,Armani Olimpia Milano,1,854,0,Jason,Burnell,Fallo commesso,103,tiro,,,9,45,1,D,3,False,0,
25600,310,2,03:48,372,29,27,1767,Pallacanestro Trieste,0,6993,9,Langston,Galloway,Fallo Subito,,,,,9,45,1,D,3,False,0,309
25600,360,2,03:48,372,29,27,1751,Armani Olimpia Milano,1,5568,7,Stefano,Tonut,Ingresso,,,,,,,,,,False,0,
25600,361,2,03:48,372,29,27,1751,Armani Olimpia Milano,1,7405,10,Leandro,Bolmaro,Uscita,,,,,,,,,,False,0,360
25600,362,2,03:48,372,29,27,1767,Pallacanestro Trieste,0,1592,8,Lodovico,Deangeli,Uscita,,,,,,,,,,False,0,360
25600,363,2,03:48,372,29,27,1767,Pallacanestro Trieste,0,9390,25,Lajae,Jones,Ingresso,,,,,,,,,,False,0,360
25600,315,2,03:48,372,29,28,1767,Pallacanestro Trieste,0,6993,9,Langston,Galloway,Tiro libero segnato,,,,,,,,A,7,False,0,
25600,316,2,03:48,372,29,29,1767,Pallacanestro Trieste,0,6993,9,Langston,Galloway,Tiro libero segnato,,,,,,,,A,7,False,0,315
25600,317,2,03:37,383,29,29,1751,Armani Olimpia Milano,1,9031,2,R.J.,Cole,2 punti sbagliato,8,Da penetrazione,1003,tip-in appoggio canestro made,91,58,1,A,3,False,0,
25600,318,2,03:37,383,29,29,1751,Armani Olimpia Milano,1,854,0,Jason,Burnell,Rimbalzo offensivo,,,,,91,58,1,A,3,False,0,317
25600,319,2,03:37,383,31,29,1751,Armani Olimpia Milano,1,854,0,Jason,Burnell,2 punti segnato,7,Appoggio a canestro,,,91,58,1,A,3,True,0,
25600,320,2,03:30,390,31,31,1767,Pallacanestro Trieste,0,949,13,Francesco,Candussi,2 punti segnato,7,Appoggio a canestro,,,8,52,0,A,3,True,0,
25600,321,2,03:30,390,31,31,1767,Pallacanestro Trieste,0,6604,4,Colbey,Ross,Assist,,,,,8,52,0,A,3,False,0,320
25600,324,2,03:22,398,31,31,1767,Pallacanestro Trieste,0,949,13,Francesco,Candussi,Fallo commesso,100,personale,,,81,49,0,D,6,False,0,
25600,325,2,03:22,398,31,31,1751,Armani Olimpia Milano,1,854,0,Jason,Burnell,Fallo Subito,,,,,81,49,0,D,6,False,0,324
25600,326,2,03:22,398,31,31,1751,Armani Olimpia Milano,1,9031,2,R.J.,Cole,Uscita,,,,,,,,,,False,0,
25600,327,2,03:22,398,31,31,1751,Armani Olimpia Milano,1,5499,13,Darius,Thompson,Ingresso,,,,,,,,,,False,0,326
25600,328,2,03:05,415,31,31,1751,Armani Olimpia Milano,1,854,0,Jason,Burnell,2 punti sbagliato,7,Appoggio a canestro,,,91,53,1,A,3,False,0,
25600,329,2,03:05,415,31,31,1767,Pallacanestro Trieste,0,7007,30,Sean,McDermott,Rimbalzo difensivo,,,,,91,53,1,A,3,False,0,328
25600,330,2,02:56,424,31,31,1767,Pallacanestro Trieste,0,9390,25,Lajae,Jones,3 punti sbagliato,1,Tiro in sospensione,,,3,3,0,A,1,False,0,
25600,331,2,02:56,424,31,31,1751,Armani Olimpia Milano,1,854,0,Jason,Burnell,Rimbalzo difensivo,,,,,3,3,0,A,1,False,0,330
25600,332,2,02:48,432,34,31,1751,Armani Olimpia Milano,1,854,0,Jason,Burnell,3 punti segnato,1,Tiro in sospensione,,,78,8,1,A,10,False,0,
25600,333,2,02:48,432,34,31,1751,Armani Olimpia Milano,1,5568,7,Stefano,Tonut,Assist,,,,,78,8,1,A,10,False,0,332
25600,334,2,02:30,450,34,33,1767,Pallacanestro Trieste,0,6604,4,Colbey,Ross,2 punti segnato,8,Da penetrazione,,,8,55,0,A,3,True,0,
25600,335,2,02:16,464,34,33,1767,Pallacanestro Trieste,0,6604,4,Colbey,Ross,Fallo commesso,100,personale,,,72,31,0,D,7,False,0,
25600,336,2,02:16,464,34,33,1751,Armani Olimpia Milano,1,5499,13,Darius,Thompson,Fallo Subito,,,,,72,31,0,D,7,False,0,335
25600,337,2,02:16,464,35,33,1751,Armani Olimpia Milano,1,5499,13,Darius,Thompson,Tiro libero segnato,,,,,,,,A,7,False,0,
25600,338,2,02:16,464,36,33,1751,Armani Olimpia Milano,1,5499,13,Darius,Thompson,Tiro libero segnato,,,,,,,,A,7,False,0,337
25600,339,2,01:59,481,36,33,1767,Pallacanestro Trieste,0,6993,9,Langston,Galloway,2 punti sbagliato,7,Appoggio a canestro,,,6,41,0,A,3,False,0,
25600,340,2,01:59,481,36,33,1767,Pallacanestro Trieste,0,6993,9,Langston,Galloway,Rimbalzo offensivo,,,,,6,41,0,A,3,False,0,339
25600,341,2,01:55,485,36,33,1767,Pallacanestro Trieste,0,6993,9,Langston,Galloway,2 punti sbagliato,7,Appoggio a canestro,,,7,51,0,A,3,False,0,
25600,342,2,01:55,485,36,33,1767,Pallacanestro Trieste,0,949,13,Francesco,Candussi,Rimbalzo offensivo,,,,,7,51,0,A,3,False,0,341
25600,343,2,01:51,489,36,35,1767,Pallacanestro Trieste,0,949,13,Francesco,Candussi,2 punti segnato,7,Appoggio a canestro,,,8,53,0,A,3,True,0,
25600,344,2,01:31,509,36,35,1751,Armani Olimpia Milano,1,6156,22,Devon,Hall,3 punti sbagliato,1,Tiro in sospensione,,,82,8,1,A,10,False,0,
25600,345,2,01:31,509,36,35,1767,Pallacanestro Trieste,0,9390,25,Lajae,Jones,Rimbalzo difensivo,,,,,82,8,1,A,10,False,0,344
25600,346,2,01:24,516,36,35,1767,Pallacanestro Trieste,0,9390,25,Lajae,Jones,3 punti sbagliato,1,Tiro in sospensione,,,27,80,0,A,10,False,0,
25600,347,2,01:24,516,36,35,1751,Armani Olimpia Milano,1,6156,22,Devon,Hall,Rimbalzo difensivo,,,,,27,80,0,A,10,False,0,346
25600,348,2,01:01,539,36,35,1767,Pallacanestro Trieste,0,949,13,Francesco,Candussi,Fallo commesso,100,personale,,,76,67,0,D,7,False,0,
25600,349,2,01:01,539,36,35,1751,Armani Olimpia Milano,1,6156,22,Devon,Hall,Fallo Subito,,,,,76,67,0,D,7,False,0,348
25600,350,2,01:01,539,36,35,1767,Pallacanestro Trieste,0,1592,8,Lodovico,Deangeli,Ingresso,,,,,,,,,,False,0,
25600,351,2,01:01,539,36,35,1767,Pallacanestro Trieste,0,7007,30,Sean,McDermott,Uscita,,,,,,,,,,False,0,350
25600,352,2,01:01,539,37,35,1751,Armani Olimpia Milano,1,6156,22,Devon,Hall,Tiro libero segnato,,,,,,,,A,7,False,0,
25600,353,2,01:01,539,38,35,1751,Armani Olimpia Milano,1,6156,22,Devon,Hall,Tiro libero segnato,,,,,,,,A,7,False,0,352
25600,354,2,00:44,556,38,35,1751,Armani Olimpia Milano,1,5499,13,Darius,Thompson,Fallo commesso,103,tiro,,,9,55,1,D,3,False,0,
25600,355,2,00:44,556,38,35,1767,Pallacanestro Trieste,0,949,13,Francesco,Candussi,Fallo Subito,,,,,9,55,1,D,3,False,0,354
25600,356,2,00:44,556,38,36,1767,Pallacanestro Trieste,0,949,13,Francesco,Candussi,Tiro libero segnato,,,,,,,,A,7,False,0,
25600,357,2,00:44,556,38,37,1767,Pallacanestro Trieste,0,949,13,Francesco,Candussi,Tiro libero segnato,,,,,,,,A,7,False,0,356
25600,358,2,00:44,556,38,37,1767,Pallacanestro Trieste,0,1592,8,Lodovico,Deangeli,Assist,,,,,,,,,,False,0,356
25600,359,2,00:44,556,38,37,1751,Armani Olimpia Milano,1,,,,,Time Out,,,,,,,1,,,False,0,
25600,364,2,00:37,563,38,37,1751,Armani Olimpia Milano,1,6156,22,Devon,Hall,Palla persa,51,Palleggio,,,78,55,1,A,7,False,0,
25600,365,2,00:37,563,38,37,1767,Pallacanestro Trieste,0,6604,4,Colbey,Ross,Palla recuperata,,,,,78,55,1,A,7,False,0,364
25600,366,2,00:31,569,38,39,1767,Pallacanestro Trieste,0,6993,9,Langston,Galloway,2 punti segnato,7,Appoggio a canestro,500,contropiede,5,51,0,A,3,True,0,
25600,367,2,00:31,569,38,39,1767,Pallacanestro Trieste,0,6604,4,Colbey,Ross,Assist,,,500,contropiede,5,51,0,A,3,False,0,366
25600,368,2,00:07,593,38,39,1751,Armani Olimpia Milano,1,6156,22,Devon,Hall,3 punti sbagliato,1,Tiro in sospensione,,,68,62,1,A,9,False,0,
25600,369,2,00:07,593,38,39,1767,Pallacanestro Trieste,0,6993,9,Langston,Galloway,Rimbalzo difensivo,,,,,68,62,1,A,9,False,0,368
25600,370,2,00:03,597,38,39,1767,Pallacanestro Trieste,0,6993,9,Langston,Galloway,3 punti sbagliato,2,Tiro in corsa,1003,tip-in appoggio canestro made,42,65,0,A,9,False,0,
25600,371,2,00:03,597,38,39,1767,Pallacanestro Trieste,0,1592,8,Lodovico,Deangeli,Rimbalzo offensivo,,,,,42,65,0,A,9,False,0,370
25600,372,2,00:01,599,38,41,1767,Pallacanestro Trieste,0,1592,8,Lodovico,Deangeli,2 punti segnato,7,Appoggio a canestro,,,9,53,0,A,3,True,0,
25600,373,2,00:00,600,38,41,,,,,,,,Fine Tempo,,,,,,,,,,False,0,
25600,374,3,10:00,0,38,41,1751,Armani Olimpia Milano,1,9378,5,Moses,Wright,Ingresso,,,,,,,,,,False,0,
25600,375,3,10:00,0,38,41,1751,Armani Olimpia Milano,1,45,45,Nicola,Akele,Uscita,,,,,,,,,,False,0,374
25600,376,3,10:00,0,38,41,,,,,,,,Inizio Tempo,,,,,,,,,,False,0,
25600,377,3,09:48,12,38,41,1751,Armani Olimpia Milano,1,854,0,Jason,Burnell,Fallo commesso,103,tiro,,,92,49,0,D,3,False,0,
25600,378,3,09:48,12,38,41,1767,Pallacanestro Trieste,0,6604,4,Colbey,Ross,Fallo Subito,,,,,92,49,0,D,3,False,0,377
25600,379,3,09:48,12,38,41,1767,Pallacanestro Trieste,0,6604,4,Colbey,Ross,Tiro libero sbagliato,,,,,,,,A,7,False,0,
25600,380,3,09:48,12,38,42,1767,Pallacanestro Trieste,0,6604,4,Colbey,Ross,Tiro libero segnato,,,,,,,,A,7,False,0,379
25600,381,3,09:38,22,38,42,1767,Pallacanestro Trieste,0,9390,25,Lajae,Jones,Fallo commesso,100,personale,,,19,50,1,D,6,False,0,
25600,382,3,09:38,22,38,42,1751,Armani Olimpia Milano,1,854,0,Jason,Burnell,Fallo Subito,,,,,19,50,1,D,6,False,0,381
25600,383,3,09:23,37,38,42,1751,Armani Olimpia Milano,1,9378,5,Moses,Wright,2 punti sbagliato,8,Da penetrazione,1004,tip-in appoggio canestro miss,8,47,0,A,3,False,0,
25600,384,3,09:23,37,38,42,1751,Armani Olimpia Milano,1,854,0,Jason,Burnell,Rimbalzo offensivo,,,,,8,47,0,A,3,False,0,383
25600,385,3,09:23,37,38,42,1751,Armani Olimpia Milano,1,854,0,Jason,Burnell,2 punti sbagliato,7,Appoggio a canestro,,,8,47,0,A,3,False,0,
25600,386,3,09:23,37,38,42,1767,Pallacanestro Trieste,0,949,13,Francesco,Candussi,Rimbalzo difensivo,,,,,8,47,0,A,3,False,0,385
25600,387,3,09:09,51,38,45,1767,Pallacanestro Trieste,0,9390,25,Lajae,Jones,3 punti segnato,1,Tiro in sospensione,,,94,97,1,A,1,False,0,
25600,388,3,09:09,51,38,45,1767,Pallacanestro Trieste,0,6604,4,Colbey,Ross,Assist,,,,,94,97,1,A,1,False,0,387
25600,389,3,08:47,73,40,45,1751,Armani Olimpia Milano,1,9378,5,Moses,Wright,2 punti segnato,1,Tiro in sospensione,,,12,47,0,A,6,True,0,
25600,390,3,08:47,73,40,45,1751,Armani Olimpia Milano,1,854,0,Jason,Burnell,Assist,,,,,12,47,0,A,6,False,0,389
25600,391,3,08:33,87,40,48,1767,Pallacanestro Trieste,0,6993,9,Langston,Galloway,3 punti segnato,1,Tiro in sospensione,,,90,97,1,A,8,False,0,
25600,392,3,08:33,87,40,48,1767,Pallacanestro Trieste,0,1592,8,Lodovico,Deangeli,Assist,,,,,90,97,1,A,8,False,0,391
25600,393,3,08:22,98,42,48,1751,Armani Olimpia Milano,1,5499,13,Darius,Thompson,2 punti segnato,8,Da penetrazione,,,7,52,0,A,3,True,0,
25600,394,3,07:59,121,42,48,1767,Pallacanestro Trieste,0,6604,4,Colbey,Ross,Palla persa,50,Passaggio sbagliato,,,94,46,1,A,3,False,0,
25600,395,3,07:53,127,42,48,1751,Armani Olimpia Milano,1,5568,7,Stefano,Tonut,2 punti sbagliato,8,Da penetrazione,1001,tip-in schiacciata made,5,41,0,A,3,False,0,
25600,396,3,07:53,127,42,48,1751,Armani Olimpia Milano,1,854,0,Jason,Burnell,Rimbalzo offensivo,,,,,5,41,0,A,3,False,0,395
25600,397,3,07:53,127,44,48,1751,Armani Olimpia Milano,1,854,0,Jason,Burnell,2 punti segnato,9,Schiacciata,,,5,41,0,A,3,True,1,
25600,398,3,07:39,141,44,48,1767,Pallacanestro Trieste,0,9390,25,Lajae,Jones,2 punti sbagliato,8,Da penetrazione,,,94,57,1,A,3,False,0,
25600,399,3,07:39,141,44,48,1751,Armani Olimpia Milano,1,5568,7,Stefano,Tonut,Rimbalzo difensivo,,,,,94,57,1,A,3,False,0,398
25600,400,3,07:22,158,46,48,1751,Armani Olimpia Milano,1,854,0,Jason,Burnell,2 punti segnato,7,Appoggio a canestro,,,6,45,0,A,3,True,0,
25600,401,3,07:22,158,46,48,1751,Armani Olimpia Milano,1,5568,7,Stefano,Tonut,Assist,,,,,6,45,0,A,3,False,0,400
25600,402,3,06:57,183,46,48,1767,Pallacanestro Trieste,0,6604,4,Colbey,Ross,2 punti sbagliato,6,Arresto e tiro,,,79,51,1,A,7,False,0,
25600,403,3,06:57,183,46,48,1751,Armani Olimpia Milano,1,6156,22,Devon,Hall,Rimbalzo difensivo,,,,,79,51,1,A,7,False,0,402
25600,404,3,06:43,197,46,48,1751,Armani Olimpia Milano,1,854,0,Jason,Burnell,2 punti sbagliato,7,Appoggio a canestro,,,7,45,0,A,3,False,0,
25600,405,3,06:43,197,46,48,1751,Armani Olimpia Milano,1,854,0,Jason,Burnell,Rimbalzo offensivo,,,,,7,45,0,A,3,False,0,404
25600,406,3,06:43,197,46,48,1767,Pallacanestro Trieste,0,6604,4,Colbey,Ross,Fallo commesso,100,personale,,,8,48,1,D,3,False,0,
25600,407,3,06:43,197,46,48,1751,Armani Olimpia Milano,1,854,0,Jason,Burnell,Fallo Subito,,,,,8,48,1,D,3,False,0,406
25600,408,3,06:30,210,46,48,1751,Armani Olimpia Milano,1,5568,7,Stefano,Tonut,3 punti sbagliato,6,Arresto e tiro,,,33,65,0,A,9,False,0,
25600,409,3,06:30,210,46,48,1751,Armani Olimpia Milano,1,9378,5,Moses,Wright,Rimbalzo offensivo,,,,,33,65,0,A,9,False,0,408
25600,410,3,06:27,213,46,48,1767,Pallacanestro Trieste,0,1592,8,Lodovico,Deangeli,Fallo commesso,100,personale,,,8,52,1,D,3,False,0,
25600,411,3,06:27,213,46,48,1751,Armani Olimpia Milano,1,9378,5,Moses,Wright,Fallo Subito,,,,,8,52,1,D,3,False,0,410
25600,412,3,06:27,213,46,48,1767,Pallacanestro Trieste,0,9390,25,Lajae,Jones,Uscita,,,,,,,,,,False,0,
25600,413,3,06:27,213,46,48,1767,Pallacanestro Trieste,0,7007,30,Sean,McDermott,Ingresso,,,,,,,,,,False,0,412
25600,414,3,06:17,223,46,48,1751,Armani Olimpia Milano,1,854,0,Jason,Burnell,Palla persa,50,Passaggio sbagliato,,,26,74,0,A,7,False,0,
25600,415,3,06:17,223,46,48,1767,Pallacanestro Trieste,0,6993,9,Langston,Galloway,Palla recuperata,,,,,26,74,0,A,7,False,0,414
25600,416,3,06:15,225,46,48,1751,Armani Olimpia Milano,1,5499,13,Darius,Thompson,Fallo commesso,100,personale,,,67,49,0,D,9,False,0,
25600,417,3,06:15,225,46,48,1767,Pallacanestro Trieste,0,6993,9,Langston,Galloway,Fallo Subito,,,,,67,49,0,D,9,False,0,416
25600,418,3,06:09,231,46,48,1767,Pallacanestro Trieste,0,7007,30,Sean,McDermott,3 punti sbagliato,1,Tiro in sospensione,,,96,3,1,A,5,False,0,
25600,419,3,06:09,231,46,48,1751,Armani Olimpia Milano,1,5568,7,Stefano,Tonut,Rimbalzo difensivo,,,,,96,3,1,A,5,False,0,418
25600,420,3,05:54,246,46,48,1767,Pallacanestro Trieste,0,949,13,Francesco,Candussi,Fallo commesso,103,tiro,,,9,53,1,D,3,False,0,
25600,421,3,05:54,246,46,48,1751,Armani Olimpia Milano,1,9378,5,Moses,Wright,Fallo Subito,,,,,9,53,1,D,3,False,0,420
25600,422,3,05:54,246,47,48,1751,Armani Olimpia Milano,1,9378,5,Moses,Wright,Tiro libero segnato,,,,,,,,A,7,False,0,
25600,423,3,05:54,246,48,48,1751,Armani Olimpia Milano,1,9378,5,Moses,Wright,Tiro libero segnato,,,,,,,,A,7,False,0,422
25600,424,3,05:54,246,48,48,1751,Armani Olimpia Milano,1,5499,13,Darius,Thompson,Assist,,,,,,,,,,False,0,422
25600,425,3,05:34,266,48,48,1751,Armani Olimpia Milano,1,6156,22,Devon,Hall,Fallo commesso,100,personale,,,89,67,0,D,2,False,0,
25600,426,3,05:34,266,48,48,1767,Pallacanestro Trieste,0,949,13,Francesco,Candussi,Fallo Subito,,,,,89,67,0,D,2,False,0,425
25600,427,3,05:31,269,48,48,1767,Pallacanestro Trieste,0,6993,9,Langston,Galloway,Palla persa,50,Passaggio sbagliato,,,98,59,1,A,3,False,0,
25600,428,3,05:31,269,48,48,1767,Pallacanestro Trieste,0,6604,4,Colbey,Ross,Uscita,,,,,,,,,,False,0,
25600,429,3,05:31,269,48,48,1767,Pallacanestro Trieste,0,4890,10,Michele,Ruzzier,Ingresso,,,,,,,,,,False,0,428
25600,430,3,05:22,278,48,48,1751,Armani Olimpia Milano,1,9378,5,Moses,Wright,2 punti sbagliato,8,Da penetrazione,1004,tip-in appoggio canestro miss,7,46,0,A,3,False,0,
25600,431,3,05:22,278,48,48,1751,Armani Olimpia Milano,1,5499,13,Darius,Thompson,Rimbalzo offensivo,,,,,7,46,0,A,3,False,0,430
25600,432,3,05:22,278,48,48,1751,Armani Olimpia Milano,1,5499,13,Darius,Thompson,2 punti sbagliato,7,Appoggio a canestro,,,7,46,0,A,3,False,0,
25600,433,3,05:22,278,48,48,1767,Pallacanestro Trieste,0,949,13,Francesco,Candussi,Rimbalzo difensivo,,,,,7,46,0,A,3,False,0,432
25600,434,3,05:05,295,48,48,1767,Pallacanestro Trieste,0,1592,8,Lodovico,Deangeli,Palla persa,50,Passaggio sbagliato,,,96,34,1,A,4,False,0,
25600,435,3,05:05,295,48,48,1751,Armani Olimpia Milano,1,5568,7,Stefano,Tonut,Uscita,,,,,,,,,,False,0,
25600,436,3,05:05,295,48,48,1751,Armani Olimpia Milano,1,7405,10,Leandro,Bolmaro,Ingresso,,,,,,,,,,False,0,435
25600,437,3,04:43,317,51,48,1751,Armani Olimpia Milano,1,5499,13,Darius,Thompson,3 punti segnato,1,Tiro in sospensione,,,18,8,0,A,8,False,0,
25600,438,3,04:43,317,51,48,1751,Armani Olimpia Milano,1,854,0,Jason,Burnell,Assist,,,,,18,8,0,A,8,False,0,437
25600,439,3,04:25,335,51,48,1767,Pallacanestro Trieste,0,1592,8,Lodovico,Deangeli,3 punti sbagliato,1,Tiro in sospensione,,,78,89,1,A,8,False,0,
25600,440,3,04:25,335,51,48,1751,Armani Olimpia Milano,1,9378,5,Moses,Wright,Rimbalzo difensivo,,,,,78,89,1,A,8,False,0,439
25600,441,3,04:11,349,51,48,1751,Armani Olimpia Milano,1,854,0,Jason,Burnell,3 punti sbagliato,1,Tiro in sospensione,,,22,89,0,A,10,False,0,
25600,442,3,04:11,349,51,48,1767,Pallacanestro Trieste,0,949,13,Francesco,Candussi,Rimbalzo difensivo,,,,,22,89,0,A,10,False,0,441
25600,443,3,04:04,356,51,48,1751,Armani Olimpia Milano,1,6156,22,Devon,Hall,Fallo commesso,100,personale,,,96,89,0,D,2,False,0,
25600,444,3,04:04,356,51,48,1767,Pallacanestro Trieste,0,7007,30,Sean,McDermott,Fallo Subito,,,,,96,89,0,D,2,False,0,443
25600,445,3,04:04,356,51,48,1767,Pallacanestro Trieste,0,949,13,Francesco,Candussi,Uscita,,,,,,,,,,False,0,
25600,446,3,04:04,356,51,48,1767,Pallacanestro Trieste,0,9390,25,Lajae,Jones,Ingresso,,,,,,,,,,False,0,445
25600,447,3,04:04,356,51,48,1751,Armani Olimpia Milano,1,9031,2,R.J.,Cole,Ingresso,,,,,,,,,,False,0,
25600,448,3,04:04,356,51,48,1751,Armani Olimpia Milano,1,6156,22,Devon,Hall,Uscita,,,,,,,,,,False,0,447
25600,449,3,03:55,365,51,51,1767,Pallacanestro Trieste,0,9390,25,Lajae,Jones,3 punti segnato,1,Tiro in sospensione,,,76,83,1,A,8,False,0,
25600,450,3,03:55,365,51,51,1767,Pallacanestro Trieste,0,4890,10,Michele,Ruzzier,Assist,,,,,76,83,1,A,8,False,0,449
25600,451,3,03:48,372,51,51,1767,Pallacanestro Trieste,0,9390,25,Lajae,Jones,Fallo commesso,100,personale,,,29,31,1,D,9,False,0,
25600,452,3,03:48,372,51,51,1751,Armani Olimpia Milano,1,854,0,Jason,Burnell,Fallo Subito,,,,,29,31,1,D,9,False,0,451
25600,453,3,03:48,372,52,51,1751,Armani Olimpia Milano,1,854,0,Jason,Burnell,Tiro libero segnato,,,,,,,,A,7,False,0,
25600,454,3,03:48,372,53,51,1751,Armani Olimpia Milano,1,854,0,Jason,Burnell,Tiro libero segnato,,,,,,,,A,7,False,0,453
25600,455,3,03:48,372,53,51,1751,Armani Olimpia Milano,1,854,0,Jason,Burnell,Uscita,,,,,,,,,,False,0,
25600,456,3,03:48,372,53,51,1751,Armani Olimpia Milano,1,4692,17,Giampaolo,Ricci,Ingresso,,,,,,,,,,False,0,455
25600,457,3,03:22,398,53,53,1767,Pallacanestro Trieste,0,9390,25,Lajae,Jones,2 punti segnato,7,Appoggio a canestro,,,93,54,1,A,3,True,0,
25600,458,3,03:22,398,53,53,1767,Pallacanestro Trieste,0,6993,9,Langston,Galloway,Assist,,,,,93,54,1,A,3,False,0,457
25600,459,3,03:05,415,55,53,1751,Armani Olimpia Milano,1,7405,10,Leandro,Bolmaro,2 punti segnato,8,Da penetrazione,,,6,54,0,A,3,True,0,
25600,460,3,02:59,421,55,53,1767,Pallacanestro Trieste,0,6993,9,Langston,Galloway,Palla persa,51,Palleggio,,,75,75,1,A,7,False,0,
25600,461,3,02:59,421,55,53,1751,Armani Olimpia Milano,1,5499,13,Darius,Thompson,Palla recuperata,,,,,75,75,1,A,7,False,0,460
25600,462,3,02:51,429,57,53,1751,Armani Olimpia Milano,1,9378,5,Moses,Wright,2 punti segnato,7,Appoggio a canestro,500,contropiede,7,53,0,A,3,True,0,
25600,463,3,02:51,429,57,53,1751,Armani Olimpia Milano,1,7405,10,Leandro,Bolmaro,Assist,,,500,contropiede,7,53,0,A,3,False,0,462
25600,464,3,02:28,452,57,53,1767,Pallacanestro Trieste,0,4890,10,Michele,Ruzzier,3 punti sbagliato,1,Tiro in sospensione,,,66,51,1,A,9,False,0,
25600,465,3,02:28,452,57,53,1767,Pallacanestro Trieste,0,9390,25,Lajae,Jones,Rimbalzo offensivo,,,,,66,51,1,A,9,False,0,464
25600,466,3,02:21,459,57,55,1767,Pallacanestro Trieste,0,9390,25,Lajae,Jones,2 punti segnato,2,Tiro in corsa,,,90,56,1,A,6,True,0,
25600,467,3,02:03,477,57,55,1751,Armani Olimpia Milano,1,4692,17,Giampaolo,Ricci,3 punti sbagliato,1,Tiro in sospensione,,,5,98,0,A,5,False,0,
25600,468,3,02:03,477,57,55,1767,Pallacanestro Trieste,0,7007,30,Sean,McDermott,Rimbalzo difensivo,,,,,5,98,0,A,5,False,0,467
25600,469,3,01:56,484,57,55,1767,Pallacanestro Trieste,0,9390,25,Lajae,Jones,3 punti sbagliato,6,Arresto e tiro,,,77,87,1,A,8,False,0,
25600,470,3,01:56,484,57,55,1767,Pallacanestro Trieste,0,7007,30,Sean,McDermott,Rimbalzo offensivo,,,,,77,87,1,A,8,False,0,469
25600,471,3,01:50,490,57,55,1767,Pallacanestro Trieste,0,6993,9,Langston,Galloway,2 punti sbagliato,2,Tiro in corsa,,,83,46,1,A,6,False,0,
25600,472,3,01:50,490,57,55,1751,Armani Olimpia Milano,1,4692,17,Giampaolo,Ricci,Rimbalzo difensivo,,,,,83,46,1,A,6,False,0,471
25600,473,3,01:42,498,57,55,1751,Armani Olimpia Milano,1,7405,10,Leandro,Bolmaro,Palla persa,51,Palleggio,,,12,49,0,A,6,False,0,
25600,474,3,01:42,498,57,55,1767,Pallacanestro Trieste,0,7007,30,Sean,McDermott,Palla recuperata,,,,,12,49,0,A,6,False,0,473
25600,475,3,01:36,504,57,55,1767,Pallacanestro Trieste,0,7007,30,Sean,McDermott,2 punti sbagliato,8,Da penetrazione,1005,stoppata,94,43,1,A,3,False,0,
25600,476,3,01:36,504,57,55,1751,Armani Olimpia Milano,1,4692,17,Giampaolo,Ricci,Stoppata,,,,,94,43,1,A,3,False,0,475
25600,477,3,01:36,504,57,55,1767,Pallacanestro Trieste,0,7007,30,Sean,McDermott,Stoppata subita,,,,,94,43,1,A,3,False,0,475
25600,478,3,01:36,504,57,55,1767,Pallacanestro Trieste,0,,,,,Rimbalzi offensivi di squadra,,,,,94,43,1,A,3,False,0,475
25600,479,3,01:36,504,57,55,1751,Armani Olimpia Milano,1,9378,5,Moses,Wright,Uscita,,,,,,,,,,False,0,
25600,480,3,01:36,504,57,55,1751,Armani Olimpia Milano,1,1775,6,Ousmane,Diop,Ingresso,,,,,,,,,,False,0,479
25600,481,3,01:36,504,57,55,1751,Armani Olimpia Milano,1,5499,13,Darius,Thompson,Uscita,,,,,,,,,,False,0,479
25600,482,3,01:36,504,57,55,1751,Armani Olimpia Milano,1,2103,21,Diego,Flaccadori,Ingresso,,,,,,,,,,False,0,479
25600,483,3,01:36,504,57,55,1767,Pallacanestro Trieste,0,6604,4,Colbey,Ross,Ingresso,,,,,,,,,,False,0,479
25600,484,3,01:36,504,57,55,1767,Pallacanestro Trieste,0,1592,8,Lodovico,Deangeli,Uscita,,,,,,,,,,False,0,479
25600,485,3,01:36,504,57,55,1767,Pallacanestro Trieste,0,6993,9,Langston,Galloway,Uscita,,,,,,,,,,False,0,479
25600,486,3,01:36,504,57,55,1767,Pallacanestro Trieste,0,949,13,Francesco,Candussi,Ingresso,,,,,,,,,,False,0,479
25600,487,3,01:21,519,57,58,1767,Pallacanestro Trieste,0,7007,30,Sean,McDermott,3 punti segnato,1,Tiro in sospensione,,,74,11,1,A,10,False,0,
25600,488,3,01:21,519,57,58,1767,Pallacanestro Trieste,0,6604,4,Colbey,Ross,Assist,,,,,74,11,1,A,10,False,0,487
25600,489,3,00:59,541,57,58,1751,Armani Olimpia Milano,1,7405,10,Leandro,Bolmaro,Palla persa,51,Palleggio,,,7,47,0,A,3,False,0,
25600,490,3,00:39,561,57,61,1767,Pallacanestro Trieste,0,6604,4,Colbey,Ross,3 punti segnato,6,Arresto e tiro,,,67,53,1,A,9,False,0,
25600,491,3,00:16,584,57,61,1751,Armani Olimpia Milano,1,7405,10,Leandro,Bolmaro,Palla persa,50,Passaggio sbagliato,,,29,39,0,A,7,False,0,
25600,492,3,00:16,584,57,61,1767,Pallacanestro Trieste,0,6604,4,Colbey,Ross,Palla recuperata,,,,,29,39,0,A,7,False,0,491
25600,493,3,00:00,600,57,64,1767,Pallacanestro Trieste,0,6604,4,Colbey,Ross,3 punti segnato,6,Arresto e tiro,,,62,52,1,A,9,False,0,
25600,494,3,00:00,600,57,64,,,,,,,,Fine Tempo,,,,,,,,,,False,0,
25600,495,4,10:00,0,57,64,1767,Pallacanestro Trieste,0,1592,8,Lodovico,Deangeli,Ingresso,,,,,,,,,,False,0,
25600,496,4,10:00,0,57,64,1767,Pallacanestro Trieste,0,9390,25,Lajae,Jones,Uscita,,,,,,,,,,False,0,495
25600,497,4,10:00,0,57,64,,,,,,,,Inizio Tempo,,,,,,,,,,False,0,
25600,498,4,09:45,15,59,64,1751,Armani Olimpia Milano,1,2103,21,Diego,Flaccadori,2 punti segnato,7,Appoggio a canestro,,,6,50,0,A,3,True,0,
25600,499,4,09:45,15,59,64,1751,Armani Olimpia Milano,1,1775,6,Ousmane,Diop,Assist,,,,,6,50,0,A,3,False,0,498
25600,500,4,09:25,35,59,64,1751,Armani Olimpia Milano,1,9031,2,R.J.,Cole,Fallo commesso,100,personale,,,86,68,0,D,2,False,0,
25600,501,4,09:25,35,59,64,1767,Pallacanestro Trieste,0,949,13,Francesco,Candussi,Fallo Subito,,,,,86,68,0,D,2,False,0,500
25600,502,4,09:14,46,59,64,1751,Armani Olimpia Milano,1,1775,6,Ousmane,Diop,Fallo commesso,100,personale,,,69,59,0,D,9,False,0,
25600,503,4,09:14,46,59,64,1767,Pallacanestro Trieste,0,6604,4,Colbey,Ross,Fallo Subito,,,,,69,59,0,D,9,False,0,502
25600,504,4,09:03,57,59,64,1767,Pallacanestro Trieste,0,7007,30,Sean,McDermott,3 punti sbagliato,1,Tiro in sospensione,,,94,97,1,A,1,False,0,
25600,505,4,09:03,57,59,64,1751,Armani Olimpia Milano,1,7405,10,Leandro,Bolmaro,Rimbalzo difensivo,,,,,94,97,1,A,1,False,0,504
25600,506,4,08:48,72,61,64,1751,Armani Olimpia Milano,1,7405,10,Leandro,Bolmaro,2 punti segnato,6,Arresto e tiro,,,19,63,0,A,4,True,0,
25600,507,4,08:25,95,61,66,1767,Pallacanestro Trieste,0,7007,30,Sean,McDermott,2 punti segnato,8,Da penetrazione,,,94,46,1,A,3,True,0,
25600,508,4,08:12,108,61,66,1751,Armani Olimpia Milano,1,9031,2,R.J.,Cole,2 punti sbagliato,6,Arresto e tiro,,,11,36,0,A,2,False,0,
25600,509,4,08:12,108,61,66,1767,Pallacanestro Trieste,0,7007,30,Sean,McDermott,Rimbalzo difensivo,,,,,11,36,0,A,2,False,0,508
25600,510,4,08:09,111,61,66,1751,Armani Olimpia Milano,1,4692,17,Giampaolo,Ricci,Fallo commesso,100,personale,,,70,76,0,D,8,False,0,
25600,511,4,08:09,111,61,66,1767,Pallacanestro Trieste,0,6604,4,Colbey,Ross,Fallo Subito,,,,,70,76,1,A,8,False,0,510
25600,512,4,07:58,122,61,66,1767,Pallacanestro Trieste,0,949,13,Francesco,Candussi,3 punti sbagliato,1,Tiro in sospensione,,,80,91,1,A,8,False,0,
25600,513,4,07:58,122,61,66,1751,Armani Olimpia Milano,1,7405,10,Leandro,Bolmaro,Rimbalzo difensivo,,,,,80,91,1,A,8,False,0,512
25600,514,4,07:43,137,61,66,1751,Armani Olimpia Milano,1,1775,6,Ousmane,Diop,2 punti sbagliato,8,Da penetrazione,,,5,57,0,A,3,False,0,
25600,515,4,07:43,137,61,66,1751,Armani Olimpia Milano,1,1775,6,Ousmane,Diop,Rimbalzo offensivo,,,,,5,57,0,A,3,False,0,514
25600,516,4,07:39,141,61,66,1751,Armani Olimpia Milano,1,1775,6,Ousmane,Diop,2 punti sbagliato,7,Appoggio a canestro,1005,stoppata,5,63,0,A,4,False,0,
25600,517,4,07:39,141,61,66,1767,Pallacanestro Trieste,0,1592,8,Lodovico,Deangeli,Stoppata,,,,,5,63,0,A,4,False,0,516
25600,518,4,07:39,141,61,66,1751,Armani Olimpia Milano,1,1775,6,Ousmane,Diop,Stoppata subita,,,,,5,63,0,A,4,False,0,516
25600,519,4,07:39,141,61,66,1767,Pallacanestro Trieste,0,6604,4,Colbey,Ross,Rimbalzo difensivo,,,,,5,63,0,A,4,False,0,516
25600,520,4,07:39,141,61,66,1751,Armani Olimpia Milano,1,4692,17,Giampaolo,Ricci,Fallo commesso,100,personale,,,75,80,0,D,8,False,0,
25600,521,4,07:39,141,61,66,1767,Pallacanestro Trieste,0,6604,4,Colbey,Ross,Fallo Subito,,,,,75,80,1,A,8,False,0,520
25600,531,4,07:39,141,61,66,1751,Armani Olimpia Milano,1,854,0,Jason,Burnell,Ingresso,,,,,,,,,,False,0,
25600,532,4,07:39,141,61,66,1751,Armani Olimpia Milano,1,9378,5,Moses,Wright,Ingresso,,,,,,,,,,False,0,531
25600,533,4,07:39,141,61,66,1751,Armani Olimpia Milano,1,1775,6,Ousmane,Diop,Uscita,,,,,,,,,,False,0,531
25600,534,4,07:39,141,61,66,1751,Armani Olimpia Milano,1,4692,17,Giampaolo,Ricci,Uscita,,,,,,,,,,False,0,531
25600,526,4,07:24,156,61,66,1767,Pallacanestro Trieste,0,1592,8,Lodovico,Deangeli,3 punti sbagliato,1,Tiro in sospensione,,,96,3,1,A,5,False,0,
25600,527,4,07:24,156,61,66,1751,Armani Olimpia Milano,1,854,0,Jason,Burnell,Rimbalzo difensivo,,,,,96,3,1,A,5,False,0,526
25600,528,4,07:13,167,64,66,1751,Armani Olimpia Milano,1,9031,2,R.J.,Cole,3 punti segnato,1,Tiro in sospensione,,,6,97,0,A,5,False,0,
25600,529,4,07:13,167,64,66,1751,Armani Olimpia Milano,1,9378,5,Moses,Wright,Assist,,,,,6,97,0,A,5,False,0,528
25600,530,4,07:13,167,64,66,1767,Pallacanestro Trieste,0,,,,,Time Out,,,,,,,1,,,False,0,
25600,535,4,06:57,183,64,66,1767,Pallacanestro Trieste,0,949,13,Francesco,Candussi,3 punti sbagliato,1,Tiro in sospensione,,,68,56,1,A,9,False,0,
25600,536,4,06:57,183,64,66,1751,Armani Olimpia Milano,1,854,0,Jason,Burnell,Rimbalzo difensivo,,,,,68,56,1,A,9,False,0,535
25600,537,4,06:38,202,64,66,1767,Pallacanestro Trieste,0,6604,4,Colbey,Ross,Fallo commesso,103,tiro,,,8,53,1,D,3,False,0,
25600,538,4,06:38,202,64,66,1751,Armani Olimpia Milano,1,2103,21,Diego,Flaccadori,Fallo Subito,,,,,8,53,1,D,3,False,0,537
25600,539,4,06:38,202,64,66,1767,Pallacanestro Trieste,0,6604,4,Colbey,Ross,Uscita,,,,,,,,,,False,0,
25600,540,4,06:38,202,64,66,1767,Pallacanestro Trieste,0,6993,9,Langston,Galloway,Ingresso,,,,,,,,,,False,0,539
25600,541,4,06:38,202,64,66,1751,Armani Olimpia Milano,1,2103,21,Diego,Flaccadori,Tiro libero sbagliato,,,,,,,,A,7,False,0,
25600,542,4,06:38,202,64,66,1751,Armani Olimpia Milano,1,2103,21,Diego,Flaccadori,Tiro libero sbagliato,,,,,,,,A,7,False,0,541
25600,543,4,06:38,202,64,66,1767,Pallacanestro Trieste,0,7007,30,Sean,McDermott,Rimbalzo difensivo,,,,,,,,,,False,0,541
25600,544,4,06:22,218,64,66,1751,Armani Olimpia Milano,1,9031,2,R.J.,Cole,Fallo commesso,100,personale,,,91,33,0,D,4,False,0,
25600,545,4,06:22,218,64,66,1767,Pallacanestro Trieste,0,949,13,Francesco,Candussi,Fallo Subito,,,,,91,33,0,D,4,False,0,544
25600,546,4,06:22,218,64,66,1751,Armani Olimpia Milano,1,2103,21,Diego,Flaccadori,Uscita,,,,,,,,,,False,0,
25600,547,4,06:22,218,64,66,1751,Armani Olimpia Milano,1,6156,22,Devon,Hall,Ingresso,,,,,,,,,,False,0,546
25600,548,4,06:22,218,64,67,1767,Pallacanestro Trieste,0,949,13,Francesco,Candussi,Tiro libero segnato,,,,,,,,A,7,False,0,
25600,549,4,06:22,218,64,68,1767,Pallacanestro Trieste,0,949,13,Francesco,Candussi,Tiro libero segnato,,,,,,,,A,7,False,0,548
25600,550,4,06:22,218,64,68,1767,Pallacanestro Trieste,0,949,13,Francesco,Candussi,Uscita,,,,,,,,,,False,0,
25600,551,4,06:22,218,64,68,1767,Pallacanestro Trieste,0,9390,25,Lajae,Jones,Ingresso,,,,,,,,,,False,0,550
25600,552,4,06:05,235,64,68,1751,Armani Olimpia Milano,1,854,0,Jason,Burnell,3 punti sbagliato,1,Tiro in sospensione,,,4,97,0,A,5,False,0,
25600,553,4,06:05,235,64,68,1751,Armani Olimpia Milano,1,9378,5,Moses,Wright,Rimbalzo offensivo,,,,,4,97,0,A,5,False,0,552
25600,554,4,06:00,240,64,68,1751,Armani Olimpia Milano,1,9031,2,R.J.,Cole,2 punti sbagliato,7,Appoggio a canestro,,,12,52,0,A,6,False,0,
25600,555,4,06:00,240,64,68,1751,Armani Olimpia Milano,1,9378,5,Moses,Wright,Rimbalzo offensivo,,,,,12,52,0,A,6,False,0,554
25600,556,4,05:55,245,66,68,1751,Armani Olimpia Milano,1,9378,5,Moses,Wright,2 punti segnato,7,Appoggio a canestro,,,10,57,0,A,6,True,0,
25600,557,4,05:43,257,66,68,1767,Pallacanestro Trieste,0,9390,25,Lajae,Jones,Palla persa,51,Palleggio,,,93,65,1,A,2,False,0,
25600,558,4,05:23,277,66,68,1751,Armani Olimpia Milano,1,9378,5,Moses,Wright,2 punti sbagliato,7,Appoggio a canestro,1005,stoppata,6,59,0,A,3,False,0,
25600,559,4,05:23,277,66,68,1767,Pallacanestro Trieste,0,9390,25,Lajae,Jones,Stoppata,,,,,6,59,0,A,3,False,0,558
25600,560,4,05:23,277,66,68,1751,Armani Olimpia Milano,1,9378,5,Moses,Wright,Stoppata subita,,,,,6,59,0,A,3,False,0,558
25600,561,4,05:23,277,66,68,1767,Pallacanestro Trieste,0,6993,9,Langston,Galloway,Rimbalzo difensivo,,,,,6,59,0,A,3,False,0,558
25600,562,4,05:10,290,66,68,1767,Pallacanestro Trieste,0,9390,25,Lajae,Jones,Fallo commesso,106,offensivo,,,71,68,1,A,9,False,0,
25600,563,4,05:10,290,66,68,1767,Pallacanestro Trieste,0,9390,25,Lajae,Jones,Palla persa,,,,,71,68,1,A,9,False,0,562
25600,564,4,05:10,290,66,68,1751,Armani Olimpia Milano,1,9378,5,Moses,Wright,Fallo Subito,,,,,71,68,1,A,9,False,0,562
25600,565,4,05:10,290,66,68,1767,Pallacanestro Trieste,0,949,13,Francesco,Candussi,Ingresso,,,,,,,,,,False,0,
25600,566,4,05:10,290,66,68,1767,Pallacanestro Trieste,0,9390,25,Lajae,Jones,Uscita,,,,,,,,,,False,0,565
25600,567,4,04:51,309,68,68,1751,Armani Olimpia Milano,1,6156,22,Devon,Hall,2 punti segnato,7,Appoggio a canestro,,,5,46,0,A,3,True,0,
25600,568,4,04:33,327,68,68,1751,Armani Olimpia Milano,1,7405,10,Leandro,Bolmaro,Fallo commesso,100,personale,,,65,53,0,D,9,False,0,
25600,569,4,04:33,327,68,68,1767,Pallacanestro Trieste,0,4890,10,Michele,Ruzzier,Fallo Subito,,,,,65,53,0,D,9,False,0,568
25600,570,4,04:33,327,68,69,1767,Pallacanestro Trieste,0,4890,10,Michele,Ruzzier,Tiro libero segnato,,,,,,,,A,7,False,0,
25600,571,4,04:33,327,68,70,1767,Pallacanestro Trieste,0,4890,10,Michele,Ruzzier,Tiro libero segnato,,,,,,,,A,7,False,0,570
25600,572,4,04:22,338,70,70,1751,Armani Olimpia Milano,1,7405,10,Leandro,Bolmaro,2 punti segnato,8,Da penetrazione,,,9,59,0,A,3,True,0,
25600,573,4,03:59,361,70,70,1767,Pallacanestro Trieste,0,7007,30,Sean,McDermott,3 punti sbagliato,1,Tiro in sospensione,,,68,60,1,A,9,False,0,
25600,574,4,03:59,361,70,70,1751,Armani Olimpia Milano,1,854,0,Jason,Burnell,Rimbalzo difensivo,,,,,68,60,1,A,9,False,0,573
25600,575,4,03:39,381,72,70,1751,Armani Olimpia Milano,1,9378,5,Moses,Wright,2 punti segnato,4,Giro e Tiro,,,9,57,0,A,3,True,0,
25600,576,4,03:39,381,72,70,1751,Armani Olimpia Milano,1,6156,22,Devon,Hall,Assist,,,,,9,57,0,A,3,False,0,575
25600,577,4,03:22,398,72,70,1767,Pallacanestro Trieste,0,6993,9,Langston,Galloway,2 punti sbagliato,3,Tiro in fadeaway,,,80,65,1,A,2,False,0,
25600,578,4,03:22,398,72,70,1751,Armani Olimpia Milano,1,7405,10,Leandro,Bolmaro,Rimbalzo difensivo,,,,,80,65,1,A,2,False,0,577
25600,579,4,02:56,424,75,70,1751,Armani Olimpia Milano,1,6156,22,Devon,Hall,3 punti segnato,1,Tiro in sospensione,,,18,92,0,A,10,False,0,
25600,580,4,02:56,424,75,70,1751,Armani Olimpia Milano,1,9031,2,R.J.,Cole,Assist,,,,,18,92,0,A,10,False,0,579
25600,581,4,02:56,424,75,70,1767,Pallacanestro Trieste,0,,,,,Time Out,,,,,,,1,,,False,0,
25600,582,4,02:56,424,75,70,1767,Pallacanestro Trieste,0,6604,4,Colbey,Ross,Ingresso,,,,,,,,,,False,0,
25600,583,4,02:56,424,75,70,1767,Pallacanestro Trieste,0,4890,10,Michele,Ruzzier,Uscita,,,,,,,,,,False,0,582
25600,584,4,02:36,444,75,70,1767,Pallacanestro Trieste,0,6993,9,Langston,Galloway,3 punti sbagliato,1,Tiro in sospensione,,,75,85,1,A,8,False,0,
25600,585,4,02:36,444,75,70,1751,Armani Olimpia Milano,1,854,0,Jason,Burnell,Rimbalzo difensivo,,,,,75,85,1,A,8,False,0,584
25600,586,4,02:18,462,75,70,1767,Pallacanestro Trieste,0,1592,8,Lodovico,Deangeli,Fallo commesso,100,personale,,,11,49,1,D,6,False,0,
25600,587,4,02:18,462,75,70,1751,Armani Olimpia Milano,1,9378,5,Moses,Wright,Fallo Subito,,,,,11,49,1,D,6,False,0,586
25600,588,4,02:18,462,75,70,1751,Armani Olimpia Milano,1,5568,7,Stefano,Tonut,Ingresso,,,,,,,,,,False,0,
25600,589,4,02:18,462,75,70,1751,Armani Olimpia Milano,1,7405,10,Leandro,Bolmaro,Uscita,,,,,,,,,,False,0,588
25600,590,4,02:03,477,78,70,1751,Armani Olimpia Milano,1,854,0,Jason,Burnell,3 punti segnato,1,Tiro in sospensione,,,21,12,0,A,8,False,0,
25600,591,4,02:03,477,78,70,1751,Armani Olimpia Milano,1,5568,7,Stefano,Tonut,Assist,,,,,21,12,0,A,8,False,0,590
25600,592,4,01:47,493,78,70,1767,Pallacanestro Trieste,0,949,13,Francesco,Candussi,2 punti sbagliato,11,Gancio,,,95,65,1,A,2,False,0,
25600,593,4,01:47,493,78,70,1751,Armani Olimpia Milano,1,854,0,Jason,Burnell,Rimbalzo difensivo,,,,,95,65,1,A,2,False,0,592
25600,594,4,01:44,496,78,70,1767,Pallacanestro Trieste,0,7007,30,Sean,McDermott,Fallo commesso,100,personale,,,88,47,1,A,6,False,0,
25600,595,4,01:44,496,78,70,1751,Armani Olimpia Milano,1,9031,2,R.J.,Cole,Fallo Subito,,,,,88,47,1,A,6,False,0,594
25600,596,4,01:44,496,78,70,1751,Armani Olimpia Milano,1,5568,7,Stefano,Tonut,Uscita,,,,,,,,,,False,0,
25600,597,4,01:44,496,78,70,1751,Armani Olimpia Milano,1,7405,10,Leandro,Bolmaro,Ingresso,,,,,,,,,,False,0,596
25600,598,4,01:24,516,78,70,1751,Armani Olimpia Milano,1,6156,22,Devon,Hall,3 punti sbagliato,1,Tiro in sospensione,,,29,83,0,A,10,False,0,
25600,599,4,01:24,516,78,70,1767,Pallacanestro Trieste,0,7007,30,Sean,McDermott,Rimbalzo difensivo,,,,,29,83,0,A,10,False,0,598
25600,600,4,00:58,542,78,73,1767,Pallacanestro Trieste,0,1592,8,Lodovico,Deangeli,3 punti segnato,6,Arresto e tiro,,,91,98,1,A,1,False,0,
25600,601,4,00:58,542,78,73,1767,Pallacanestro Trieste,0,6604,4,Colbey,Ross,Assist,,,,,91,98,1,A,1,False,0,600
25600,602,4,00:39,561,78,73,1751,Armani Olimpia Milano,1,9378,5,Moses,Wright,2 punti sbagliato,8,Da penetrazione,,,7,59,0,A,3,False,0,
25600,603,4,00:39,561,78,73,1751,Armani Olimpia Milano,1,9378,5,Moses,Wright,Rimbalzo offensivo,,,,,7,59,0,A,3,False,0,602
25600,604,4,00:39,561,78,73,1751,Armani Olimpia Milano,1,9378,5,Moses,Wright,Palla persa,51,Palleggio,,,19,50,0,A,6,False,0,
25600,605,4,00:39,561,78,73,1767,Pallacanestro Trieste,0,949,13,Francesco,Candussi,Palla recuperata,,,,,19,50,0,A,6,False,0,604
25600,606,4,00:31,569,78,75,1767,Pallacanestro Trieste,0,6993,9,Langston,Galloway,2 punti segnato,8,Da penetrazione,,,92,50,1,A,3,True,0,
25600,607,4,00:11,589,78,75,1767,Pallacanestro Trieste,0,6604,4,Colbey,Ross,Fallo commesso,100,personale,,,28,32,1,D,7,False,0,
25600,608,4,00:11,589,78,75,1751,Armani Olimpia Milano,1,7405,10,Leandro,Bolmaro,Fallo Subito,,,,,28,32,1,D,7,False,0,607
25600,609,4,00:11,589,78,75,1767,Pallacanestro Trieste,0,6604,4,Colbey,Ross,Uscita,,,,,,,,,,False,0,
25600,610,4,00:11,589,78,75,1767,Pallacanestro Trieste,0,4890,10,Michele,Ruzzier,Ingresso,,,,,,,,,,False,0,609
25600,611,4,00:11,589,78,75,1751,Armani Olimpia Milano,1,7405,10,Leandro,Bolmaro,Tiro libero sbagliato,,,,,,,,A,7,False,0,
25600,612,4,00:11,589,79,75,1751,Armani Olimpia Milano,1,7405,10,Leandro,Bolmaro,Tiro libero segnato,,,,,,,,A,7,False,0,611
25600,613,4,00:11,589,79,75,1767,Pallacanestro Trieste,0,,,,,Time Out,,,,,,,1,,,False,0,
25600,614,4,00:11,589,79,75,1751,Armani Olimpia Milano,1,9031,2,R.J.,Cole,Uscita,,,,,,,,,,False,0,
25600,615,4,00:11,589,79,75,1751,Armani Olimpia Milano,1,5568,7,Stefano,Tonut,Ingresso,,,,,,,,,,False,0,614
25600,616,4,00:09,591,79,78,1767,Pallacanestro Trieste,0,6993,9,Langston,Galloway,3 punti segnato,1,Tiro in sospensione,,,95,97,1,A,1,False,0,
25600,617,4,00:09,591,79,78,1767,Pallacanestro Trieste,0,4890,10,Michele,Ruzzier,Assist,,,,,95,97,1,A,1,False,0,616
25600,618,4,00:09,591,79,78,1751,Armani Olimpia Milano,1,,,,,Time Out,,,,,,,0,,,False,0,
25600,619,4,00:09,591,79,78,1751,Armani Olimpia Milano,1,9031,2,R.J.,Cole,Ingresso,,,,,,,,,,False,0,
25600,620,4,00:09,591,79,78,1751,Armani Olimpia Milano,1,5568,7,Stefano,Tonut,Uscita,,,,,,,,,,False,0,619
25600,621,4,00:05,595,79,78,1767,Pallacanestro Trieste,0,4890,10,Michele,Ruzzier,Fallo commesso,100,personale,,,38,23,1,D,8,False,0,
25600,622,4,00:05,595,79,78,1751,Armani Olimpia Milano,1,7405,10,Leandro,Bolmaro,Fallo Subito,,,,,38,23,1,D,8,False,0,621
25600,623,4,00:05,595,80,78,1751,Armani Olimpia Milano,1,7405,10,Leandro,Bolmaro,Tiro libero segnato,,,,,,,,A,7,False,0,
25600,624,4,00:05,595,81,78,1751,Armani Olimpia Milano,1,7405,10,Leandro,Bolmaro,Tiro libero segnato,,,,,,,,A,7,False,0,623
25600,625,4,00:04,596,81,78,1751,Armani Olimpia Milano,1,9031,2,R.J.,Cole,Fallo commesso,100,personale,,,33,19,0,A,8,False,0,
25600,626,4,00:04,596,81,78,1767,Pallacanestro Trieste,0,4890,10,Michele,Ruzzier,Fallo Subito,,,,,33,19,0,A,8,False,0,625
25600,627,4,00:04,596,81,78,1751,Armani Olimpia Milano,1,9031,2,R.J.,Cole,Uscita,,,,,,,,,,False,0,
25600,628,4,00:04,596,81,78,1751,Armani Olimpia Milano,1,4692,17,Giampaolo,Ricci,Ingresso,,,,,,,,,,False,0,627
25600,629,4,00:04,596,81,79,1767,Pallacanestro Trieste,0,4890,10,Michele,Ruzzier,Tiro libero segnato,,,,,,,,A,7,False,0,
25600,630,4,00:04,596,81,79,1767,Pallacanestro Trieste,0,4890,10,Michele,Ruzzier,Tiro libero sbagliato,,,,,,,,A,7,False,0,629
25600,631,4,00:04,596,81,79,1751,Armani Olimpia Milano,1,,,,,Rimbalzi difensivi di squadra,,,,,,,,,,False,0,629
25600,632,4,00:04,596,81,79,1751,Armani Olimpia Milano,1,,,,,Time Out,,,,,,,0,,,False,0,
25600,633,4,00:03,597,81,79,1767,Pallacanestro Trieste,0,1592,8,Lodovico,Deangeli,Fallo commesso,100,personale,,,26,25,1,D,7,False,0,
25600,634,4,00:03,597,81,79,1751,Armani Olimpia Milano,1,9378,5,Moses,Wright,Fallo Subito,,,,,26,25,1,D,7,False,0,633
25600,635,4,00:03,597,82,79,1751,Armani Olimpia Milano,1,9378,5,Moses,Wright,Tiro libero segnato,,,,,,,,A,7,False,0,
25600,636,4,00:03,597,83,79,1751,Armani Olimpia Milano,1,9378,5,Moses,Wright,Tiro libero segnato,,,,,,,,A,7,False,0,635
25600,637,4,00:01,599,83,79,1767,Pallacanestro Trieste,0,4890,10,Michele,Ruzzier,3 punti sbagliato,6,Arresto e tiro,1007,nessun rimbalzo,48,33,1,D,9,False,0,
25600,638,4,00:00,600,83,79,,,,,,,,Fine Tempo,,,,,,,,,,False,0,
25601,103,1,10:00,0,0,0,,,,,,,,Inizio Tempo,,,,,,,,,,False,0,
25601,104,1,09:59,1,0,0,1769,Tezenis Verona,0,9349,10,Mike,Tobey,Palla contesa,,,,,,,1,,,False,0,
25601,105,1,09:47,13,0,0,1769,Tezenis Verona,0,6616,5,C.J.,Massinburg,3 punti sbagliato,1,Tiro in sospensione,,,69,67,1,A,9,False,0,
25601,106,1,09:47,13,0,0,1752,Bertram Derthona Tortona,1,7431,4,Justin,Gorham,Rimbalzo difensivo,,,,,69,67,1,A,9,False,0,105
25601,107,1,09:37,23,0,0,1752,Bertram Derthona Tortona,1,9006,35,Karim,Jallow,2 punti sbagliato,2,Tiro in corsa,,,8,59,0,A,3,False,0,
25601,108,1,09:37,23,0,0,1752,Bertram Derthona Tortona,1,9006,35,Karim,Jallow,Rimbalzo offensivo,,,,,8,59,0,A,3,False,0,107
25601,109,1,09:30,30,3,0,1752,Bertram Derthona Tortona,1,9351,21,Dante,Maddox,3 punti segnato,1,Tiro in sospensione,,,26,83,0,A,10,False,0,
25601,110,1,09:30,30,3,0,1752,Bertram Derthona Tortona,1,7048,3,Prentiss,Hubb,Assist,,,,,26,83,0,A,10,False,0,109
25601,111,1,09:17,43,3,3,1769,Tezenis Verona,0,9349,10,Mike,Tobey,3 punti segnato,1,Tiro in sospensione,,,68,50,1,A,9,False,0,
25601,112,1,09:17,43,3,3,1769,Tezenis Verona,0,6616,5,C.J.,Massinburg,Assist,,,,,68,50,1,A,9,False,0,111
25601,113,1,08:55,65,5,3,1752,Bertram Derthona Tortona,1,9006,35,Karim,Jallow,2 punti segnato,4,Giro e Tiro,,,6,38,0,A,2,True,0,
25601,114,1,08:55,65,5,3,1769,Tezenis Verona,0,6486,11,Andrea,Loro,Fallo commesso,103,tiro,,,4,43,1,D,3,False,0,
25601,115,1,08:55,65,5,3,1752,Bertram Derthona Tortona,1,9006,35,Karim,Jallow,Fallo Subito,,,,,4,43,1,D,3,False,0,114
25601,116,1,08:55,65,6,3,1752,Bertram Derthona Tortona,1,9006,35,Karim,Jallow,Tiro libero segnato,,,,,,,,A,7,False,0,
25601,117,1,08:41,79,6,5,1769,Tezenis Verona,0,6616,5,C.J.,Massinburg,2 punti segnato,8,Da penetrazione,,,92,55,1,A,3,True,0,
25601,118,1,08:25,95,6,5,1769,Tezenis Verona,0,6486,11,Andrea,Loro,Fallo commesso,100,personale,,,11,41,1,D,6,False,0,
25601,119,1,08:25,95,6,5,1752,Bertram Derthona Tortona,1,9006,35,Karim,Jallow,Fallo Subito,,,,,11,41,1,D,6,False,0,118
25601,120,1,08:25,95,6,5,1769,Tezenis Verona,0,6486,11,Andrea,Loro,Uscita,,,,,,,,,,False,0,
25601,121,1,08:25,95,6,5,1769,Tezenis Verona,0,9340,22,RJ,Melendez,Ingresso,,,,,,,,,,False,0,120
25601,122,1,08:14,106,8,5,1752,Bertram Derthona Tortona,1,9351,21,Dante,Maddox,2 punti segnato,1,Tiro in sospensione,,,6,21,0,A,2,False,0,
25601,123,1,08:14,106,8,5,1752,Bertram Derthona Tortona,1,7048,3,Prentiss,Hubb,Assist,,,,,6,21,0,A,2,False,0,122
25601,124,1,08:14,106,8,7,1769,Tezenis Verona,0,9340,22,RJ,Melendez,2 punti segnato,9,Schiacciata,,,93,61,1,A,3,True,1,
25601,125,1,08:14,106,8,7,1769,Tezenis Verona,0,9349,10,Mike,Tobey,Assist,,,,,93,61,1,A,3,False,0,124
25601,126,1,08:13,107,8,7,1769,Tezenis Verona,0,9340,22,RJ,Melendez,Fallo commesso,100,personale,,,9,31,1,D,2,False,0,
25601,127,1,08:13,107,8,7,1752,Bertram Derthona Tortona,1,9006,35,Karim,Jallow,Fallo Subito,,,,,9,31,1,D,2,False,0,126
25601,128,1,07:49,131,8,7,1769,Tezenis Verona,0,9340,22,RJ,Melendez,Fallo commesso,100,personale,,,20,54,1,D,6,False,0,
25601,129,1,07:49,131,8,7,1752,Bertram Derthona Tortona,1,9006,35,Karim,Jallow,Fallo Subito,,,,,20,54,1,D,6,False,0,128
25601,130,1,07:39,141,8,7,1769,Tezenis Verona,0,7411,3,Federico,Poser,Ingresso,,,,,,,,,,False,0,
25601,131,1,07:39,141,8,7,1769,Tezenis Verona,0,9340,22,RJ,Melendez,Uscita,,,,,,,,,,False,0,130
25601,132,1,07:35,145,8,7,1752,Bertram Derthona Tortona,1,7048,3,Prentiss,Hubb,3 punti sbagliato,1,Tiro in sospensione,,,23,15,0,A,8,False,0,
25601,133,1,07:35,145,8,7,1769,Tezenis Verona,0,9349,10,Mike,Tobey,Rimbalzo difensivo,,,,,23,15,0,A,8,False,0,132
25601,134,1,07:26,154,8,10,1769,Tezenis Verona,0,9349,10,Mike,Tobey,3 punti segnato,1,Tiro in sospensione,500,contropiede,67,57,1,A,9,False,0,
25601,135,1,07:26,154,8,10,1769,Tezenis Verona,0,9338,100,Jermaine,Samuels,Assist,,,,,67,57,1,A,9,False,0,134
25601,136,1,06:59,181,10,10,1752,Bertram Derthona Tortona,1,7431,4,Justin,Gorham,2 punti segnato,6,Arresto e tiro,,,10,49,0,A,6,True,0,
25601,137,1,06:55,185,10,10,1752,Bertram Derthona Tortona,1,9351,21,Dante,Maddox,Fallo commesso,100,personale,,,59,78,0,D,8,False,0,
25601,138,1,06:55,185,10,10,1769,Tezenis Verona,0,6616,5,C.J.,Massinburg,Fallo Subito,,,,,59,78,0,D,8,False,0,137
25601,139,1,06:47,193,10,10,1769,Tezenis Verona,0,9349,10,Mike,Tobey,3 punti sbagliato,1,Tiro in sospensione,,,70,31,1,A,9,False,0,
25601,140,1,06:47,193,10,10,1752,Bertram Derthona Tortona,1,9351,21,Dante,Maddox,Rimbalzo difensivo,,,,,70,31,1,A,9,False,0,139
25601,141,1,06:38,202,12,10,1752,Bertram Derthona Tortona,1,9351,21,Dante,Maddox,2 punti segnato,8,Da penetrazione,500,contropiede,8,55,0,A,3,True,0,
25601,142,1,06:24,216,12,10,1752,Bertram Derthona Tortona,1,7431,4,Justin,Gorham,Fallo commesso,103,tiro,,,89,58,0,D,6,False,0,
25601,143,1,06:24,216,12,10,1769,Tezenis Verona,0,9338,100,Jermaine,Samuels,Fallo Subito,,,,,89,58,0,D,6,False,0,142
25601,144,1,06:24,216,12,11,1769,Tezenis Verona,0,9338,100,Jermaine,Samuels,Tiro libero segnato,,,,,,,,A,7,False,0,
25601,145,1,06:24,216,12,12,1769,Tezenis Verona,0,9338,100,Jermaine,Samuels,Tiro libero segnato,,,,,,,,A,7,False,0,144
25601,146,1,06:11,229,14,12,1752,Bertram Derthona Tortona,1,7431,4,Justin,Gorham,2 punti segnato,7,Appoggio a canestro,,,6,59,0,A,3,True,0,
25601,147,1,06:11,229,14,12,1752,Bertram Derthona Tortona,1,7048,3,Prentiss,Hubb,Assist,,,,,6,59,0,A,3,False,0,146
25601,148,1,05:52,248,14,12,1769,Tezenis Verona,0,9338,100,Jermaine,Samuels,3 punti sbagliato,1,Tiro in sospensione,,,79,89,1,A,8,False,0,
25601,149,1,05:52,248,14,12,1769,Tezenis Verona,0,9349,10,Mike,Tobey,Rimbalzo offensivo,,,,,79,89,1,A,8,False,0,148
25601,150,1,05:46,254,14,14,1769,Tezenis Verona,0,7411,3,Federico,Poser,2 punti segnato,1,Tiro in sospensione,,,89,49,1,A,6,True,0,
25601,151,1,05:46,254,14,14,1769,Tezenis Verona,0,9349,10,Mike,Tobey,Assist,,,,,89,49,1,A,6,False,0,150
25601,152,1,05:31,269,14,14,1769,Tezenis Verona,0,9349,10,Mike,Tobey,Fallo commesso,103,tiro,,,8,45,1,D,3,False,0,
25601,153,1,05:31,269,14,14,1752,Bertram Derthona Tortona,1,7048,3,Prentiss,Hubb,Fallo Subito,,,,,8,45,1,D,3,False,0,152
25601,154,1,05:31,269,15,14,1752,Bertram Derthona Tortona,1,7048,3,Prentiss,Hubb,Tiro libero segnato,,,,,,,,A,7,False,0,
25601,155,1,05:31,269,16,14,1752,Bertram Derthona Tortona,1,7048,3,Prentiss,Hubb,Tiro libero segnato,,,,,,,,A,7,False,0,154
25601,156,1,04:59,301,16,14,1769,Tezenis Verona,0,6616,5,C.J.,Massinburg,2 punti sbagliato,8,Da penetrazione,,,87,56,1,A,6,False,0,
25601,157,1,04:59,301,16,14,1769,Tezenis Verona,0,7412,18,Federico,Zampini,Rimbalzo offensivo,,,,,87,56,1,A,6,False,0,156
25601,158,1,04:48,312,16,14,1769,Tezenis Verona,0,9338,100,Jermaine,Samuels,3 punti sbagliato,1,Tiro in sospensione,,,90,3,1,A,10,False,0,
25601,159,1,04:48,312,16,14,1752,Bertram Derthona Tortona,1,,,,,Rimbalzi difensivi di squadra,,,,,90,3,1,A,10,False,0,158
25601,160,1,04:33,327,18,14,1752,Bertram Derthona Tortona,1,9006,35,Karim,Jallow,2 punti segnato,9,Schiacciata,,,7,49,0,A,3,True,1,
25601,161,1,04:13,347,18,16,1769,Tezenis Verona,0,6616,5,C.J.,Massinburg,2 punti segnato,6,Arresto e tiro,,,90,68,1,A,2,False,0,
25601,162,1,04:05,355,18,16,1752,Bertram Derthona Tortona,1,9006,35,Karim,Jallow,Fallo commesso,106,offensivo,,,16,22,0,A,2,False,0,
25601,163,1,04:05,355,18,16,1752,Bertram Derthona Tortona,1,9006,35,Karim,Jallow,Palla persa,,,,,16,22,0,A,2,False,0,162
25601,164,1,04:05,355,18,16,1769,Tezenis Verona,0,7412,18,Federico,Zampini,Fallo Subito,,,,,16,22,0,A,2,False,0,162
25601,165,1,04:05,355,18,16,1752,Bertram Derthona Tortona,1,4268,6,Andrea,Pecchia,Ingresso,,,,,,,,,,False,0,
25601,166,1,04:05,355,18,16,1752,Bertram Derthona Tortona,1,75,7,Amar,Alibegovic,Ingresso,,,,,,,,,,False,0,165
25601,167,1,04:05,355,18,16,1752,Bertram Derthona Tortona,1,9038,17,Dominik,Olejniczak,Uscita,,,,,,,,,,False,0,165
25601,168,1,04:05,355,18,16,1752,Bertram Derthona Tortona,1,9006,35,Karim,Jallow,Uscita,,,,,,,,,,False,0,165
25601,169,1,04:05,355,18,16,1769,Tezenis Verona,0,6616,5,C.J.,Massinburg,Uscita,,,,,,,,,,False,0,165
25601,170,1,04:05,355,18,16,1769,Tezenis Verona,0,106,14,Lorenzo,Ambrosin,Ingresso,,,,,,,,,,False,0,165
25601,171,1,03:50,370,18,19,1769,Tezenis Verona,0,106,14,Lorenzo,Ambrosin,3 punti segnato,1,Tiro in sospensione,,,72,21,1,A,10,False,0,
25601,172,1,03:50,370,18,19,1769,Tezenis Verona,0,7412,18,Federico,Zampini,Assist,,,,,72,21,1,A,10,False,0,171
25601,173,1,03:31,389,20,19,1752,Bertram Derthona Tortona,1,9351,21,Dante,Maddox,2 punti segnato,8,Da penetrazione,,,8,46,0,A,3,True,0,
25601,174,1,03:11,409,20,21,1769,Tezenis Verona,0,7411,3,Federico,Poser,2 punti segnato,4,Giro e Tiro,,,89,62,1,A,2,True,0,
25601,175,1,03:11,409,20,21,1769,Tezenis Verona,0,9338,100,Jermaine,Samuels,Assist,,,,,89,62,1,A,2,False,0,174
25601,176,1,02:57,423,20,21,1752,Bertram Derthona Tortona,1,4268,6,Andrea,Pecchia,2 punti sbagliato,8,Da penetrazione,,,6,64,0,A,4,False,0,
25601,177,1,02:57,423,20,21,1769,Tezenis Verona,0,,,,,Rimbalzi difensivi di squadra,,,,,6,64,0,A,4,False,0,176
25601,178,1,02:57,423,20,21,1752,Bertram Derthona Tortona,1,7048,3,Prentiss,Hubb,Uscita,,,,,,,,,,False,0,
25601,179,1,02:57,423,20,21,1752,Bertram Derthona Tortona,1,656,12,Giordano,Bortolani,Ingresso,,,,,,,,,,False,0,178
25601,180,1,02:57,423,20,21,1752,Bertram Derthona Tortona,1,9351,21,Dante,Maddox,Uscita,,,,,,,,,,False,0,178
25601,181,1,02:57,423,20,21,1752,Bertram Derthona Tortona,1,9009,42,Aljami,Durham,Ingresso,,,,,,,,,,False,0,178
25601,182,1,02:57,423,20,21,1769,Tezenis Verona,0,9349,10,Mike,Tobey,Uscita,,,,,,,,,,False,0,178
25601,183,1,02:57,423,20,21,1769,Tezenis Verona,0,6486,11,Andrea,Loro,Ingresso,,,,,,,,,,False,0,178
25601,184,1,02:53,427,20,21,1769,Tezenis Verona,0,106,14,Lorenzo,Ambrosin,Palla persa,50,Passaggio sbagliato,,,20,71,1,D,4,False,0,
25601,185,1,02:53,427,20,21,1752,Bertram Derthona Tortona,1,4268,6,Andrea,Pecchia,Palla recuperata,,,,,20,71,0,A,4,False,0,184
25601,186,1,02:48,432,22,21,1752,Bertram Derthona Tortona,1,7431,4,Justin,Gorham,2 punti segnato,7,Appoggio a canestro,500,contropiede,11,54,0,A,6,True,0,
25601,187,1,02:48,432,22,21,1752,Bertram Derthona Tortona,1,9009,42,Aljami,Durham,Assist,,,,,11,54,0,A,6,False,0,186
25601,188,1,02:33,447,22,21,1752,Bertram Derthona Tortona,1,656,12,Giordano,Bortolani,Fallo commesso,103,tiro,,,95,55,0,D,3,False,0,
25601,189,1,02:33,447,22,21,1769,Tezenis Verona,0,9338,100,Jermaine,Samuels,Fallo Subito,,,,,95,55,0,D,3,False,0,188
25601,190,1,02:33,447,22,21,1752,Bertram Derthona Tortona,1,7431,4,Justin,Gorham,Uscita,,,,,,,,,,False,0,
25601,191,1,02:33,447,22,21,1752,Bertram Derthona Tortona,1,2313,24,Giulio,Gazzotti,Ingresso,,,,,,,,,,False,0,190
25601,192,1,02:33,447,22,21,1769,Tezenis Verona,0,9338,100,Jermaine,Samuels,Tiro libero sbagliato,,,,,,,,A,7,False,0,
25601,193,1,02:33,447,22,21,1769,Tezenis Verona,0,9338,100,Jermaine,Samuels,Tiro libero sbagliato,,,,,,,,A,7,False,0,192
25601,194,1,02:33,447,22,21,1752,Bertram Derthona Tortona,1,75,7,Amar,Alibegovic,Rimbalzo difensivo,,,,,,,,,,False,0,192
25601,195,1,02:14,466,22,21,1769,Tezenis Verona,0,9338,100,Jermaine,Samuels,Fallo commesso,100,personale,,,31,31,1,D,9,False,0,
25601,196,1,02:14,466,22,21,1752,Bertram Derthona Tortona,1,656,12,Giordano,Bortolani,Fallo Subito,,,,,31,31,1,D,9,False,0,195
25601,197,1,02:14,466,22,21,1769,Tezenis Verona,0,9123,15,Malick,Mane El Hadji Maodo,Ingresso,,,,,,,,,,False,0,
25601,198,1,02:14,466,22,21,1769,Tezenis Verona,0,9338,100,Jermaine,Samuels,Uscita,,,,,,,,,,False,0,197
25601,199,1,02:14,466,23,21,1752,Bertram Derthona Tortona,1,656,12,Giordano,Bortolani,Tiro libero segnato,,,,,,,,A,7,False,0,
25601,200,1,02:14,466,23,21,1752,Bertram Derthona Tortona,1,656,12,Giordano,Bortolani,Tiro libero sbagliato,,,,,,,,A,7,False,0,199
25601,201,1,02:14,466,23,21,1769,Tezenis Verona,0,9123,15,Malick,Mane El Hadji Maodo,Rimbalzo difensivo,,,,,,,,,,False,0,199
25601,202,1,01:58,482,23,21,1769,Tezenis Verona,0,106,14,Lorenzo,Ambrosin,3 punti sbagliato,1,Tiro in sospensione,,,66,35,1,A,9,False,0,
25601,203,1,01:58,482,23,21,1752,Bertram Derthona Tortona,1,4268,6,Andrea,Pecchia,Rimbalzo difensivo,,,,,66,35,1,A,9,False,0,202
25601,204,1,01:49,491,26,21,1752,Bertram Derthona Tortona,1,656,12,Giordano,Bortolani,3 punti segnato,1,Tiro in sospensione,500,contropiede,7,97,0,A,5,False,0,
25601,205,1,01:49,491,26,21,1752,Bertram Derthona Tortona,1,4268,6,Andrea,Pecchia,Assist,,,500,contropiede,7,97,0,A,5,False,0,204
25601,206,1,01:38,502,26,21,1752,Bertram Derthona Tortona,1,75,7,Amar,Alibegovic,Fallo commesso,100,personale,,,75,36,0,D,7,False,0,
25601,207,1,01:38,502,26,21,1769,Tezenis Verona,0,7411,3,Federico,Poser,Fallo Subito,,,,,75,36,0,D,7,False,0,206
25601,208,1,01:38,502,26,21,1769,Tezenis Verona,0,6616,5,C.J.,Massinburg,Ingresso,,,,,,,,,,False,0,
25601,209,1,01:38,502,26,21,1769,Tezenis Verona,0,7412,18,Federico,Zampini,Uscita,,,,,,,,,,False,0,208
25601,210,1,01:38,502,26,21,1769,Tezenis Verona,0,7411,3,Federico,Poser,Tiro libero sbagliato,,,,,,,,A,7,False,0,
25601,211,1,01:38,502,26,22,1769,Tezenis Verona,0,7411,3,Federico,Poser,Tiro libero segnato,,,,,,,,A,7,False,0,210
25601,212,1,01:26,514,28,22,1752,Bertram Derthona Tortona,1,9009,42,Aljami,Durham,2 punti segnato,6,Arresto e tiro,,,23,68,0,A,7,False,0,
25601,213,1,00:59,541,28,22,1769,Tezenis Verona,0,106,14,Lorenzo,Ambrosin,3 punti sbagliato,1,Tiro in sospensione,,,67,40,1,A,9,False,0,
25601,214,1,00:59,541,28,22,1752,Bertram Derthona Tortona,1,9009,42,Aljami,Durham,Rimbalzo difensivo,,,,,67,40,1,A,9,False,0,213
25601,215,1,00:49,551,28,22,1752,Bertram Derthona Tortona,1,75,7,Amar,Alibegovic,2 punti sbagliato,4,Giro e Tiro,,,10,52,0,A,6,False,0,
25601,216,1,00:49,551,28,22,1769,Tezenis Verona,0,9123,15,Malick,Mane El Hadji Maodo,Rimbalzo difensivo,,,,,10,52,0,A,6,False,0,215
25601,217,1,00:38,562,28,22,1769,Tezenis Verona,0,6486,11,Andrea,Loro,3 punti sbagliato,1,Tiro in sospensione,,,89,97,1,A,8,False,0,
25601,218,1,00:38,562,28,22,1769,Tezenis Verona,0,,,,,Rimbalzi offensivi di squadra,,,,,89,97,1,A,8,False,0,217
25601,219,1,00:35,565,28,22,1769,Tezenis Verona,0,9349,10,Mike,Tobey,Ingresso,,,,,,,,,,False,0,
25601,220,1,00:35,565,28,22,1769,Tezenis Verona,0,9123,15,Malick,Mane El Hadji Maodo,Uscita,,,,,,,,,,False,0,219
25601,221,1,00:35,565,28,22,1769,Tezenis Verona,0,6486,11,Andrea,Loro,Uscita,,,,,,,,,,False,0,
25601,222,1,00:35,565,28,22,1769,Tezenis Verona,0,9338,100,Jermaine,Samuels,Ingresso,,,,,,,,,,False,0,221
25601,223,1,00:29,571,28,22,1769,Tezenis Verona,0,106,14,Lorenzo,Ambrosin,2 punti sbagliato,7,Appoggio a canestro,,,95,47,1,A,3,False,0,
25601,224,1,00:29,571,28,22,1752,Bertram Derthona Tortona,1,9009,42,Aljami,Durham,Rimbalzo difensivo,,,,,95,47,1,A,3,False,0,223
25601,225,1,00:22,578,30,22,1752,Bertram Derthona Tortona,1,656,12,Giordano,Bortolani,2 punti segnato,2,Tiro in corsa,500,contropiede,13,52,0,A,6,True,0,
25601,227,1,00:03,597,30,22,1769,Tezenis Verona,0,6616,5,C.J.,Massinburg,2 punti sbagliato,2,Tiro in corsa,1003,tip-in appoggio canestro made,94,67,1,A,2,False,0,
25601,228,1,00:03,597,30,22,1769,Tezenis Verona,0,7411,3,Federico,Poser,Rimbalzo offensivo,,,,,94,67,1,A,2,False,0,227
25601,229,1,00:03,597,30,24,1769,Tezenis Verona,0,7411,3,Federico,Poser,2 punti segnato,7,Appoggio a canestro,,,94,67,1,A,2,True,0,
25601,230,1,00:00,600,30,24,,,,,,,,Fine Tempo,,,,,,,,,,False,0,
25601,231,2,10:00,0,30,24,1752,Bertram Derthona Tortona,1,9038,17,Dominik,Olejniczak,Ingresso,,,,,,,,,,False,0,
25601,232,2,10:00,0,30,24,1752,Bertram Derthona Tortona,1,2313,24,Giulio,Gazzotti,Uscita,,,,,,,,,,False,0,231
25601,233,2,10:00,0,30,24,1769,Tezenis Verona,0,7411,3,Federico,Poser,Uscita,,,,,,,,,,False,0,231
25601,234,2,10:00,0,30,24,1769,Tezenis Verona,0,7412,18,Federico,Zampini,Ingresso,,,,,,,,,,False,0,231
25601,235,2,10:00,0,30,24,,,,,,,,Inizio Tempo,,,,,,,,,,False,0,
25601,236,2,09:44,16,32,24,1752,Bertram Derthona Tortona,1,75,7,Amar,Alibegovic,2 punti segnato,4,Giro e Tiro,,,9,47,0,A,3,True,0,
25601,237,2,09:29,31,32,26,1769,Tezenis Verona,0,7412,18,Federico,Zampini,2 punti segnato,8,Da penetrazione,,,89,52,1,A,6,True,0,
25601,238,2,09:29,31,32,26,1752,Bertram Derthona Tortona,1,9009,42,Aljami,Durham,Fallo commesso,103,tiro,,,89,57,0,D,6,False,0,
25601,239,2,09:29,31,32,26,1769,Tezenis Verona,0,7412,18,Federico,Zampini,Fallo Subito,,,,,89,57,0,D,6,False,0,238
25601,240,2,09:29,31,32,27,1769,Tezenis Verona,0,7412,18,Federico,Zampini,Tiro libero segnato,,,,,,,,A,7,False,0,
25601,241,2,09:17,43,32,27,1752,Bertram Derthona Tortona,1,9038,17,Dominik,Olejniczak,Palla persa,50,Passaggio sbagliato,,,24,31,0,A,7,False,0,
25601,242,2,09:17,43,32,27,1769,Tezenis Verona,0,9338,100,Jermaine,Samuels,Palla recuperata,,,,,24,31,0,A,7,False,0,241
25601,243,2,09:00,60,32,27,1769,Tezenis Verona,0,9338,100,Jermaine,Samuels,2 punti sbagliato,8,Da penetrazione,1003,tip-in appoggio canestro made,93,45,1,A,3,False,0,
25601,244,2,09:00,60,32,27,1769,Tezenis Verona,0,9349,10,Mike,Tobey,Rimbalzo offensivo,,,,,93,45,1,A,3,False,0,243
25601,245,2,09:00,60,32,29,1769,Tezenis Verona,0,9349,10,Mike,Tobey,2 punti segnato,7,Appoggio a canestro,,,93,45,1,A,3,True,0,
25601,246,2,08:43,77,34,29,1752,Bertram Derthona Tortona,1,9038,17,Dominik,Olejniczak,2 punti segnato,1,Tiro in sospensione,,,21,63,0,A,7,False,0,
25601,247,2,08:43,77,34,29,1752,Bertram Derthona Tortona,1,9009,42,Aljami,Durham,Assist,,,,,21,63,0,A,7,False,0,246
25601,248,2,08:22,98,34,31,1769,Tezenis Verona,0,9338,100,Jermaine,Samuels,2 punti segnato,8,Da penetrazione,,,90,58,1,A,6,True,0,
25601,249,2,08:22,98,34,31,1769,Tezenis Verona,0,9349,10,Mike,Tobey,Assist,,,,,90,58,1,A,6,False,0,248
25601,250,2,08:14,106,34,31,1752,Bertram Derthona Tortona,1,75,7,Amar,Alibegovic,Palla persa,54,Fuori dal campo,,,8,3,0,A,1,False,0,
25601,251,2,08:14,106,34,31,1752,Bertram Derthona Tortona,1,7431,4,Justin,Gorham,Ingresso,,,,,,,,,,False,0,
25601,252,2,08:14,106,34,31,1752,Bertram Derthona Tortona,1,75,7,Amar,Alibegovic,Uscita,,,,,,,,,,False,0,251
25601,253,2,08:14,106,34,31,1769,Tezenis Verona,0,106,14,Lorenzo,Ambrosin,Uscita,,,,,,,,,,False,0,251
25601,254,2,08:14,106,34,31,1769,Tezenis Verona,0,9340,22,RJ,Melendez,Ingresso,,,,,,,,,,False,0,251
25601,255,2,08:01,119,34,31,1769,Tezenis Verona,0,9338,100,Jermaine,Samuels,3 punti sbagliato,1,Tiro in sospensione,,,76,84,1,A,8,False,0,
25601,256,2,08:01,119,34,31,1752,Bertram Derthona Tortona,1,9009,42,Aljami,Durham,Rimbalzo difensivo,,,,,76,84,1,A,8,False,0,255
25601,257,2,07:48,132,34,31,1752,Bertram Derthona Tortona,1,9009,42,Aljami,Durham,Fallo commesso,106,offensivo,,,24,59,0,A,7,False,0,
25601,258,2,07:48,132,34,31,1752,Bertram Derthona Tortona,1,9009,42,Aljami,Durham,Palla persa,,,,,24,59,0,A,7,False,0,257
25601,259,2,07:48,132,34,31,1769,Tezenis Verona,0,7412,18,Federico,Zampini,Fallo Subito,,,,,24,59,0,A,7,False,0,257
25601,260,2,07:48,132,34,31,1752,Bertram Derthona Tortona,1,7048,3,Prentiss,Hubb,Ingresso,,,,,,,,,,False,0,
25601,261,2,07:48,132,34,31,1752,Bertram Derthona Tortona,1,4268,6,Andrea,Pecchia,Uscita,,,,,,,,,,False,0,260
25601,262,2,07:48,132,34,31,1752,Bertram Derthona Tortona,1,9006,35,Karim,Jallow,Ingresso,,,,,,,,,,False,0,260
25601,263,2,07:48,132,34,31,1752,Bertram Derthona Tortona,1,9009,42,Aljami,Durham,Uscita,,,,,,,,,,False,0,260
25601,264,2,07:34,146,34,31,1769,Tezenis Verona,0,9349,10,Mike,Tobey,2 punti sbagliato,1,Tiro in sospensione,,,81,53,1,A,6,False,0,
25601,265,2,07:34,146,34,31,1752,Bertram Derthona Tortona,1,9038,17,Dominik,Olejniczak,Rimbalzo difensivo,,,,,81,53,1,A,6,False,0,264
25601,266,2,07:15,165,34,31,1752,Bertram Derthona Tortona,1,7431,4,Justin,Gorham,Palla persa,51,Palleggio,,,13,41,0,A,6,False,0,
25601,267,2,07:15,165,34,31,1769,Tezenis Verona,0,6616,5,C.J.,Massinburg,Palla recuperata,,,,,13,41,0,A,6,False,0,266
25601,268,2,07:09,171,34,33,1769,Tezenis Verona,0,7412,18,Federico,Zampini,2 punti segnato,8,Da penetrazione,500,contropiede,89,47,1,A,6,True,0,
25601,269,2,07:09,171,34,33,1752,Bertram Derthona Tortona,1,656,12,Giordano,Bortolani,Fallo commesso,103,tiro,,,93,49,0,D,3,False,0,
25601,270,2,07:09,171,34,33,1769,Tezenis Verona,0,7412,18,Federico,Zampini,Fallo Subito,,,,,93,49,0,D,3,False,0,269
25601,271,2,07:09,171,34,34,1769,Tezenis Verona,0,7412,18,Federico,Zampini,Tiro libero segnato,500,contropiede,,,,,,A,7,False,0,
25601,272,2,07:00,180,34,34,1752,Bertram Derthona Tortona,1,656,12,Giordano,Bortolani,3 punti sbagliato,1,Tiro in sospensione,,,5,3,0,A,1,False,0,
25601,273,2,07:00,180,34,34,1769,Tezenis Verona,0,9349,10,Mike,Tobey,Rimbalzo difensivo,,,,,5,3,0,A,1,False,0,272
25601,274,2,06:47,193,34,34,1769,Tezenis Verona,0,9338,100,Jermaine,Samuels,Palla persa,51,Palleggio,,,83,74,1,A,2,False,0,
25601,275,2,06:47,193,34,34,1752,Bertram Derthona Tortona,1,7048,3,Prentiss,Hubb,Palla recuperata,,,,,83,74,1,A,2,False,0,274
25601,276,2,06:43,197,36,34,1752,Bertram Derthona Tortona,1,656,12,Giordano,Bortolani,2 punti segnato,2,Tiro in corsa,500,contropiede,8,55,0,A,3,True,0,
25601,277,2,06:43,197,36,34,1752,Bertram Derthona Tortona,1,7048,3,Prentiss,Hubb,Assist,,,,,8,55,0,A,3,False,0,276
25601,278,2,06:27,213,36,37,1769,Tezenis Verona,0,9349,10,Mike,Tobey,3 punti segnato,1,Tiro in sospensione,,,73,79,1,A,8,False,0,
25601,279,2,06:27,213,36,37,1769,Tezenis Verona,0,6616,5,C.J.,Massinburg,Assist,,,,,73,79,1,A,8,False,0,278
25601,280,2,05:59,241,38,37,1752,Bertram Derthona Tortona,1,7431,4,Justin,Gorham,2 punti segnato,4,Giro e Tiro,,,3,71,0,A,4,False,0,
25601,281,2,05:57,243,38,37,1769,Tezenis Verona,0,,,,,Time Out,,,,,,,1,,,False,0,
25601,282,2,05:57,243,38,37,1752,Bertram Derthona Tortona,1,656,12,Giordano,Bortolani,Uscita,,,,,,,,,,False,0,
25601,283,2,05:57,243,38,37,1752,Bertram Derthona Tortona,1,9351,21,Dante,Maddox,Ingresso,,,,,,,,,,False,0,282
25601,284,2,05:57,243,38,37,1769,Tezenis Verona,0,6486,11,Andrea,Loro,Ingresso,,,,,,,,,,False,0,282
25601,285,2,05:57,243,38,37,1769,Tezenis Verona,0,7412,18,Federico,Zampini,Uscita,,,,,,,,,,False,0,282
25601,286,2,05:41,259,38,37,1769,Tezenis Verona,0,9338,100,Jermaine,Samuels,Fallo commesso,106,offensivo,,,87,39,1,A,6,False,0,
25601,287,2,05:41,259,38,37,1769,Tezenis Verona,0,9338,100,Jermaine,Samuels,Palla persa,,,,,87,39,1,A,6,False,0,286
25601,288,2,05:41,259,38,37,1752,Bertram Derthona Tortona,1,7431,4,Justin,Gorham,Fallo Subito,,,,,87,39,1,A,6,False,0,286
25601,289,2,05:41,259,38,37,1769,Tezenis Verona,0,106,14,Lorenzo,Ambrosin,Ingresso,,,,,,,,,,False,0,
25601,290,2,05:41,259,38,37,1769,Tezenis Verona,0,9338,100,Jermaine,Samuels,Uscita,,,,,,,,,,False,0,289
25601,291,2,05:24,276,38,37,1752,Bertram Derthona Tortona,1,9038,17,Dominik,Olejniczak,2 punti sbagliato,4,Giro e Tiro,,,10,59,0,A,6,False,0,
25601,292,2,05:24,276,38,37,1769,Tezenis Verona,0,9349,10,Mike,Tobey,Rimbalzo difensivo,,,,,10,59,0,A,6,False,0,291
25601,293,2,05:15,285,38,37,1769,Tezenis Verona,0,6616,5,C.J.,Massinburg,2 punti sbagliato,8,Da penetrazione,,,95,51,1,A,3,False,0,
25601,294,2,05:15,285,38,37,1752,Bertram Derthona Tortona,1,9351,21,Dante,Maddox,Rimbalzo difensivo,,,,,95,51,1,A,3,False,0,293
25601,295,2,05:06,294,40,37,1752,Bertram Derthona Tortona,1,9038,17,Dominik,Olejniczak,2 punti segnato,7,Appoggio a canestro,500,contropiede,5,47,0,A,3,True,0,
25601,296,2,05:06,294,40,37,1752,Bertram Derthona Tortona,1,7048,3,Prentiss,Hubb,Assist,,,500,contropiede,5,47,0,A,3,False,0,295
25601,297,2,04:43,317,40,37,1769,Tezenis Verona,0,6486,11,Andrea,Loro,3 punti sbagliato,1,Tiro in sospensione,,,89,3,1,A,10,False,0,
25601,298,2,04:43,317,40,37,1769,Tezenis Verona,0,,,,,Rimbalzi offensivi di squadra,,,,,89,3,1,A,10,False,0,297
25601,299,2,04:42,318,40,37,1752,Bertram Derthona Tortona,1,9006,35,Karim,Jallow,Fallo commesso,100,personale,,,85,39,0,D,6,False,0,
25601,300,2,04:42,318,40,37,1769,Tezenis Verona,0,9349,10,Mike,Tobey,Fallo Subito,,,,,85,39,1,A,6,False,0,299
25601,301,2,04:42,318,40,37,1769,Tezenis Verona,0,7411,3,Federico,Poser,Ingresso,,,,,,,,,,False,0,
25601,302,2,04:42,318,40,37,1769,Tezenis Verona,0,9349,10,Mike,Tobey,Uscita,,,,,,,,,,False,0,301
25601,303,2,04:30,330,40,37,1769,Tezenis Verona,0,7411,3,Federico,Poser,2 punti sbagliato,4,Giro e Tiro,,,92,51,1,A,3,False,0,
25601,304,2,04:30,330,40,37,1752,Bertram Derthona Tortona,1,9006,35,Karim,Jallow,Rimbalzo difensivo,,,,,92,51,1,A,3,False,0,303
25601,305,2,04:13,347,40,37,1769,Tezenis Verona,0,9340,22,RJ,Melendez,Fallo commesso,103,tiro,,,10,55,1,D,6,False,0,
25601,306,2,04:13,347,40,37,1752,Bertram Derthona Tortona,1,9351,21,Dante,Maddox,Fallo Subito,,,,,10,55,1,D,6,False,0,305
25601,307,2,04:13,347,40,37,1769,Tezenis Verona,0,7412,18,Federico,Zampini,Ingresso,,,,,,,,,,False,0,
25601,308,2,04:13,347,40,37,1769,Tezenis Verona,0,9340,22,RJ,Melendez,Uscita,,,,,,,,,,False,0,307
25601,309,2,04:13,347,40,37,1752,Bertram Derthona Tortona,1,9351,21,Dante,Maddox,Tiro libero sbagliato,,,,,,,,A,7,False,0,
25601,310,2,04:13,347,41,37,1752,Bertram Derthona Tortona,1,9351,21,Dante,Maddox,Tiro libero segnato,,,,,,,,A,7,False,0,309
25601,311,2,04:13,347,41,37,1752,Bertram Derthona Tortona,1,7431,4,Justin,Gorham,Assist,,,,,,,,,,False,0,309
25601,312,2,04:06,354,41,37,1752,Bertram Derthona Tortona,1,9006,35,Karim,Jallow,Fallo commesso,100,personale,,,77,23,0,D,7,False,0,
25601,313,2,04:06,354,41,37,1769,Tezenis Verona,0,6616,5,C.J.,Massinburg,Fallo Subito,,,,,77,23,0,D,7,False,0,312
25601,314,2,04:06,354,41,37,1752,Bertram Derthona Tortona,1,4268,6,Andrea,Pecchia,Ingresso,,,,,,,,,,False,0,
25601,315,2,04:06,354,41,37,1752,Bertram Derthona Tortona,1,9006,35,Karim,Jallow,Uscita,,,,,,,,,,False,0,314
25601,316,2,04:06,354,41,38,1769,Tezenis Verona,0,6616,5,C.J.,Massinburg,Tiro libero segnato,,,,,,,,A,7,False,0,
25601,317,2,04:06,354,41,38,1769,Tezenis Verona,0,6616,5,C.J.,Massinburg,Tiro libero sbagliato,,,,,,,,A,7,False,0,316
25601,320,2,04:06,354,41,38,1752,Bertram Derthona Tortona,1,7048,3,Prentiss,Hubb,Rimbalzo difensivo,,,,,,,,,,False,0,316
25601,321,2,03:53,367,41,38,1769,Tezenis Verona,0,7412,18,Federico,Zampini,Fallo commesso,100,personale,,,32,64,1,D,9,False,0,
25601,322,2,03:53,367,41,38,1752,Bertram Derthona Tortona,1,9351,21,Dante,Maddox,Fallo Subito,,,,,32,64,0,A,9,False,0,321
25601,323,2,03:48,372,41,38,1769,Tezenis Verona,0,106,14,Lorenzo,Ambrosin,Fallo commesso,100,personale,,,29,40,1,D,7,False,0,
25601,324,2,03:48,372,41,38,1752,Bertram Derthona Tortona,1,7048,3,Prentiss,Hubb,Fallo Subito,,,,,29,40,1,D,7,False,0,323
25601,325,2,03:48,372,41,38,1769,Tezenis Verona,0,9349,10,Mike,Tobey,Ingresso,,,,,,,,,,False,0,
25601,326,2,03:48,372,41,38,1769,Tezenis Verona,0,6486,11,Andrea,Loro,Uscita,,,,,,,,,,False,0,325
25601,327,2,03:45,375,44,38,1752,Bertram Derthona Tortona,1,9351,21,Dante,Maddox,3 punti segnato,1,Tiro in sospensione,,,31,60,0,A,9,False,0,
25601,328,2,03:45,375,44,38,1752,Bertram Derthona Tortona,1,7048,3,Prentiss,Hubb,Assist,,,,,31,60,0,A,9,False,0,327
25601,329,2,03:29,391,44,38,1752,Bertram Derthona Tortona,1,4268,6,Andrea,Pecchia,Fallo commesso,100,personale,,,75,71,0,D,7,False,0,
25601,330,2,03:29,391,44,38,1769,Tezenis Verona,0,6616,5,C.J.,Massinburg,Fallo Subito,,,,,75,71,0,D,7,False,0,329
25601,331,2,03:29,391,44,38,1769,Tezenis Verona,0,6616,5,C.J.,Massinburg,Tiro libero sbagliato,,,,,,,,A,7,False,0,
25601,332,2,03:29,391,44,39,1769,Tezenis Verona,0,6616,5,C.J.,Massinburg,Tiro libero segnato,,,,,,,,A,7,False,0,331
25601,333,2,03:13,407,44,39,1752,Bertram Derthona Tortona,1,7431,4,Justin,Gorham,3 punti sbagliato,1,Tiro in sospensione,1004,tip-in appoggio canestro miss,29,71,0,A,9,False,0,
25601,334,2,03:13,407,44,39,1752,Bertram Derthona Tortona,1,9038,17,Dominik,Olejniczak,Rimbalzo offensivo,,,,,29,71,0,A,9,False,0,333
25601,335,2,03:13,407,44,39,1752,Bertram Derthona Tortona,1,9038,17,Dominik,Olejniczak,2 punti sbagliato,7,Appoggio a canestro,,,29,71,0,A,7,False,0,
25601,336,2,03:13,407,44,39,1769,Tezenis Verona,0,9349,10,Mike,Tobey,Rimbalzo difensivo,,,,,29,71,0,A,9,False,0,335
25601,337,2,02:52,428,44,41,1769,Tezenis Verona,0,7412,18,Federico,Zampini,2 punti segnato,8,Da penetrazione,,,95,45,1,A,3,True,0,
25601,338,2,02:41,439,44,41,1752,Bertram Derthona Tortona,1,7431,4,Justin,Gorham,Fallo commesso,106,offensivo,,,31,37,0,A,9,False,0,
25601,339,2,02:41,439,44,41,1752,Bertram Derthona Tortona,1,7431,4,Justin,Gorham,Palla persa,,,,,31,37,0,A,9,False,0,338
25601,340,2,02:41,439,44,41,1769,Tezenis Verona,0,7412,18,Federico,Zampini,Fallo Subito,,,,,31,37,0,A,9,False,0,338
25601,341,2,02:41,439,44,41,1752,Bertram Derthona Tortona,1,75,7,Amar,Alibegovic,Ingresso,,,,,,,,,,False,0,
25601,342,2,02:41,439,44,41,1752,Bertram Derthona Tortona,1,9038,17,Dominik,Olejniczak,Uscita,,,,,,,,,,False,0,341
25601,343,2,02:31,449,44,41,1752,Bertram Derthona Tortona,1,75,7,Amar,Alibegovic,Fallo commesso,100,personale,,,68,64,0,D,9,False,0,
25601,344,2,02:31,449,44,41,1769,Tezenis Verona,0,6616,5,C.J.,Massinburg,Fallo Subito,,,,,68,64,0,D,9,False,0,343
25601,345,2,02:31,449,44,42,1769,Tezenis Verona,0,6616,5,C.J.,Massinburg,Tiro libero segnato,,,,,,,,A,7,False,0,
25601,346,2,02:31,449,44,43,1769,Tezenis Verona,0,6616,5,C.J.,Massinburg,Tiro libero segnato,,,,,,,,A,7,False,0,345
25601,347,2,02:09,471,47,43,1752,Bertram Derthona Tortona,1,9351,21,Dante,Maddox,3 punti segnato,6,Arresto e tiro,,,8,3,0,A,1,False,0,
25601,348,2,01:52,488,47,46,1769,Tezenis Verona,0,6616,5,C.J.,Massinburg,3 punti segnato,1,Tiro in sospensione,,,68,51,1,A,9,False,0,
25601,349,2,01:52,488,47,46,1769,Tezenis Verona,0,7412,18,Federico,Zampini,Assist,,,,,68,51,1,A,9,False,0,348
25601,350,2,01:30,510,49,46,1752,Bertram Derthona Tortona,1,7048,3,Prentiss,Hubb,2 punti segnato,8,Da penetrazione,,,9,43,0,A,3,True,0,
25601,351,2,01:30,510,49,46,1769,Tezenis Verona,0,7411,3,Federico,Poser,Fallo commesso,103,tiro,,,14,48,1,D,6,False,0,
25601,352,2,01:30,510,49,46,1752,Bertram Derthona Tortona,1,7048,3,Prentiss,Hubb,Fallo Subito,,,,,14,48,1,D,6,False,0,351
25601,353,2,01:30,510,49,46,1752,Bertram Derthona Tortona,1,7431,4,Justin,Gorham,Uscita,,,,,,,,,,False,0,
25601,354,2,01:30,510,49,46,1752,Bertram Derthona Tortona,1,9038,17,Dominik,Olejniczak,Ingresso,,,,,,,,,,False,0,353
25601,355,2,01:30,510,50,46,1752,Bertram Derthona Tortona,1,7048,3,Prentiss,Hubb,Tiro libero segnato,,,,,,,,A,7,False,0,
25601,356,2,01:18,522,50,46,1769,Tezenis Verona,0,7411,3,Federico,Poser,2 punti sbagliato,1,Tiro in sospensione,,,84,58,1,A,6,False,0,
25601,357,2,01:18,522,50,46,1769,Tezenis Verona,0,7412,18,Federico,Zampini,Rimbalzo offensivo,,,,,84,58,1,A,6,False,0,356
25601,358,2,01:05,535,50,46,1769,Tezenis Verona,0,7412,18,Federico,Zampini,3 punti sbagliato,6,Arresto e tiro,,,72,26,1,A,9,False,0,
25601,359,2,01:05,535,50,46,1769,Tezenis Verona,0,6616,5,C.J.,Massinburg,Rimbalzo offensivo,,,,,72,26,1,A,9,False,0,358
25601,360,2,00:55,545,50,46,1769,Tezenis Verona,0,6616,5,C.J.,Massinburg,Palla persa,50,Passaggio sbagliato,,,69,59,1,A,9,False,0,
25601,361,2,00:55,545,50,46,1752,Bertram Derthona Tortona,1,,,,,Time Out,,,,,,,0,,,False,0,
25601,362,2,00:41,559,50,46,1752,Bertram Derthona Tortona,1,9351,21,Dante,Maddox,Palla persa,50,Passaggio sbagliato,,,21,48,0,A,7,False,0,
25601,363,2,00:41,559,50,46,1769,Tezenis Verona,0,7412,18,Federico,Zampini,Palla recuperata,,,,,21,48,0,A,7,False,0,362
25601,364,2,00:36,564,50,48,1769,Tezenis Verona,0,7412,18,Federico,Zampini,2 punti segnato,8,Da penetrazione,500,contropiede,92,54,1,A,3,True,0,
25601,365,2,00:22,578,50,48,1769,Tezenis Verona,0,9349,10,Mike,Tobey,Fallo commesso,103,tiro,,,11,50,1,D,6,False,0,
25601,366,2,00:22,578,50,48,1752,Bertram Derthona Tortona,1,9038,17,Dominik,Olejniczak,Fallo Subito,,,,,11,50,1,D,6,False,0,365
25601,367,2,00:22,578,51,48,1752,Bertram Derthona Tortona,1,9038,17,Dominik,Olejniczak,Tiro libero segnato,,,,,,,,A,7,False,0,
25601,368,2,00:22,578,52,48,1752,Bertram Derthona Tortona,1,9038,17,Dominik,Olejniczak,Tiro libero segnato,,,,,,,,A,7,False,0,367
25601,369,2,00:22,578,52,48,1752,Bertram Derthona Tortona,1,75,7,Amar,Alibegovic,Assist,,,,,,,,,,False,0,367
25601,370,2,00:22,578,52,48,1769,Tezenis Verona,0,,,,,Time Out,,,,,,,1,,,False,0,
25601,371,2,00:02,598,52,48,1769,Tezenis Verona,0,7412,18,Federico,Zampini,2 punti sbagliato,3,Tiro in fadeaway,1004,tip-in appoggio canestro miss,88,67,1,A,2,False,0,
25601,372,2,00:02,598,52,48,1769,Tezenis Verona,0,7411,3,Federico,Poser,Rimbalzo offensivo,,,,,88,67,1,A,2,False,0,371
25601,373,2,00:02,598,52,48,1769,Tezenis Verona,0,7411,3,Federico,Poser,2 punti sbagliato,7,Appoggio a canestro,,,88,67,1,A,2,False,0,
25601,374,2,00:02,598,52,48,1769,Tezenis Verona,0,7411,3,Federico,Poser,2 punti sbagliato,,,1007,nessun rimbalzo,88,67,1,A,2,False,0,
25601,375,2,00:00,600,52,48,,,,,,,,Fine Tempo,,,,,,,,,,False,0,
25601,376,3,10:00,0,52,48,1752,Bertram Derthona Tortona,1,7431,4,Justin,Gorham,Ingresso,,,,,,,,,,False,0,
25601,377,3,10:00,0,52,48,1752,Bertram Derthona Tortona,1,75,7,Amar,Alibegovic,Uscita,,,,,,,,,,False,0,376
25601,378,3,10:00,0,52,48,1769,Tezenis Verona,0,7411,3,Federico,Poser,Uscita,,,,,,,,,,False,0,376
25601,379,3,10:00,0,52,48,1769,Tezenis Verona,0,6486,11,Andrea,Loro,Ingresso,,,,,,,,,,False,0,376
25601,380,3,10:00,0,52,48,1769,Tezenis Verona,0,106,14,Lorenzo,Ambrosin,Uscita,,,,,,,,,,False,0,376
25601,381,3,10:00,0,52,48,1769,Tezenis Verona,0,9338,100,Jermaine,Samuels,Ingresso,,,,,,,,,,False,0,376
25601,382,3,10:00,0,52,48,,,,,,,,Inizio Tempo,,,,,,,,,,False,0,
25601,383,3,09:47,13,52,48,1769,Tezenis Verona,0,7412,18,Federico,Zampini,Palla persa,50,Passaggio sbagliato,,,23,40,0,A,7,False,0,
25601,384,3,09:47,13,52,48,1752,Bertram Derthona Tortona,1,9038,17,Dominik,Olejniczak,Palla recuperata,,,,,23,40,0,A,7,False,0,383
25601,385,3,09:41,19,52,48,1752,Bertram Derthona Tortona,1,7048,3,Prentiss,Hubb,2 punti sbagliato,8,Da penetrazione,,,96,59,1,A,3,False,0,
25601,386,3,09:41,19,52,48,1769,Tezenis Verona,0,9338,100,Jermaine,Samuels,Rimbalzo difensivo,,,,,96,59,1,A,3,False,0,385
25601,387,3,09:35,25,52,50,1769,Tezenis Verona,0,6616,5,C.J.,Massinburg,2 punti segnato,8,Da penetrazione,500,contropiede,8,61,0,A,3,True,0,
25601,388,3,09:10,50,52,50,1752,Bertram Derthona Tortona,1,9351,21,Dante,Maddox,3 punti sbagliato,6,Arresto e tiro,,,70,29,1,A,9,False,0,
25601,389,3,09:10,50,52,50,1769,Tezenis Verona,0,7412,18,Federico,Zampini,Rimbalzo difensivo,,,,,70,29,1,A,9,False,0,388
25601,390,3,09:00,60,52,50,1769,Tezenis Verona,0,9338,100,Jermaine,Samuels,3 punti sbagliato,1,Tiro in sospensione,,,29,29,0,A,9,False,0,
25601,391,3,09:00,60,52,50,1752,Bertram Derthona Tortona,1,4268,6,Andrea,Pecchia,Rimbalzo difensivo,,,,,29,29,0,A,9,False,0,390
25601,392,3,08:47,73,52,50,1752,Bertram Derthona Tortona,1,7048,3,Prentiss,Hubb,2 punti sbagliato,8,Da penetrazione,1003,tip-in appoggio canestro made,92,55,1,A,3,False,0,
25601,393,3,08:47,73,52,50,1752,Bertram Derthona Tortona,1,9038,17,Dominik,Olejniczak,Rimbalzo offensivo,,,,,92,55,1,A,3,False,0,392
25601,394,3,08:47,73,54,50,1752,Bertram Derthona Tortona,1,9038,17,Dominik,Olejniczak,2 punti segnato,7,Appoggio a canestro,,,92,55,1,A,3,True,0,
25601,395,3,08:23,97,54,50,1769,Tezenis Verona,0,6616,5,C.J.,Massinburg,3 punti sbagliato,1,Tiro in sospensione,,,31,65,0,A,9,False,0,
25601,396,3,08:23,97,54,50,1769,Tezenis Verona,0,6486,11,Andrea,Loro,Rimbalzo offensivo,,,,,31,65,0,A,9,False,0,395
25601,397,3,08:07,113,54,50,1769,Tezenis Verona,0,7412,18,Federico,Zampini,2 punti sbagliato,8,Da penetrazione,,,7,55,0,A,3,False,0,
25601,398,3,08:07,113,54,50,1769,Tezenis Verona,0,9349,10,Mike,Tobey,Rimbalzo offensivo,,,,,7,55,0,A,3,False,0,397
25601,399,3,08:01,119,54,52,1769,Tezenis Verona,0,7412,18,Federico,Zampini,2 punti segnato,1,Tiro in sospensione,,,16,78,0,A,4,False,0,
25601,400,3,08:01,119,54,52,1769,Tezenis Verona,0,9349,10,Mike,Tobey,Assist,,,,,16,78,0,A,4,False,0,399
25601,401,3,07:54,126,54,52,1752,Bertram Derthona Tortona,1,7048,3,Prentiss,Hubb,Palla persa,50,Passaggio sbagliato,,,73,23,1,A,10,False,0,
25601,402,3,07:54,126,54,52,1769,Tezenis Verona,0,7412,18,Federico,Zampini,Palla recuperata,,,,,73,23,1,A,10,False,0,401
25601,403,3,07:49,131,54,52,1769,Tezenis Verona,0,7412,18,Federico,Zampini,2 punti sbagliato,8,Da penetrazione,1005,stoppata,8,44,0,A,3,False,0,
25601,404,3,07:49,131,54,52,1752,Bertram Derthona Tortona,1,7431,4,Justin,Gorham,Stoppata,,,,,8,44,0,A,3,False,0,403
25601,405,3,07:49,131,54,52,1769,Tezenis Verona,0,7412,18,Federico,Zampini,Stoppata subita,,,,,8,44,0,A,3,False,0,403
25601,406,3,07:49,131,54,52,1769,Tezenis Verona,0,,,,,Rimbalzi offensivi di squadra,,,,,8,44,0,A,3,False,0,403
25601,407,3,07:48,132,54,52,1752,Bertram Derthona Tortona,1,4268,6,Andrea,Pecchia,Fallo commesso,100,personale,,,41,45,1,D,9,False,0,
25601,408,3,07:48,132,54,52,1769,Tezenis Verona,0,6616,5,C.J.,Massinburg,Fallo Subito,,,,,41,45,1,D,9,False,0,407
25601,409,3,07:32,148,54,52,1769,Tezenis Verona,0,6616,5,C.J.,Massinburg,3 punti sbagliato,6,Arresto e tiro,,,26,18,0,A,8,False,0,
25601,410,3,07:32,148,54,52,1769,Tezenis Verona,0,6616,5,C.J.,Massinburg,Rimbalzo offensivo,,,,,26,18,0,A,8,False,0,409
25601,411,3,07:25,155,54,55,1769,Tezenis Verona,0,6486,11,Andrea,Loro,3 punti segnato,1,Tiro in sospensione,,,24,83,0,A,10,False,0,
25601,412,3,07:25,155,54,55,1769,Tezenis Verona,0,6616,5,C.J.,Massinburg,Assist,,,,,24,83,0,A,10,False,0,411
25601,413,3,07:09,171,57,55,1752,Bertram Derthona Tortona,1,7048,3,Prentiss,Hubb,3 punti segnato,6,Arresto e tiro,,,68,51,1,A,9,False,0,
25601,414,3,06:49,191,57,55,1752,Bertram Derthona Tortona,1,9038,17,Dominik,Olejniczak,Fallo commesso,103,tiro,,,5,61,1,D,3,False,0,
25601,415,3,06:49,191,57,55,1769,Tezenis Verona,0,9338,100,Jermaine,Samuels,Fallo Subito,,,,,5,61,1,D,3,False,0,414
25601,416,3,06:49,191,57,56,1769,Tezenis Verona,0,9338,100,Jermaine,Samuels,Tiro libero segnato,,,,,,,,A,7,False,0,
25601,417,3,06:49,191,57,57,1769,Tezenis Verona,0,9338,100,Jermaine,Samuels,Tiro libero segnato,,,,,,,,A,7,False,0,416
25601,418,3,06:49,191,57,57,1769,Tezenis Verona,0,6616,5,C.J.,Massinburg,Assist,,,,,,,,,,False,0,416
25601,419,3,06:27,213,57,57,1752,Bertram Derthona Tortona,1,7048,3,Prentiss,Hubb,Palla persa,50,Passaggio sbagliato,,,89,66,1,A,2,False,0,
25601,420,3,06:27,213,57,57,1769,Tezenis Verona,0,6616,5,C.J.,Massinburg,Palla recuperata,,,,,89,66,1,A,2,False,0,419
25601,421,3,06:22,218,57,59,1769,Tezenis Verona,0,6486,11,Andrea,Loro,2 punti segnato,9,Schiacciata,500,contropiede,6,47,0,A,3,True,1,
25601,422,3,06:22,218,57,59,1769,Tezenis Verona,0,6616,5,C.J.,Massinburg,Assist,,,500,contropiede,6,47,0,A,3,False,0,421
25601,423,3,06:08,232,57,59,1752,Bertram Derthona Tortona,1,7048,3,Prentiss,Hubb,Uscita,,,,,,,,,,False,0,
25601,424,3,06:08,232,57,59,1752,Bertram Derthona Tortona,1,9009,42,Aljami,Durham,Ingresso,,,,,,,,,,False,0,423
25601,425,3,06:00,240,59,59,1752,Bertram Derthona Tortona,1,9038,17,Dominik,Olejniczak,2 punti segnato,1,Tiro in sospensione,,,80,67,1,A,2,False,0,
25601,426,3,06:00,240,59,59,1752,Bertram Derthona Tortona,1,9351,21,Dante,Maddox,Assist,,,,,80,67,1,A,2,False,0,425
25601,427,3,05:43,257,59,61,1769,Tezenis Verona,0,6616,5,C.J.,Massinburg,2 punti segnato,8,Da penetrazione,,,9,52,0,A,3,True,0,
25601,428,3,05:26,274,59,61,1769,Tezenis Verona,0,9349,10,Mike,Tobey,Fallo commesso,100,personale,,,96,65,0,D,2,False,0,
25601,429,3,05:26,274,59,61,1752,Bertram Derthona Tortona,1,9038,17,Dominik,Olejniczak,Fallo Subito,,,,,96,65,0,D,2,False,0,428
25601,430,3,05:26,274,59,61,1769,Tezenis Verona,0,7411,3,Federico,Poser,Ingresso,,,,,,,,,,False,0,
25601,431,3,05:26,274,59,61,1769,Tezenis Verona,0,9349,10,Mike,Tobey,Uscita,,,,,,,,,,False,0,430
25601,432,3,05:12,288,62,61,1752,Bertram Derthona Tortona,1,9009,42,Aljami,Durham,3 punti segnato,6,Arresto e tiro,,,71,78,1,A,8,False,0,
25601,433,3,04:52,308,62,61,1769,Tezenis Verona,0,7412,18,Federico,Zampini,Palla persa,50,Passaggio sbagliato,,,24,64,0,A,7,False,0,
25601,434,3,04:52,308,62,61,1752,Bertram Derthona Tortona,1,9038,17,Dominik,Olejniczak,Palla recuperata,,,,,24,64,0,A,7,False,0,433
25601,435,3,04:35,325,64,61,1752,Bertram Derthona Tortona,1,9009,42,Aljami,Durham,2 punti segnato,8,Da penetrazione,,,90,62,1,A,2,True,0,
25601,436,3,04:35,325,64,61,1769,Tezenis Verona,0,9338,100,Jermaine,Samuels,Fallo commesso,103,tiro,,,93,61,0,D,3,False,0,
25601,437,3,04:35,325,64,61,1752,Bertram Derthona Tortona,1,9009,42,Aljami,Durham,Fallo Subito,,,,,93,61,0,D,3,False,0,436
25601,438,3,04:35,325,64,61,1769,Tezenis Verona,0,106,14,Lorenzo,Ambrosin,Ingresso,,,,,,,,,,False,0,
25601,439,3,04:35,325,64,61,1769,Tezenis Verona,0,7412,18,Federico,Zampini,Uscita,,,,,,,,,,False,0,438
25601,440,3,04:35,325,65,61,1752,Bertram Derthona Tortona,1,9009,42,Aljami,Durham,Tiro libero segnato,,,,,,,,A,7,False,0,
25601,441,3,04:21,339,65,64,1769,Tezenis Verona,0,106,14,Lorenzo,Ambrosin,3 punti segnato,1,Tiro in sospensione,,,32,57,0,A,9,False,0,
25601,442,3,04:21,339,65,64,1769,Tezenis Verona,0,6616,5,C.J.,Massinburg,Assist,,,,,32,57,0,A,9,False,0,441
25601,443,3,03:57,363,67,64,1752,Bertram Derthona Tortona,1,7431,4,Justin,Gorham,2 punti segnato,4,Giro e Tiro,,,90,49,1,A,6,True,0,
25601,444,3,03:44,376,67,64,1769,Tezenis Verona,0,9338,100,Jermaine,Samuels,2 punti sbagliato,2,Tiro in corsa,,,9,59,0,A,3,False,0,
25601,445,3,03:44,376,67,64,1752,Bertram Derthona Tortona,1,9038,17,Dominik,Olejniczak,Rimbalzo difensivo,,,,,9,59,1,D,3,False,0,444
25601,446,3,03:37,383,69,64,1752,Bertram Derthona Tortona,1,4268,6,Andrea,Pecchia,2 punti segnato,7,Appoggio a canestro,500,contropiede,94,46,1,A,3,True,0,
25601,447,3,03:37,383,69,64,1752,Bertram Derthona Tortona,1,9038,17,Dominik,Olejniczak,Assist,,,500,contropiede,94,46,1,A,3,False,0,446
25601,448,3,03:37,383,69,64,1769,Tezenis Verona,0,,,,,Time Out,,,,,,,0,,,False,0,
25601,449,3,03:37,383,69,64,1752,Bertram Derthona Tortona,1,7431,4,Justin,Gorham,Uscita,,,,,,,,,,False,0,
25601,450,3,03:37,383,69,64,1752,Bertram Derthona Tortona,1,4268,6,Andrea,Pecchia,Uscita,,,,,,,,,,False,0,449
25601,451,3,03:37,383,69,64,1752,Bertram Derthona Tortona,1,75,7,Amar,Alibegovic,Ingresso,,,,,,,,,,False,0,449
25601,452,3,03:37,383,69,64,1752,Bertram Derthona Tortona,1,656,12,Giordano,Bortolani,Ingresso,,,,,,,,,,False,0,449
25601,453,3,03:37,383,69,64,1752,Bertram Derthona Tortona,1,9038,17,Dominik,Olejniczak,Uscita,,,,,,,,,,False,0,449
25601,454,3,03:37,383,69,64,1752,Bertram Derthona Tortona,1,9006,35,Karim,Jallow,Ingresso,,,,,,,,,,False,0,449
25601,455,3,03:37,383,69,64,1769,Tezenis Verona,0,6616,5,C.J.,Massinburg,Uscita,,,,,,,,,,False,0,449
25601,456,3,03:37,383,69,64,1769,Tezenis Verona,0,7412,18,Federico,Zampini,Ingresso,,,,,,,,,,False,0,449
25601,457,3,03:37,383,69,64,1769,Tezenis Verona,0,9340,22,RJ,Melendez,Ingresso,,,,,,,,,,False,0,449
25601,458,3,03:37,383,69,64,1769,Tezenis Verona,0,9338,100,Jermaine,Samuels,Uscita,,,,,,,,,,False,0,449
25601,459,3,03:20,400,69,66,1769,Tezenis Verona,0,106,14,Lorenzo,Ambrosin,2 punti segnato,8,Da penetrazione,,,6,59,0,A,3,True,0,
25601,461,3,03:01,419,71,66,1752,Bertram Derthona Tortona,1,9351,21,Dante,Maddox,2 punti segnato,6,Arresto e tiro,,,82,35,1,A,4,True,0,
25601,462,3,02:44,436,71,69,1769,Tezenis Verona,0,106,14,Lorenzo,Ambrosin,3 punti segnato,1,Tiro in sospensione,,,32,29,0,A,9,False,0,
25601,463,3,02:44,436,71,69,1769,Tezenis Verona,0,7412,18,Federico,Zampini,Assist,,,,,32,29,0,A,9,False,0,462
25601,464,3,02:30,450,71,69,1769,Tezenis Verona,0,6486,11,Andrea,Loro,Fallo commesso,100,personale,,,87,73,0,D,2,False,0,
25601,465,3,02:30,450,71,69,1752,Bertram Derthona Tortona,1,9351,21,Dante,Maddox,Fallo Subito,,,,,87,73,0,D,2,False,0,464
25601,466,3,02:21,459,71,69,1752,Bertram Derthona Tortona,1,75,7,Amar,Alibegovic,Palla persa,50,Passaggio sbagliato,,,87,47,1,A,6,False,0,
25601,467,3,02:04,476,71,72,1769,Tezenis Verona,0,6486,11,Andrea,Loro,3 punti segnato,6,Arresto e tiro,,,20,11,0,A,8,False,0,
25601,468,3,01:47,493,73,72,1752,Bertram Derthona Tortona,1,9009,42,Aljami,Durham,2 punti segnato,8,Da penetrazione,,,92,59,1,A,3,True,0,
25601,469,3,01:31,509,73,74,1769,Tezenis Verona,0,7412,18,Federico,Zampini,2 punti segnato,8,Da penetrazione,,,9,56,0,A,3,True,0,
25601,470,3,01:31,509,73,74,1752,Bertram Derthona Tortona,1,9009,42,Aljami,Durham,Fallo commesso,103,tiro,,,10,50,1,D,6,False,0,
25601,471,3,01:31,509,73,74,1769,Tezenis Verona,0,7412,18,Federico,Zampini,Fallo Subito,,,,,10,50,1,D,6,False,0,470
25601,472,3,01:31,509,73,74,1769,Tezenis Verona,0,6616,5,C.J.,Massinburg,Ingresso,,,,,,,,,,False,0,
25601,473,3,01:31,509,73,74,1769,Tezenis Verona,0,6486,11,Andrea,Loro,Uscita,,,,,,,,,,False,0,472
25601,474,3,01:31,509,73,75,1769,Tezenis Verona,0,7412,18,Federico,Zampini,Tiro libero segnato,,,,,,,,A,7,False,0,
25601,475,3,01:18,522,76,75,1752,Bertram Derthona Tortona,1,9351,21,Dante,Maddox,3 punti segnato,5,Tiro in Step Back,,,74,18,1,A,10,False,0,
25601,476,3,00:51,549,76,75,1769,Tezenis Verona,0,106,14,Lorenzo,Ambrosin,2 punti sbagliato,8,Da penetrazione,,,12,59,0,A,6,False,0,
25601,477,3,00:51,549,76,75,1769,Tezenis Verona,0,,,,,Rimbalzi offensivi di squadra,,,,,12,59,0,A,6,False,0,476
25601,478,3,00:51,549,76,75,1769,Tezenis Verona,0,6616,5,C.J.,Massinburg,Uscita,,,,,,,,,,False,0,
25601,479,3,00:51,549,76,75,1769,Tezenis Verona,0,6486,11,Andrea,Loro,Ingresso,,,,,,,,,,False,0,478
25601,480,3,00:49,551,76,75,1769,Tezenis Verona,0,6486,11,Andrea,Loro,3 punti sbagliato,1,Tiro in sospensione,1006,violazione 24sec,19,91,0,A,10,False,0,
25601,481,3,00:49,551,76,75,1769,Tezenis Verona,0,,,,,Palle perse di squadra,1006,violazione 24sec,,,19,91,0,A,10,False,0,
25601,482,3,00:34,566,76,75,1752,Bertram Derthona Tortona,1,9009,42,Aljami,Durham,Palla persa,54,Fuori dal campo,,,92,41,1,A,3,False,0,
25601,483,3,00:34,566,76,75,1752,Bertram Derthona Tortona,1,7048,3,Prentiss,Hubb,Ingresso,,,,,,,,,,False,0,
25601,484,3,00:34,566,76,75,1752,Bertram Derthona Tortona,1,4268,6,Andrea,Pecchia,Ingresso,,,,,,,,,,False,0,483
25601,485,3,00:34,566,76,75,1752,Bertram Derthona Tortona,1,9006,35,Karim,Jallow,Uscita,,,,,,,,,,False,0,483
25601,486,3,00:34,566,76,75,1752,Bertram Derthona Tortona,1,9009,42,Aljami,Durham,Uscita,,,,,,,,,,False,0,483
25601,487,3,00:17,583,76,75,1769,Tezenis Verona,0,9340,22,RJ,Melendez,2 punti sbagliato,1,Tiro in sospensione,,,3,86,0,A,4,False,0,
25601,488,3,00:17,583,76,75,1752,Bertram Derthona Tortona,1,9351,21,Dante,Maddox,Rimbalzo difensivo,,,,,3,86,0,A,4,False,0,487
25601,489,3,00:01,599,76,75,1752,Bertram Derthona Tortona,1,9351,21,Dante,Maddox,3 punti sbagliato,5,Tiro in Step Back,1007,nessun rimbalzo,70,72,1,A,9,False,0,
25601,490,3,00:00,600,76,75,,,,,,,,Fine Tempo,,,,,,,,,,False,0,
25601,491,4,10:00,0,76,75,1752,Bertram Derthona Tortona,1,7048,3,Prentiss,Hubb,Uscita,,,,,,,,,,False,0,
25601,492,4,10:00,0,76,75,1752,Bertram Derthona Tortona,1,7431,4,Justin,Gorham,Ingresso,,,,,,,,,,False,0,491
25601,493,4,10:00,0,76,75,1752,Bertram Derthona Tortona,1,4268,6,Andrea,Pecchia,Uscita,,,,,,,,,,False,0,491
25601,494,4,10:00,0,76,75,1752,Bertram Derthona Tortona,1,9351,21,Dante,Maddox,Uscita,,,,,,,,,,False,0,491
25601,495,4,10:00,0,76,75,1752,Bertram Derthona Tortona,1,9006,35,Karim,Jallow,Ingresso,,,,,,,,,,False,0,491
25601,496,4,10:00,0,76,75,1752,Bertram Derthona Tortona,1,9009,42,Aljami,Durham,Ingresso,,,,,,,,,,False,0,491
25601,497,4,10:00,0,76,75,,,,,,,,Inizio Tempo,,,,,,,,,,False,0,
25601,498,4,09:44,16,78,75,1752,Bertram Derthona Tortona,1,75,7,Amar,Alibegovic,2 punti segnato,8,Da penetrazione,,,93,46,1,A,3,True,0,
25601,499,4,09:26,34,78,75,1769,Tezenis Verona,0,106,14,Lorenzo,Ambrosin,3 punti sbagliato,1,Tiro in sospensione,,,27,20,0,A,8,False,0,
25601,500,4,09:26,34,78,75,1752,Bertram Derthona Tortona,1,7431,4,Justin,Gorham,Rimbalzo difensivo,,,,,27,20,0,A,8,False,0,499
25601,501,4,09:17,43,78,75,1769,Tezenis Verona,0,7411,3,Federico,Poser,Fallo commesso,100,personale,,,90,57,0,D,6,False,0,
25601,502,4,09:17,43,78,75,1752,Bertram Derthona Tortona,1,75,7,Amar,Alibegovic,Fallo Subito,,,,,90,57,0,D,6,False,0,501
25601,503,4,09:17,43,78,75,1769,Tezenis Verona,0,9349,10,Mike,Tobey,Ingresso,,,,,,,,,,False,0,
25601,504,4,09:17,43,78,75,1769,Tezenis Verona,0,6486,11,Andrea,Loro,Uscita,,,,,,,,,,False,0,503
25601,505,4,09:17,43,80,75,1752,Bertram Derthona Tortona,1,656,12,Giordano,Bortolani,2 punti segnato,6,Arresto e tiro,,,95,78,1,A,2,False,0,
25601,506,4,09:17,43,80,75,1752,Bertram Derthona Tortona,1,9009,42,Aljami,Durham,Assist,,,,,95,78,1,A,2,False,0,505
25601,507,4,09:17,43,80,75,1769,Tezenis Verona,0,7411,3,Federico,Poser,2 punti sbagliato,8,Da penetrazione,,,9,61,0,A,3,False,0,
25601,508,4,09:17,43,80,75,1752,Bertram Derthona Tortona,1,75,7,Amar,Alibegovic,Rimbalzo difensivo,,,,,9,61,0,A,3,False,0,507
25601,509,4,09:17,43,80,75,1752,Bertram Derthona Tortona,1,75,7,Amar,Alibegovic,Palla persa,51,Palleggio,,,40,56,1,D,9,False,0,
25601,510,4,09:17,43,80,75,1769,Tezenis Verona,0,9349,10,Mike,Tobey,Palla recuperata,,,,,40,56,1,D,9,False,0,509
25601,511,4,09:17,43,80,77,1769,Tezenis Verona,0,9349,10,Mike,Tobey,2 punti segnato,9,Schiacciata,500,contropiede,8,47,0,A,3,True,1,
25601,512,4,09:17,43,80,77,1769,Tezenis Verona,0,7411,3,Federico,Poser,Fallo commesso,103,tiro,,,92,47,0,D,3,False,0,
25601,513,4,09:17,43,80,77,1752,Bertram Derthona Tortona,1,7431,4,Justin,Gorham,Fallo Subito,,,,,92,47,0,D,3,False,0,512
25601,514,4,08:55,65,80,77,1769,Tezenis Verona,0,6616,5,C.J.,Massinburg,Ingresso,,,,,,,,,,False,0,
25601,515,4,08:55,65,80,77,1769,Tezenis Verona,0,106,14,Lorenzo,Ambrosin,Uscita,,,,,,,,,,False,0,514
25601,516,4,08:55,65,81,77,1752,Bertram Derthona Tortona,1,7431,4,Justin,Gorham,Tiro libero segnato,500,contropiede,,,,,,A,7,False,0,
25601,517,4,08:55,65,82,77,1752,Bertram Derthona Tortona,1,7431,4,Justin,Gorham,Tiro libero segnato,500,contropiede,,,,,,A,7,False,0,516
25601,518,4,08:55,65,82,77,1752,Bertram Derthona Tortona,1,9009,42,Aljami,Durham,Assist,,,,,,,,,,False,0,516
25601,519,4,08:30,90,82,77,1769,Tezenis Verona,0,7411,3,Federico,Poser,2 punti sbagliato,7,Appoggio a canestro,1001,tip-in schiacciata made,6,55,0,A,3,False,0,
25601,520,4,08:30,90,82,77,1769,Tezenis Verona,0,9349,10,Mike,Tobey,Rimbalzo offensivo,,,,,6,55,0,A,3,False,0,519
25601,521,4,08:30,90,82,79,1769,Tezenis Verona,0,9349,10,Mike,Tobey,2 punti segnato,9,Schiacciata,,,6,55,0,A,3,True,1,
25601,522,4,08:10,110,82,79,1752,Bertram Derthona Tortona,1,656,12,Giordano,Bortolani,3 punti sbagliato,1,Tiro in sospensione,,,67,63,1,A,9,False,0,
25601,523,4,08:10,110,82,79,1769,Tezenis Verona,0,,,,,Rimbalzi difensivi di squadra,,,,,67,63,1,A,9,False,0,522
25601,524,4,08:08,112,82,79,1752,Bertram Derthona Tortona,1,75,7,Amar,Alibegovic,Fallo commesso,100,personale,,,81,53,1,A,6,False,0,
25601,525,4,08:08,112,82,79,1769,Tezenis Verona,0,6616,5,C.J.,Massinburg,Fallo Subito,,,,,81,53,1,A,6,False,0,524
25601,526,4,08:08,112,82,79,1769,Tezenis Verona,0,7411,3,Federico,Poser,Uscita,,,,,,,,,,False,0,
25601,527,4,08:08,112,82,79,1769,Tezenis Verona,0,9338,100,Jermaine,Samuels,Ingresso,,,,,,,,,,False,0,526
25601,528,4,07:38,142,82,81,1769,Tezenis Verona,0,9338,100,Jermaine,Samuels,2 punti segnato,4,Giro e Tiro,,,7,44,0,A,3,True,0,
25601,529,4,07:18,162,84,81,1752,Bertram Derthona Tortona,1,75,7,Amar,Alibegovic,2 punti segnato,7,Appoggio a canestro,,,95,45,1,A,3,True,0,
25601,530,4,07:18,162,84,81,1752,Bertram Derthona Tortona,1,7431,4,Justin,Gorham,Assist,,,,,95,45,1,A,3,False,0,529
25601,531,4,07:18,162,84,81,1769,Tezenis Verona,0,9340,22,RJ,Melendez,Fallo commesso,103,tiro,,,94,50,0,D,3,False,0,
25601,532,4,07:18,162,84,81,1752,Bertram Derthona Tortona,1,75,7,Amar,Alibegovic,Fallo Subito,,,,,94,50,0,D,3,False,0,531
25601,533,4,07:18,162,84,81,1752,Bertram Derthona Tortona,1,75,7,Amar,Alibegovic,Tiro libero sbagliato,,,,,,,,A,7,False,0,
25601,534,4,07:18,162,84,81,1769,Tezenis Verona,0,9338,100,Jermaine,Samuels,Rimbalzo difensivo,,,,,,,,,,False,0,533
25601,535,4,06:58,182,84,81,1769,Tezenis Verona,0,7412,18,Federico,Zampini,3 punti sbagliato,6,Arresto e tiro,,,28,72,0,A,9,False,0,
25601,536,4,06:58,182,84,81,1769,Tezenis Verona,0,9349,10,Mike,Tobey,Rimbalzo offensivo,,,,,28,72,0,A,9,False,0,535
25601,537,4,06:56,184,84,81,1752,Bertram Derthona Tortona,1,9009,42,Aljami,Durham,Fallo commesso,100,personale,,,9,59,1,D,3,False,0,
25601,538,4,06:56,184,84,81,1769,Tezenis Verona,0,9349,10,Mike,Tobey,Fallo Subito,,,,,9,59,1,D,3,False,0,537
25601,539,4,06:56,184,84,81,1752,Bertram Derthona Tortona,1,7048,3,Prentiss,Hubb,Ingresso,,,,,,,,,,False,0,
25601,540,4,06:56,184,84,81,1752,Bertram Derthona Tortona,1,9009,42,Aljami,Durham,Uscita,,,,,,,,,,False,0,539
25601,541,4,06:50,190,84,81,1769,Tezenis Verona,0,9349,10,Mike,Tobey,Palla persa,53,Passi,,,28,24,0,A,8,False,0,
25601,542,4,06:38,202,86,81,1752,Bertram Derthona Tortona,1,75,7,Amar,Alibegovic,2 punti segnato,1,Tiro in sospensione,,,94,64,1,A,2,True,0,
25601,543,4,06:38,202,86,81,1752,Bertram Derthona Tortona,1,9006,35,Karim,Jallow,Assist,,,,,94,64,1,A,2,False,0,542
25601,544,4,06:36,204,86,81,1769,Tezenis Verona,0,,,,,Time Out,,,,,,,0,,,False,0,
25601,545,4,06:17,223,86,83,1769,Tezenis Verona,0,6616,5,C.J.,Massinburg,2 punti segnato,6,Arresto e tiro,,,14,31,0,A,2,False,0,
25601,546,4,06:03,237,86,83,1752,Bertram Derthona Tortona,1,9006,35,Karim,Jallow,2 punti sbagliato,7,Appoggio a canestro,1005,stoppata,92,49,1,A,3,False,0,
25601,547,4,06:03,237,86,83,1769,Tezenis Verona,0,9340,22,RJ,Melendez,Stoppata,,,,,92,49,1,A,3,False,0,546
25601,548,4,06:03,237,86,83,1752,Bertram Derthona Tortona,1,9006,35,Karim,Jallow,Stoppata subita,,,,,92,49,1,A,3,False,0,546
25601,549,4,06:03,237,86,83,1769,Tezenis Verona,0,9338,100,Jermaine,Samuels,Rimbalzo difensivo,,,,,92,49,1,A,3,False,0,546
25601,550,4,05:55,245,86,83,1769,Tezenis Verona,0,9338,100,Jermaine,Samuels,Palla persa,50,Passaggio sbagliato,,,16,57,0,A,6,False,0,
25601,551,4,05:55,245,86,83,1752,Bertram Derthona Tortona,1,656,12,Giordano,Bortolani,Palla recuperata,,,,,16,57,0,A,6,False,0,550
25601,552,4,05:50,250,86,83,1752,Bertram Derthona Tortona,1,656,12,Giordano,Bortolani,2 punti sbagliato,6,Arresto e tiro,,,80,51,1,A,6,False,0,
25601,553,4,05:50,250,86,83,1752,Bertram Derthona Tortona,1,9006,35,Karim,Jallow,Rimbalzo offensivo,,,,,80,51,1,A,6,False,0,552
25601,554,4,05:44,256,86,83,1752,Bertram Derthona Tortona,1,7048,3,Prentiss,Hubb,3 punti sbagliato,1,Tiro in sospensione,,,75,83,1,A,8,False,0,
25601,555,4,05:44,256,86,83,1769,Tezenis Verona,0,9349,10,Mike,Tobey,Rimbalzo difensivo,,,,,75,83,1,A,8,False,0,554
25601,556,4,05:28,272,86,83,1769,Tezenis Verona,0,6616,5,C.J.,Massinburg,2 punti sbagliato,8,Da penetrazione,,,8,41,0,A,3,False,0,
25601,557,4,05:28,272,86,83,1752,Bertram Derthona Tortona,1,7431,4,Justin,Gorham,Rimbalzo difensivo,,,,,8,41,0,A,3,False,0,556
25601,558,4,05:20,280,89,83,1752,Bertram Derthona Tortona,1,656,12,Giordano,Bortolani,3 punti segnato,1,Tiro in sospensione,500,contropiede,93,97,1,A,1,False,0,
25601,559,4,05:20,280,89,83,1752,Bertram Derthona Tortona,1,7048,3,Prentiss,Hubb,Assist,,,500,contropiede,93,97,1,A,1,False,0,558
25601,560,4,04:54,306,89,83,1769,Tezenis Verona,0,7412,18,Federico,Zampini,3 punti sbagliato,5,Tiro in Step Back,,,25,17,0,A,8,False,0,
25601,561,4,04:54,306,89,83,1752,Bertram Derthona Tortona,1,656,12,Giordano,Bortolani,Rimbalzo difensivo,,,,,25,17,0,A,8,False,0,560
25601,562,4,04:50,310,89,83,1769,Tezenis Verona,0,6616,5,C.J.,Massinburg,Fallo commesso,100,personale,,,42,77,0,A,10,False,0,
25601,563,4,04:50,310,89,83,1752,Bertram Derthona Tortona,1,656,12,Giordano,Bortolani,Fallo Subito,,,,,42,77,0,A,10,False,0,562
25601,564,4,04:50,310,89,83,1769,Tezenis Verona,0,,,,,Time Out,,,,,,,0,,,False,0,
25601,565,4,04:50,310,89,83,1769,Tezenis Verona,0,6486,11,Andrea,Loro,Ingresso,,,,,,,,,,False,0,
25601,566,4,04:50,310,89,83,1769,Tezenis Verona,0,9338,100,Jermaine,Samuels,Uscita,,,,,,,,,,False,0,565
25601,567,4,04:28,332,91,83,1752,Bertram Derthona Tortona,1,7431,4,Justin,Gorham,2 punti segnato,4,Giro e Tiro,,,91,69,1,A,2,False,0,
25601,568,4,04:04,356,91,85,1769,Tezenis Verona,0,9349,10,Mike,Tobey,2 punti segnato,7,Appoggio a canestro,,,5,61,0,A,3,True,0,
25601,569,4,04:04,356,91,85,1769,Tezenis Verona,0,6616,5,C.J.,Massinburg,Assist,,,,,5,61,0,A,3,False,0,568
25601,570,4,03:52,368,91,85,1752,Bertram Derthona Tortona,1,75,7,Amar,Alibegovic,3 punti sbagliato,1,Tiro in sospensione,,,71,31,1,A,9,False,0,
25601,571,4,03:52,368,91,85,1769,Tezenis Verona,0,7412,18,Federico,Zampini,Rimbalzo difensivo,,,,,71,31,1,A,9,False,0,570
25601,572,4,03:40,380,91,87,1769,Tezenis Verona,0,9340,22,RJ,Melendez,2 punti segnato,8,Da penetrazione,,,8,52,0,A,3,True,0,
25601,573,4,03:25,395,91,87,1769,Tezenis Verona,0,9340,22,RJ,Melendez,Fallo commesso,103,tiro,,,92,42,0,D,3,False,0,
25601,574,4,03:25,395,91,87,1752,Bertram Derthona Tortona,1,75,7,Amar,Alibegovic,Fallo Subito,,,,,92,42,0,D,3,False,0,573
25601,575,4,03:25,395,91,87,1769,Tezenis Verona,0,9340,22,RJ,Melendez,Uscita,,,,,,,,,,False,0,
25601,576,4,03:25,395,91,87,1769,Tezenis Verona,0,9338,100,Jermaine,Samuels,Ingresso,,,,,,,,,,False,0,575
25601,577,4,03:25,395,92,87,1752,Bertram Derthona Tortona,1,75,7,Amar,Alibegovic,Tiro libero segnato,,,,,,,,A,7,False,0,
25601,578,4,03:25,395,93,87,1752,Bertram Derthona Tortona,1,75,7,Amar,Alibegovic,Tiro libero segnato,,,,,,,,A,7,False,0,577
25601,579,4,03:25,395,93,87,1752,Bertram Derthona Tortona,1,7048,3,Prentiss,Hubb,Assist,,,,,,,,,,False,0,577
25601,580,4,03:25,395,93,87,1752,Bertram Derthona Tortona,1,75,7,Amar,Alibegovic,Uscita,,,,,,,,,,False,0,
25601,581,4,03:25,395,93,87,1752,Bertram Derthona Tortona,1,9038,17,Dominik,Olejniczak,Ingresso,,,,,,,,,,False,0,580
25601,582,4,03:05,415,93,89,1769,Tezenis Verona,0,9349,10,Mike,Tobey,2 punti segnato,8,Da penetrazione,,,9,56,0,A,3,True,0,
25601,583,4,02:40,440,93,89,1752,Bertram Derthona Tortona,1,7048,3,Prentiss,Hubb,2 punti sbagliato,6,Arresto e tiro,,,82,47,1,A,6,False,0,
25601,584,4,02:40,440,93,89,1769,Tezenis Verona,0,6486,11,Andrea,Loro,Rimbalzo difensivo,,,,,82,47,1,A,6,False,0,583
25601,585,4,02:28,452,93,89,1769,Tezenis Verona,0,6486,11,Andrea,Loro,3 punti sbagliato,1,Tiro in sospensione,,,29,84,0,A,10,False,0,
25601,586,4,02:28,452,93,89,1769,Tezenis Verona,0,9338,100,Jermaine,Samuels,Rimbalzo offensivo,,,,,29,84,0,A,10,False,0,585
25601,591,4,02:25,455,93,89,1769,Tezenis Verona,0,,,,,Palle perse di squadra,602,24 Secondi,,,,,0,,,False,0,
25601,590,4,02:25,455,93,89,1769,Tezenis Verona,0,9338,100,Jermaine,Samuels,2 punti sbagliato,1,Tiro in sospensione,,,7,52,0,A,3,False,0,
25601,589,4,02:15,465,93,89,1752,Bertram Derthona Tortona,1,,,,,Time Out,,,,,,,1,,,False,0,
25601,592,4,02:15,465,93,89,1752,Bertram Derthona Tortona,1,656,12,Giordano,Bortolani,Uscita,,,,,,,,,,False,0,
25601,593,4,02:15,465,93,89,1752,Bertram Derthona Tortona,1,9351,21,Dante,Maddox,Ingresso,,,,,,,,,,False,0,592
25601,594,4,02:04,476,96,89,1752,Bertram Derthona Tortona,1,7048,3,Prentiss,Hubb,3 punti segnato,1,Tiro in sospensione,,,75,18,1,A,10,False,0,
25601,595,4,02:04,476,96,89,1752,Bertram Derthona Tortona,1,9006,35,Karim,Jallow,Assist,,,,,75,18,1,A,10,False,0,594
25601,596,4,01:46,494,96,89,1769,Tezenis Verona,0,9338,100,Jermaine,Samuels,2 punti sbagliato,8,Da penetrazione,,,8,59,0,A,3,False,0,
25601,597,4,01:46,494,96,89,1769,Tezenis Verona,0,9349,10,Mike,Tobey,Rimbalzo offensivo,,,,,8,59,0,A,3,False,0,596
25601,598,4,01:38,502,96,89,1769,Tezenis Verona,0,7412,18,Federico,Zampini,3 punti sbagliato,1,Tiro in sospensione,,,31,64,0,A,9,False,0,
25601,599,4,01:38,502,96,89,1752,Bertram Derthona Tortona,1,9351,21,Dante,Maddox,Rimbalzo difensivo,,,,,31,64,0,A,9,False,0,598
25601,600,4,01:32,508,98,89,1752,Bertram Derthona Tortona,1,7048,3,Prentiss,Hubb,2 punti segnato,2,Tiro in corsa,500,contropiede,94,59,1,A,3,True,0,
25601,601,4,01:32,508,98,89,1752,Bertram Derthona Tortona,1,9351,21,Dante,Maddox,Assist,,,500,contropiede,94,59,1,A,3,False,0,600
25601,602,4,01:18,522,98,89,1769,Tezenis Verona,0,9349,10,Mike,Tobey,3 punti sbagliato,1,Tiro in sospensione,,,16,7,0,A,8,False,0,
25601,603,4,01:18,522,98,89,1752,Bertram Derthona Tortona,1,9038,17,Dominik,Olejniczak,Rimbalzo difensivo,,,,,16,7,0,A,8,False,0,602
25601,604,4,01:13,527,98,89,1769,Tezenis Verona,0,9338,100,Jermaine,Samuels,Fallo commesso,100,personale,,,16,17,0,A,2,False,0,
25601,605,4,01:13,527,98,89,1752,Bertram Derthona Tortona,1,9038,17,Dominik,Olejniczak,Fallo Subito,,,,,16,17,0,A,2,False,0,604
25601,606,4,01:13,527,98,89,1752,Bertram Derthona Tortona,1,9038,17,Dominik,Olejniczak,Tiro libero sbagliato,,,,,,,,A,7,False,0,
25601,607,4,01:13,527,99,89,1752,Bertram Derthona Tortona,1,9038,17,Dominik,Olejniczak,Tiro libero segnato,,,,,,,,A,7,False,0,606
25601,608,4,01:13,527,99,89,1752,Bertram Derthona Tortona,1,4268,6,Andrea,Pecchia,Ingresso,,,,,,,,,,False,0,
25601,609,4,01:13,527,99,89,1752,Bertram Derthona Tortona,1,9038,17,Dominik,Olejniczak,Uscita,,,,,,,,,,False,0,608
25601,610,4,01:13,527,99,89,1769,Tezenis Verona,0,7411,3,Federico,Poser,Ingresso,,,,,,,,,,False,0,608
25601,611,4,01:13,527,99,89,1769,Tezenis Verona,0,6616,5,C.J.,Massinburg,Uscita,,,,,,,,,,False,0,608
25601,612,4,01:13,527,99,89,1769,Tezenis Verona,0,9349,10,Mike,Tobey,Uscita,,,,,,,,,,False,0,608
25601,613,4,01:13,527,99,89,1769,Tezenis Verona,0,106,14,Lorenzo,Ambrosin,Ingresso,,,,,,,,,,False,0,608
25601,614,4,01:03,537,99,89,1769,Tezenis Verona,0,6486,11,Andrea,Loro,2 punti sbagliato,6,Arresto e tiro,1004,tip-in appoggio canestro miss,3,77,0,A,4,False,0,
25601,615,4,01:03,537,99,89,1769,Tezenis Verona,0,7411,3,Federico,Poser,Rimbalzo offensivo,,,,,3,77,0,A,4,False,0,614
25601,616,4,01:03,537,99,89,1769,Tezenis Verona,0,7411,3,Federico,Poser,2 punti sbagliato,7,Appoggio a canestro,,,3,77,0,A,4,False,0,
25601,617,4,01:03,537,99,89,1769,Tezenis Verona,0,7411,3,Federico,Poser,Rimbalzo offensivo,,,,,3,77,0,A,4,False,0,616
25601,618,4,01:03,537,99,91,1769,Tezenis Verona,0,7411,3,Federico,Poser,2 punti segnato,7,Appoggio a canestro,,,3,77,0,A,4,False,0,
25601,619,4,00:44,556,99,91,1752,Bertram Derthona Tortona,1,7048,3,Prentiss,Hubb,3 punti sbagliato,6,Arresto e tiro,,,67,52,1,A,9,False,0,
25601,620,4,00:44,556,99,91,1769,Tezenis Verona,0,7411,3,Federico,Poser,Rimbalzo difensivo,,,,,67,52,1,A,9,False,0,619
25601,621,4,00:26,574,99,93,1769,Tezenis Verona,0,9338,100,Jermaine,Samuels,2 punti segnato,4,Giro e Tiro,,,10,51,0,A,6,True,0,
25601,623,4,00:26,574,99,93,1769,Tezenis Verona,0,6486,11,Andrea,Loro,Assist,,,,,10,51,0,A,6,False,0,621
25601,624,4,00:25,575,99,93,1752,Bertram Derthona Tortona,1,4268,6,Andrea,Pecchia,Uscita,,,,,,,,,,False,0,
25601,625,4,00:25,575,99,93,1752,Bertram Derthona Tortona,1,9038,17,Dominik,Olejniczak,Ingresso,,,,,,,,,,False,0,624
25601,626,4,00:03,597,101,93,1752,Bertram Derthona Tortona,1,9351,21,Dante,Maddox,2 punti segnato,6,Arresto e tiro,,,85,71,1,A,2,False,0,
25601,627,4,00:03,597,101,93,1769,Tezenis Verona,0,7411,3,Federico,Poser,Fallo commesso,103,tiro,,,89,71,0,D,2,False,0,
25601,628,4,00:03,597,101,93,1752,Bertram Derthona Tortona,1,9351,21,Dante,Maddox,Fallo Subito,,,,,89,71,0,D,2,False,0,627
25601,629,4,00:03,597,101,93,1752,Bertram Derthona Tortona,1,9351,21,Dante,Maddox,Tiro libero sbagliato,,,,,,,,A,7,False,0,
25601,630,4,00:03,597,101,93,1769,Tezenis Verona,0,9338,100,Jermaine,Samuels,Rimbalzo difensivo,,,,,,,,,,False,0,629
25601,631,4,00:00,600,101,93,1769,Tezenis Verona,0,106,14,Lorenzo,Ambrosin,3 punti sbagliato,6,Arresto e tiro,1007,nessun rimbalzo,24,88,0,A,10,False,0,
25601,632,4,00:00,600,101,93,,,,,,,,Fine Tempo,,,,,,,,,,False,0,
25602,103,1,10:00,0,0,0,,,,,,,,Inizio Tempo,,,,,,,,,,False,0,
25602,104,1,10:00,0,0,0,1764,Nutribullet Treviso Basket,1,9041,3,Brekkott,Chapman,Palla contesa,,,,,,,0,,,False,0,
25602,105,1,09:44,16,0,0,1764,Nutribullet Treviso Basket,1,6191,55,JP,Macura,3 punti sbagliato,1,Tiro in sospensione,,,31,63,0,A,9,False,0,
25602,106,1,09:44,16,0,0,1764,Nutribullet Treviso Basket,1,,,,,Rimbalzi offensivi di squadra,,,,,31,63,0,A,9,False,0,105
25602,107,1,09:31,29,0,0,1764,Nutribullet Treviso Basket,1,9042,13,Ike,Anigbogu,2 punti sbagliato,6,Arresto e tiro,,,19,65,0,A,4,False,0,
25602,108,1,09:31,29,0,0,1764,Nutribullet Treviso Basket,1,,,,,Rimbalzi offensivi di squadra,,,,,19,65,0,A,4,False,0,107
25602,109,1,09:16,44,0,0,1764,Nutribullet Treviso Basket,1,9041,3,Brekkott,Chapman,3 punti sbagliato,1,Tiro in sospensione,,,32,51,0,A,9,False,0,
25602,110,1,09:16,44,0,0,1761,BC Roma,0,9382,19,Marko,Simonovic,Rimbalzo difensivo,,,,,32,51,0,A,9,False,0,109
25602,111,1,08:59,61,0,2,1761,BC Roma,0,9380,11,Gerald,Ayayi,2 punti segnato,8,Da penetrazione,,,95,50,1,A,3,True,0,
25602,112,1,08:37,83,0,2,1761,BC Roma,0,6138,1,Niccolò,Mannion,Fallo commesso,100,personale,,,6,20,1,D,2,False,0,
25602,113,1,08:37,83,0,2,1764,Nutribullet Treviso Basket,1,9041,3,Brekkott,Chapman,Fallo Subito,,,,,6,20,1,D,2,False,0,112
25602,114,1,08:33,87,2,2,1764,Nutribullet Treviso Basket,1,4879,4,DeWayne,Russell,2 punti segnato,6,Arresto e tiro,,,11,70,0,A,4,False,0,
25602,115,1,08:14,106,2,2,1761,BC Roma,0,5369,12,Arturs,Strautins,2 punti sbagliato,9,Schiacciata,1005,stoppata,94,41,1,A,3,False,0,
25602,116,1,08:14,106,2,2,1764,Nutribullet Treviso Basket,1,9041,3,Brekkott,Chapman,Stoppata,,,,,94,41,1,A,3,False,0,115
25602,117,1,08:14,106,2,2,1761,BC Roma,0,5369,12,Arturs,Strautins,Stoppata subita,,,,,94,41,1,A,3,False,0,115
25602,118,1,08:14,106,2,2,1761,BC Roma,0,,,,,Rimbalzi offensivi di squadra,,,,,94,41,1,A,3,False,0,115
25602,119,1,08:12,108,2,2,1761,BC Roma,0,9380,11,Gerald,Ayayi,Palla persa,50,Passaggio sbagliato,,,64,9,1,A,10,False,0,
25602,120,1,08:12,108,2,2,1764,Nutribullet Treviso Basket,1,4879,4,DeWayne,Russell,Palla recuperata,,,,,64,9,1,A,10,False,0,119
25602,121,1,08:05,115,5,2,1764,Nutribullet Treviso Basket,1,6191,55,JP,Macura,3 punti segnato,1,Tiro in sospensione,,,28,25,0,A,8,False,0,
25602,122,1,07:53,127,5,5,1761,BC Roma,0,5369,12,Arturs,Strautins,3 punti segnato,1,Tiro in sospensione,,,95,97,1,A,1,False,0,
25602,123,1,07:53,127,5,5,1761,BC Roma,0,6138,1,Niccolò,Mannion,Assist,,,,,95,97,1,A,1,False,0,122
25602,124,1,07:41,139,7,5,1764,Nutribullet Treviso Basket,1,9042,13,Ike,Anigbogu,2 punti segnato,9,Schiacciata,,,5,50,0,A,3,True,1,
25602,125,1,07:41,139,7,5,1764,Nutribullet Treviso Basket,1,9331,2,Chico,Carter,Assist,,,,,5,50,0,A,3,False,0,124
25602,126,1,07:26,154,7,5,1761,BC Roma,0,6138,1,Niccolò,Mannion,3 punti sbagliato,1,Tiro in sospensione,,,69,63,1,A,9,False,0,
25602,127,1,07:26,154,7,5,1764,Nutribullet Treviso Basket,1,9041,3,Brekkott,Chapman,Rimbalzo difensivo,,,,,69,63,1,A,9,False,0,126
25602,128,1,07:19,161,10,5,1764,Nutribullet Treviso Basket,1,9331,2,Chico,Carter,3 punti segnato,1,Tiro in sospensione,,,3,2,0,A,1,False,0,
25602,129,1,07:19,161,10,5,1764,Nutribullet Treviso Basket,1,4879,4,DeWayne,Russell,Assist,,,,,3,2,0,A,1,False,0,128
25602,130,1,07:00,180,10,5,1761,BC Roma,0,5369,12,Arturs,Strautins,2 punti sbagliato,6,Arresto e tiro,,,93,16,1,A,4,False,0,
25602,131,1,07:00,180,10,5,1761,BC Roma,0,3710,24,Andrea,Mezzanotte,Rimbalzo offensivo,,,,,93,16,1,A,4,False,0,130
25602,132,1,06:54,186,10,5,1761,BC Roma,0,9382,19,Marko,Simonovic,3 punti sbagliato,1,Tiro in sospensione,,,79,90,1,A,8,False,0,
25602,133,1,06:54,186,10,5,1764,Nutribullet Treviso Basket,1,9331,2,Chico,Carter,Rimbalzo difensivo,,,,,79,90,1,A,8,False,0,132
25602,134,1,06:47,193,10,5,1761,BC Roma,0,9382,19,Marko,Simonovic,Fallo commesso,100,personale,,,8,44,1,D,3,False,0,
25602,135,1,06:47,193,10,5,1764,Nutribullet Treviso Basket,1,9042,13,Ike,Anigbogu,Fallo Subito,,,,,8,44,1,D,3,False,0,134
25602,136,1,06:47,193,10,5,1761,BC Roma,0,9381,9,Trentyn,Flowers,Ingresso,,,,,,,,,,False,0,
25602,137,1,06:47,193,10,5,1761,BC Roma,0,3710,24,Andrea,Mezzanotte,Uscita,,,,,,,,,,False,0,136
25602,138,1,06:38,202,12,5,1764,Nutribullet Treviso Basket,1,9042,13,Ike,Anigbogu,2 punti segnato,1,Tiro in sospensione,,,22,52,0,A,7,False,0,
25602,139,1,06:38,202,12,5,1764,Nutribullet Treviso Basket,1,4879,4,DeWayne,Russell,Assist,,,,,22,52,0,A,7,False,0,138
25602,140,1,06:35,205,12,5,1761,BC Roma,0,,,,,Time Out,,,,,,,1,,,False,0,
25602,141,1,06:28,212,12,5,1764,Nutribullet Treviso Basket,1,9331,2,Chico,Carter,Fallo commesso,100,personale,,,78,33,0,D,7,False,0,
25602,142,1,06:28,212,12,5,1761,BC Roma,0,9380,11,Gerald,Ayayi,Fallo Subito,,,,,78,33,0,D,7,False,0,141
25602,143,1,06:22,218,12,5,1764,Nutribullet Treviso Basket,1,9042,13,Ike,Anigbogu,Fallo commesso,100,personale,,,68,32,0,D,9,False,0,
25602,144,1,06:22,218,12,5,1761,BC Roma,0,6138,1,Niccolò,Mannion,Fallo Subito,,,,,68,32,0,D,9,False,0,143
25602,145,1,06:15,225,12,7,1761,BC Roma,0,9382,19,Marko,Simonovic,2 punti segnato,7,Appoggio a canestro,,,94,51,1,A,3,True,0,
25602,146,1,06:15,225,12,7,1761,BC Roma,0,6138,1,Niccolò,Mannion,Assist,,,,,94,51,1,A,3,False,0,145
25602,147,1,06:03,237,14,7,1764,Nutribullet Treviso Basket,1,9041,3,Brekkott,Chapman,2 punti segnato,10,Alley-oop,,,5,52,0,A,3,True,0,
25602,148,1,06:03,237,14,7,1764,Nutribullet Treviso Basket,1,6191,55,JP,Macura,Assist,,,,,5,52,0,A,3,False,0,147
25602,149,1,05:46,254,14,7,1761,BC Roma,0,5369,12,Arturs,Strautins,3 punti sbagliato,1,Tiro in sospensione,,,70,71,1,A,9,False,0,
25602,150,1,05:46,254,14,7,1761,BC Roma,0,,,,,Rimbalzi offensivi di squadra,,,,,70,71,1,A,9,False,0,149
25602,151,1,05:43,257,14,7,1764,Nutribullet Treviso Basket,1,9042,13,Ike,Anigbogu,Uscita,,,,,,,,,,False,0,
25602,152,1,05:43,257,14,7,1764,Nutribullet Treviso Basket,1,9333,97,Valentine,Chery,Ingresso,,,,,,,,,,False,0,151
25602,153,1,05:32,268,14,9,1761,BC Roma,0,9382,19,Marko,Simonovic,2 punti segnato,7,Appoggio a canestro,,,94,49,1,A,3,True,0,
25602,154,1,05:32,268,14,9,1761,BC Roma,0,6138,1,Niccolò,Mannion,Assist,,,,,94,49,1,A,3,False,0,153
25602,155,1,05:21,279,14,9,1764,Nutribullet Treviso Basket,1,6191,55,JP,Macura,3 punti sbagliato,6,Arresto e tiro,,,32,39,0,A,9,False,0,
25602,156,1,05:21,279,14,9,1761,BC Roma,0,6138,1,Niccolò,Mannion,Rimbalzo difensivo,,,,,32,39,0,A,9,False,0,155
25602,157,1,05:13,287,14,9,1761,BC Roma,0,9381,9,Trentyn,Flowers,3 punti sbagliato,1,Tiro in sospensione,,,93,3,1,A,5,False,0,
25602,158,1,05:13,287,14,9,1764,Nutribullet Treviso Basket,1,9333,97,Valentine,Chery,Rimbalzo difensivo,,,,,93,3,1,A,5,False,0,157
25602,159,1,05:02,298,16,9,1764,Nutribullet Treviso Basket,1,4879,4,DeWayne,Russell,2 punti segnato,8,Da penetrazione,,,5,53,0,A,3,True,0,
25602,160,1,04:52,308,16,11,1761,BC Roma,0,9382,19,Marko,Simonovic,2 punti segnato,7,Appoggio a canestro,,,95,49,1,A,3,True,0,
25602,161,1,04:52,308,16,11,1761,BC Roma,0,6138,1,Niccolò,Mannion,Assist,,,,,95,49,1,A,3,False,0,160
25602,162,1,04:29,331,18,11,1764,Nutribullet Treviso Basket,1,6191,55,JP,Macura,2 punti segnato,8,Da penetrazione,,,11,48,0,A,6,True,0,
25602,163,1,04:17,343,18,11,1764,Nutribullet Treviso Basket,1,9333,97,Valentine,Chery,Fallo commesso,103,tiro,,,90,58,0,D,6,False,0,
25602,164,1,04:17,343,18,11,1761,BC Roma,0,9381,9,Trentyn,Flowers,Fallo Subito,,,,,90,58,0,D,6,False,0,163
25602,165,1,04:17,343,18,11,1764,Nutribullet Treviso Basket,1,969,0,Alessandro,Cappelletti,Ingresso,,,,,,,,,,False,0,
25602,166,1,04:17,343,18,11,1764,Nutribullet Treviso Basket,1,9331,2,Chico,Carter,Uscita,,,,,,,,,,False,0,165
25602,167,1,04:17,343,18,11,1761,BC Roma,0,6138,1,Niccolò,Mannion,Uscita,,,,,,,,,,False,0,165
25602,168,1,04:17,343,18,11,1761,BC Roma,0,6258,5,Corey,Davis,Ingresso,,,,,,,,,,False,0,165
25602,169,1,04:17,343,18,11,1761,BC Roma,0,9384,10,Erik,Stevenson,Ingresso,,,,,,,,,,False,0,165
25602,170,1,04:17,343,18,11,1761,BC Roma,0,9380,11,Gerald,Ayayi,Uscita,,,,,,,,,,False,0,165
25602,171,1,04:17,343,18,12,1761,BC Roma,0,9381,9,Trentyn,Flowers,Tiro libero segnato,,,,,,,,A,7,False,0,
25602,172,1,04:17,343,18,13,1761,BC Roma,0,9381,9,Trentyn,Flowers,Tiro libero segnato,,,,,,,,A,7,False,0,171
25602,173,1,04:06,354,18,13,1761,BC Roma,0,9381,9,Trentyn,Flowers,Fallo commesso,103,tiro,,,26,82,1,D,10,False,0,
25602,174,1,04:06,354,18,13,1764,Nutribullet Treviso Basket,1,6191,55,JP,Macura,Fallo Subito,,,,,26,82,1,D,10,False,0,173
25602,175,1,04:05,355,19,13,1764,Nutribullet Treviso Basket,1,6191,55,JP,Macura,Tiro libero segnato,,,,,,,,A,7,False,0,
25602,176,1,04:05,355,20,13,1764,Nutribullet Treviso Basket,1,6191,55,JP,Macura,Tiro libero segnato,,,,,,,,A,7,False,0,175
25602,177,1,04:05,355,21,13,1764,Nutribullet Treviso Basket,1,6191,55,JP,Macura,Tiro libero segnato,,,,,,,,A,7,False,0,175
25602,178,1,03:53,367,21,13,1761,BC Roma,0,9384,10,Erik,Stevenson,3 punti sbagliato,1,Tiro in sospensione,,,82,94,1,A,8,False,0,
25602,179,1,03:53,367,21,13,1761,BC Roma,0,6258,5,Corey,Davis,Rimbalzo offensivo,,,,,82,94,1,A,8,False,0,178
25602,180,1,03:43,377,21,13,1761,BC Roma,0,9384,10,Erik,Stevenson,Fallo commesso,106,offensivo,,,84,72,1,A,2,False,0,
25602,181,1,03:43,377,21,13,1761,BC Roma,0,9384,10,Erik,Stevenson,Palla persa,,,,,84,72,1,A,2,False,0,180
25602,182,1,03:43,377,21,13,1764,Nutribullet Treviso Basket,1,4879,4,DeWayne,Russell,Fallo Subito,,,,,84,72,1,A,2,False,0,180
25602,183,1,03:43,377,21,13,1761,BC Roma,0,9385,3,Paul,Watson,Ingresso,,,,,,,,,,False,0,
25602,184,1,03:43,377,21,13,1761,BC Roma,0,5369,12,Arturs,Strautins,Uscita,,,,,,,,,,False,0,183
25602,185,1,03:28,392,21,13,1764,Nutribullet Treviso Basket,1,4879,4,DeWayne,Russell,3 punti sbagliato,6,Arresto e tiro,,,31,29,0,A,9,False,0,
25602,186,1,03:28,392,21,13,1761,BC Roma,0,9382,19,Marko,Simonovic,Rimbalzo difensivo,,,,,31,29,0,A,9,False,0,185
25602,187,1,03:06,414,21,13,1761,BC Roma,0,9382,19,Marko,Simonovic,Palla persa,51,Palleggio,,,75,26,1,A,7,False,0,
25602,188,1,03:06,414,21,13,1764,Nutribullet Treviso Basket,1,6191,55,JP,Macura,Palla recuperata,,,,,75,26,1,A,7,False,0,187
25602,189,1,02:57,423,21,13,1761,BC Roma,0,9385,3,Paul,Watson,Fallo commesso,103,tiro,,,13,64,1,D,4,False,0,
25602,190,1,02:57,423,21,13,1764,Nutribullet Treviso Basket,1,9041,3,Brekkott,Chapman,Fallo Subito,,,,,13,64,1,D,4,False,0,189
25602,191,1,02:57,423,21,13,1764,Nutribullet Treviso Basket,1,9331,2,Chico,Carter,Ingresso,,,,,,,,,,False,0,
25602,192,1,02:57,423,21,13,1764,Nutribullet Treviso Basket,1,4879,4,DeWayne,Russell,Uscita,,,,,,,,,,False,0,191
25602,193,1,02:57,423,21,13,1764,Nutribullet Treviso Basket,1,3714,11,Federico,Miaschi,Ingresso,,,,,,,,,,False,0,191
25602,194,1,02:57,423,21,13,1764,Nutribullet Treviso Basket,1,6191,55,JP,Macura,Uscita,,,,,,,,,,False,0,191
25602,195,1,02:57,423,21,13,1761,BC Roma,0,9379,7,Giovanni,Emejuru,Ingresso,,,,,,,,,,False,0,191
25602,196,1,02:57,423,21,13,1761,BC Roma,0,9382,19,Marko,Simonovic,Uscita,,,,,,,,,,False,0,191
25602,197,1,02:57,423,21,13,1764,Nutribullet Treviso Basket,1,9041,3,Brekkott,Chapman,Tiro libero sbagliato,,,,,,,,A,7,False,0,
25602,198,1,02:57,423,21,13,1764,Nutribullet Treviso Basket,1,9041,3,Brekkott,Chapman,Tiro libero sbagliato,,,,,,,,A,7,False,0,197
25602,199,1,02:57,423,21,13,1761,BC Roma,0,9381,9,Trentyn,Flowers,Rimbalzo difensivo,,,,,,,,,,False,0,197
25602,200,1,02:57,423,21,16,1761,BC Roma,0,9385,3,Paul,Watson,3 punti segnato,1,Tiro in sospensione,,,88,97,1,A,8,False,0,
25602,201,1,02:57,423,21,16,1761,BC Roma,0,9381,9,Trentyn,Flowers,Assist,,,,,88,97,1,A,8,False,0,200
25602,202,1,02:33,447,21,16,1764,Nutribullet Treviso Basket,1,3714,11,Federico,Miaschi,3 punti sbagliato,1,Tiro in sospensione,,,24,16,0,A,8,False,0,
25602,203,1,02:33,447,21,16,1761,BC Roma,0,9379,7,Giovanni,Emejuru,Rimbalzo difensivo,,,,,24,16,0,A,8,False,0,202
25602,204,1,02:21,459,21,18,1761,BC Roma,0,6258,5,Corey,Davis,2 punti segnato,6,Arresto e tiro,,,74,39,1,A,7,False,0,
25602,205,1,02:06,474,23,18,1764,Nutribullet Treviso Basket,1,9333,97,Valentine,Chery,2 punti segnato,7,Appoggio a canestro,,,14,49,0,A,6,True,0,
25602,206,1,02:06,474,23,18,1764,Nutribullet Treviso Basket,1,969,0,Alessandro,Cappelletti,Assist,,,,,14,49,0,A,6,False,0,205
25602,207,1,01:57,483,23,21,1761,BC Roma,0,9385,3,Paul,Watson,3 punti segnato,1,Tiro in sospensione,,,75,89,1,A,8,False,0,
25602,208,1,01:57,483,23,21,1761,BC Roma,0,6258,5,Corey,Davis,Assist,,,,,75,89,1,A,8,False,0,207
25602,209,1,01:33,507,23,21,1761,BC Roma,0,9379,7,Giovanni,Emejuru,Fallo commesso,103,tiro,,,7,41,1,D,3,False,0,
25602,210,1,01:33,507,23,21,1764,Nutribullet Treviso Basket,1,9041,3,Brekkott,Chapman,Fallo Subito,,,,,7,41,1,D,3,False,0,209
25602,211,1,01:33,507,23,21,1761,BC Roma,0,9381,9,Trentyn,Flowers,Uscita,,,,,,,,,,False,0,
25602,212,1,01:33,507,23,21,1761,BC Roma,0,5369,12,Arturs,Strautins,Ingresso,,,,,,,,,,False,0,211
25602,213,1,01:33,507,23,21,1764,Nutribullet Treviso Basket,1,9041,3,Brekkott,Chapman,Tiro libero sbagliato,,,,,,,,A,7,False,0,
25602,214,1,01:33,507,23,21,1764,Nutribullet Treviso Basket,1,9041,3,Brekkott,Chapman,Tiro libero sbagliato,,,,,,,,A,7,False,0,213
25602,215,1,01:33,507,23,21,1764,Nutribullet Treviso Basket,1,9331,2,Chico,Carter,Rimbalzo offensivo,,,,,,,,,,False,0,213
25602,216,1,01:33,507,23,21,1764,Nutribullet Treviso Basket,1,3714,11,Federico,Miaschi,3 punti sbagliato,1,Tiro in sospensione,,,25,86,0,A,10,False,0,
25602,217,1,01:33,507,23,21,1761,BC Roma,0,9379,7,Giovanni,Emejuru,Rimbalzo difensivo,,,,,25,86,0,A,10,False,0,216
25602,218,1,01:33,507,23,21,1764,Nutribullet Treviso Basket,1,3714,11,Federico,Miaschi,Fallo commesso,100,personale,,,78,41,0,D,7,False,0,
25602,219,1,01:33,507,23,21,1761,BC Roma,0,6258,5,Corey,Davis,Fallo Subito,,,,,78,41,0,D,7,False,0,218
25602,220,1,01:33,507,23,21,1764,Nutribullet Treviso Basket,1,9041,3,Brekkott,Chapman,Uscita,,,,,,,,,,False,0,
25602,221,1,01:33,507,23,21,1764,Nutribullet Treviso Basket,1,1189,26,Matteo,Chillo,Ingresso,,,,,,,,,,False,0,220
25602,222,1,01:31,509,23,21,1761,BC Roma,0,9385,3,Paul,Watson,3 punti sbagliato,1,Tiro in sospensione,,,86,95,1,A,8,False,0,
25602,223,1,01:31,509,23,21,1761,BC Roma,0,,,,,Rimbalzi offensivi di squadra,,,,,86,95,1,A,8,False,0,222
25602,224,1,01:28,512,23,24,1761,BC Roma,0,9384,10,Erik,Stevenson,3 punti segnato,1,Tiro in sospensione,,,92,98,1,A,1,False,0,
25602,225,1,01:28,512,23,24,1761,BC Roma,0,6258,5,Corey,Davis,Assist,,,,,92,98,1,A,1,False,0,224
25602,226,1,01:15,525,25,24,1764,Nutribullet Treviso Basket,1,969,0,Alessandro,Cappelletti,2 punti segnato,6,Arresto e tiro,,,21,65,0,A,7,False,0,
25602,227,1,00:58,542,25,24,1761,BC Roma,0,9379,7,Giovanni,Emejuru,2 punti sbagliato,8,Da penetrazione,,,95,57,1,A,3,False,0,
25602,228,1,00:58,542,25,24,1764,Nutribullet Treviso Basket,1,969,0,Alessandro,Cappelletti,Rimbalzo difensivo,,,,,95,57,1,A,3,False,0,227
25602,229,1,00:52,548,27,24,1764,Nutribullet Treviso Basket,1,9333,97,Valentine,Chery,2 punti segnato,9,Schiacciata,,,5,50,0,A,3,True,1,
25602,230,1,00:52,548,27,24,1764,Nutribullet Treviso Basket,1,969,0,Alessandro,Cappelletti,Assist,,,,,5,50,0,A,3,False,0,229
25602,231,1,00:36,564,27,26,1761,BC Roma,0,9385,3,Paul,Watson,2 punti segnato,8,Da penetrazione,,,92,39,1,A,3,True,0,
25602,232,1,00:36,564,27,26,1764,Nutribullet Treviso Basket,1,1189,26,Matteo,Chillo,Fallo commesso,103,tiro,,,92,39,0,D,3,False,0,
25602,233,1,00:36,564,27,26,1761,BC Roma,0,9385,3,Paul,Watson,Fallo Subito,,,,,92,39,0,D,3,False,0,232
25602,234,1,00:36,564,27,26,1761,BC Roma,0,9384,10,Erik,Stevenson,Uscita,,,,,,,,,,False,0,
25602,235,1,00:36,564,27,26,1761,BC Roma,0,9380,11,Gerald,Ayayi,Ingresso,,,,,,,,,,False,0,234
25602,236,1,00:36,564,27,26,1764,Nutribullet Treviso Basket,1,9331,2,Chico,Carter,Uscita,,,,,,,,,,False,0,
25602,237,1,00:36,564,27,26,1764,Nutribullet Treviso Basket,1,4879,4,DeWayne,Russell,Ingresso,,,,,,,,,,False,0,236
25602,238,1,00:36,564,27,26,1761,BC Roma,0,9385,3,Paul,Watson,Tiro libero sbagliato,,,,,,,,A,7,False,0,
25602,239,1,00:36,564,27,26,1761,BC Roma,0,,,,,Rimbalzi offensivi di squadra,,,,,,,,,,False,0,238
25602,240,1,00:36,564,27,26,1764,Nutribullet Treviso Basket,1,4879,4,DeWayne,Russell,Uscita,,,,,,,,,,False,0,
25602,241,1,00:36,564,27,26,1764,Nutribullet Treviso Basket,1,9332,19,Gregorio,Allinei,Ingresso,,,,,,,,,,False,0,240
25602,242,1,00:17,583,27,26,1761,BC Roma,0,6258,5,Corey,Davis,2 punti sbagliato,6,Arresto e tiro,,,79,31,1,A,7,False,0,
25602,243,1,00:17,583,27,26,1764,Nutribullet Treviso Basket,1,,,,,Rimbalzi difensivi di squadra,,,,,79,31,1,A,7,False,0,242
25602,244,1,00:07,593,27,26,1764,Nutribullet Treviso Basket,1,4879,4,DeWayne,Russell,Ingresso,,,,,,,,,,False,0,
25602,245,1,00:07,593,27,26,1764,Nutribullet Treviso Basket,1,9332,19,Gregorio,Allinei,Uscita,,,,,,,,,,False,0,244
25602,246,1,00:07,593,27,26,1764,Nutribullet Treviso Basket,1,1189,26,Matteo,Chillo,Uscita,,,,,,,,,,False,0,244
25602,247,1,00:07,593,27,26,1764,Nutribullet Treviso Basket,1,6191,55,JP,Macura,Ingresso,,,,,,,,,,False,0,244
25602,248,1,00:07,593,27,26,1761,BC Roma,0,9379,7,Giovanni,Emejuru,Uscita,,,,,,,,,,False,0,244
25602,249,1,00:07,593,27,26,1761,BC Roma,0,9383,33,Mike,Iuzzolino,Ingresso,,,,,,,,,,False,0,244
25602,250,1,00:01,599,29,26,1764,Nutribullet Treviso Basket,1,969,0,Alessandro,Cappelletti,2 punti segnato,6,Arresto e tiro,,,20,71,0,A,4,False,0,
25602,251,1,00:00,600,29,26,,,,,,,,Fine Tempo,,,,,,,,,,False,0,
25602,252,2,10:00,0,29,26,1764,Nutribullet Treviso Basket,1,3714,11,Federico,Miaschi,Uscita,,,,,,,,,,False,0,
25602,253,2,10:00,0,29,26,1764,Nutribullet Treviso Basket,1,1189,26,Matteo,Chillo,Ingresso,,,,,,,,,,False,0,252
25602,254,2,10:00,0,29,26,1761,BC Roma,0,9379,7,Giovanni,Emejuru,Ingresso,,,,,,,,,,False,0,252
25602,255,2,10:00,0,29,26,1761,BC Roma,0,9380,11,Gerald,Ayayi,Uscita,,,,,,,,,,False,0,252
25602,256,2,10:00,0,29,26,,,,,,,,Inizio Tempo,,,,,,,,,,False,0,
25602,257,2,09:41,19,29,26,1764,Nutribullet Treviso Basket,1,4879,4,DeWayne,Russell,2 punti sbagliato,6,Arresto e tiro,,,25,49,0,A,7,False,0,
25602,258,2,09:41,19,29,26,1761,BC Roma,0,9380,11,Gerald,Ayayi,Rimbalzo difensivo,,,,,25,49,1,D,7,False,0,257
25602,259,2,09:23,37,29,26,1761,BC Roma,0,5369,12,Arturs,Strautins,2 punti sbagliato,2,Tiro in corsa,,,88,46,1,A,6,False,0,
25602,260,2,09:23,37,29,26,1764,Nutribullet Treviso Basket,1,9333,97,Valentine,Chery,Rimbalzo difensivo,,,,,88,46,1,A,6,False,0,259
25602,261,2,09:16,44,29,26,1761,BC Roma,0,9380,11,Gerald,Ayayi,Ingresso,,,,,,,,,,False,0,
25602,262,2,09:16,44,29,26,1761,BC Roma,0,9383,33,Mike,Iuzzolino,Uscita,,,,,,,,,,False,0,261
25602,263,2,09:10,50,29,26,1764,Nutribullet Treviso Basket,1,4879,4,DeWayne,Russell,3 punti sbagliato,5,Tiro in Step Back,,,10,3,0,A,8,False,0,
25602,264,2,09:10,50,29,26,1761,BC Roma,0,9380,11,Gerald,Ayayi,Rimbalzo difensivo,,,,,10,3,0,A,8,False,0,263
25602,265,2,09:04,56,29,29,1761,BC Roma,0,9385,3,Paul,Watson,3 punti segnato,1,Tiro in sospensione,,,84,95,1,A,8,False,0,
25602,266,2,09:04,56,29,29,1761,BC Roma,0,5369,12,Arturs,Strautins,Assist,,,,,84,95,1,A,8,False,0,265
25602,267,2,08:43,77,31,29,1764,Nutribullet Treviso Basket,1,6191,55,JP,Macura,2 punti segnato,7,Appoggio a canestro,,,6,49,0,A,3,True,0,
25602,268,2,08:38,82,31,29,1761,BC Roma,0,6258,5,Corey,Davis,3 punti sbagliato,1,Tiro in sospensione,,,75,85,1,A,8,False,0,
25602,269,2,08:38,82,31,29,1761,BC Roma,0,9380,11,Gerald,Ayayi,Rimbalzo offensivo,,,,,75,85,1,A,8,False,0,268
25602,270,2,08:33,87,31,29,1761,BC Roma,0,9380,11,Gerald,Ayayi,2 punti sbagliato,7,Appoggio a canestro,,,93,54,1,A,3,False,0,
25602,271,2,08:33,87,31,29,1764,Nutribullet Treviso Basket,1,9333,97,Valentine,Chery,Rimbalzo difensivo,,,,,93,54,1,A,3,False,0,270
25602,272,2,08:22,98,33,29,1764,Nutribullet Treviso Basket,1,9333,97,Valentine,Chery,2 punti segnato,7,Appoggio a canestro,,,10,51,0,A,6,True,0,
25602,273,2,08:22,98,33,29,1764,Nutribullet Treviso Basket,1,969,0,Alessandro,Cappelletti,Assist,,,,,10,51,0,A,6,False,0,272
25602,274,2,08:22,98,33,29,1761,BC Roma,0,9385,3,Paul,Watson,Fallo commesso,103,tiro,,,10,51,1,D,6,False,0,
25602,275,2,08:22,98,33,29,1764,Nutribullet Treviso Basket,1,9333,97,Valentine,Chery,Fallo Subito,,,,,10,51,1,D,6,False,0,274
25602,276,2,08:22,98,33,29,1761,BC Roma,0,6138,1,Niccolò,Mannion,Ingresso,,,,,,,,,,False,0,
25602,277,2,08:22,98,33,29,1761,BC Roma,0,6258,5,Corey,Davis,Uscita,,,,,,,,,,False,0,276
25602,278,2,08:22,98,34,29,1764,Nutribullet Treviso Basket,1,9333,97,Valentine,Chery,Tiro libero segnato,,,,,,,,A,7,False,0,
25602,279,2,08:22,98,34,29,1761,BC Roma,0,9385,3,Paul,Watson,Uscita,,,,,,,,,,False,0,
25602,280,2,08:22,98,34,29,1761,BC Roma,0,9384,10,Erik,Stevenson,Ingresso,,,,,,,,,,False,0,279
25602,281,2,08:09,111,34,29,1761,BC Roma,0,9379,7,Giovanni,Emejuru,Palla persa,51,Palleggio,,,94,52,1,A,3,False,0,
25602,282,2,08:09,111,34,29,1764,Nutribullet Treviso Basket,1,6191,55,JP,Macura,Palla recuperata,,,,,94,52,1,A,3,False,0,281
25602,283,2,08:03,117,36,29,1764,Nutribullet Treviso Basket,1,4879,4,DeWayne,Russell,2 punti segnato,7,Appoggio a canestro,,,6,46,0,A,3,True,0,
25602,284,2,08:03,117,36,29,1764,Nutribullet Treviso Basket,1,969,0,Alessandro,Cappelletti,Assist,,,,,6,46,0,A,3,False,0,283
25602,285,2,07:54,126,36,29,1761,BC Roma,0,6138,1,Niccolò,Mannion,2 punti sbagliato,6,Arresto e tiro,,,95,71,1,A,2,False,0,
25602,286,2,07:54,126,36,29,1761,BC Roma,0,9380,11,Gerald,Ayayi,Rimbalzo offensivo,,,,,95,71,1,A,2,False,0,285
25602,287,2,07:48,132,36,31,1761,BC Roma,0,9380,11,Gerald,Ayayi,2 punti segnato,7,Appoggio a canestro,,,94,50,1,A,3,True,0,
25602,288,2,07:38,142,38,31,1764,Nutribullet Treviso Basket,1,6191,55,JP,Macura,2 punti segnato,7,Appoggio a canestro,,,5,48,0,A,3,True,0,
25602,289,2,07:38,142,38,31,1764,Nutribullet Treviso Basket,1,969,0,Alessandro,Cappelletti,Assist,,,,,5,48,0,A,3,False,0,288
25602,290,2,07:19,161,38,33,1761,BC Roma,0,9380,11,Gerald,Ayayi,2 punti segnato,7,Appoggio a canestro,,,95,48,1,A,3,True,0,
25602,291,2,07:19,161,38,33,1761,BC Roma,0,5369,12,Arturs,Strautins,Assist,,,,,95,48,1,A,3,False,0,290
25602,292,2,07:02,178,40,33,1764,Nutribullet Treviso Basket,1,969,0,Alessandro,Cappelletti,2 punti segnato,6,Arresto e tiro,,,21,73,0,A,7,False,0,
25602,293,2,06:50,190,40,33,1764,Nutribullet Treviso Basket,1,4879,4,DeWayne,Russell,Fallo commesso,100,personale,,,78,81,0,D,7,False,0,
25602,294,2,06:50,190,40,33,1761,BC Roma,0,6138,1,Niccolò,Mannion,Fallo Subito,,,,,78,81,0,D,7,False,0,293
25602,295,2,06:50,190,40,33,1764,Nutribullet Treviso Basket,1,969,0,Alessandro,Cappelletti,Uscita,,,,,,,,,,False,0,
25602,296,2,06:50,190,40,33,1764,Nutribullet Treviso Basket,1,9331,2,Chico,Carter,Ingresso,,,,,,,,,,False,0,295
25602,297,2,06:50,190,40,33,1764,Nutribullet Treviso Basket,1,9042,13,Ike,Anigbogu,Ingresso,,,,,,,,,,False,0,295
25602,298,2,06:50,190,40,33,1764,Nutribullet Treviso Basket,1,9333,97,Valentine,Chery,Uscita,,,,,,,,,,False,0,295
25602,299,2,06:50,190,40,33,1761,BC Roma,0,9379,7,Giovanni,Emejuru,Uscita,,,,,,,,,,False,0,295
25602,300,2,06:50,190,40,33,1761,BC Roma,0,9382,19,Marko,Simonovic,Ingresso,,,,,,,,,,False,0,295
25602,301,2,06:42,198,40,33,1761,BC Roma,0,9382,19,Marko,Simonovic,Palla persa,50,Passaggio sbagliato,,,83,47,1,A,6,False,0,
25602,302,2,06:42,198,40,33,1764,Nutribullet Treviso Basket,1,6191,55,JP,Macura,Palla recuperata,,,,,83,47,1,A,6,False,0,301
25602,303,2,06:35,205,42,33,1764,Nutribullet Treviso Basket,1,6191,55,JP,Macura,2 punti segnato,8,Da penetrazione,,,7,57,0,A,3,True,0,
25602,304,2,06:25,215,42,36,1761,BC Roma,0,6138,1,Niccolò,Mannion,3 punti segnato,6,Arresto e tiro,,,68,48,1,A,9,False,0,
25602,305,2,06:10,230,42,36,1764,Nutribullet Treviso Basket,1,6191,55,JP,Macura,3 punti sbagliato,1,Tiro in sospensione,,,28,79,0,A,10,False,0,
25602,306,2,06:10,230,42,36,1761,BC Roma,0,9382,19,Marko,Simonovic,Rimbalzo difensivo,,,,,28,79,0,A,10,False,0,305
25602,307,2,05:56,244,42,36,1761,BC Roma,0,5369,12,Arturs,Strautins,2 punti sbagliato,6,Arresto e tiro,,,75,67,1,A,7,False,0,
25602,308,2,05:56,244,42,36,1764,Nutribullet Treviso Basket,1,,,,,Rimbalzi difensivi di squadra,,,,,75,67,1,A,7,False,0,307
25602,309,2,05:55,245,42,36,1764,Nutribullet Treviso Basket,1,9041,3,Brekkott,Chapman,Ingresso,,,,,,,,,,False,0,
25602,310,2,05:55,245,42,36,1764,Nutribullet Treviso Basket,1,9332,19,Gregorio,Allinei,Ingresso,,,,,,,,,,False,0,309
25602,311,2,05:55,245,42,36,1764,Nutribullet Treviso Basket,1,1189,26,Matteo,Chillo,Uscita,,,,,,,,,,False,0,309
25602,312,2,05:55,245,42,36,1764,Nutribullet Treviso Basket,1,6191,55,JP,Macura,Uscita,,,,,,,,,,False,0,309
25602,313,2,05:40,260,42,36,1761,BC Roma,0,9382,19,Marko,Simonovic,Fallo commesso,103,tiro,,,8,51,1,D,3,False,0,
25602,314,2,05:40,260,42,36,1764,Nutribullet Treviso Basket,1,9041,3,Brekkott,Chapman,Fallo Subito,,,,,8,51,1,D,3,False,0,313
25602,315,2,05:40,260,42,36,1761,BC Roma,0,5369,12,Arturs,Strautins,Uscita,,,,,,,,,,False,0,
25602,316,2,05:40,260,42,36,1761,BC Roma,0,3710,24,Andrea,Mezzanotte,Ingresso,,,,,,,,,,False,0,315
25602,317,2,05:40,260,42,36,1764,Nutribullet Treviso Basket,1,9041,3,Brekkott,Chapman,Tiro libero sbagliato,,,,,,,,A,7,False,0,
25602,318,2,05:40,260,43,36,1764,Nutribullet Treviso Basket,1,9041,3,Brekkott,Chapman,Tiro libero segnato,,,,,,,,A,7,False,0,317
25602,321,2,05:40,260,43,36,1764,Nutribullet Treviso Basket,1,4879,4,DeWayne,Russell,Assist,,,,,,,,,,False,0,317
25602,322,2,05:31,269,43,36,1764,Nutribullet Treviso Basket,1,9042,13,Ike,Anigbogu,Fallo commesso,100,personale,,,68,41,0,D,9,False,0,
25602,323,2,05:31,269,43,36,1761,BC Roma,0,6138,1,Niccolò,Mannion,Fallo Subito,,,,,68,41,0,D,9,False,0,322
25602,324,2,05:25,275,43,38,1761,BC Roma,0,9382,19,Marko,Simonovic,2 punti segnato,7,Appoggio a canestro,,,91,50,1,A,3,True,0,
25602,325,2,05:25,275,43,38,1761,BC Roma,0,9380,11,Gerald,Ayayi,Assist,,,,,91,50,1,A,3,False,0,324
25602,326,2,04:57,303,45,38,1764,Nutribullet Treviso Basket,1,4879,4,DeWayne,Russell,2 punti segnato,8,Da penetrazione,,,7,48,0,A,3,True,0,
25602,327,2,04:37,323,45,38,1764,Nutribullet Treviso Basket,1,9332,19,Gregorio,Allinei,Fallo commesso,103,tiro,,,94,47,0,D,3,False,0,
25602,328,2,04:37,323,45,38,1761,BC Roma,0,9382,19,Marko,Simonovic,Fallo Subito,,,,,94,47,0,D,3,False,0,327
25602,329,2,04:37,323,45,38,1761,BC Roma,0,9382,19,Marko,Simonovic,Tiro libero sbagliato,,,,,,,,A,7,False,0,
25602,330,2,04:37,323,45,39,1761,BC Roma,0,9382,19,Marko,Simonovic,Tiro libero segnato,,,,,,,,A,7,False,0,329
25602,331,2,04:37,323,45,39,1761,BC Roma,0,9384,10,Erik,Stevenson,Assist,,,,,,,,,,False,0,329
25602,332,2,04:19,341,47,39,1764,Nutribullet Treviso Basket,1,4879,4,DeWayne,Russell,2 punti segnato,1,Tiro in sospensione,,,10,62,0,A,6,True,0,
25602,333,2,04:00,360,47,41,1761,BC Roma,0,9380,11,Gerald,Ayayi,2 punti segnato,8,Da penetrazione,,,93,55,1,A,3,True,0,
25602,334,2,03:57,363,47,41,1764,Nutribullet Treviso Basket,1,969,0,Alessandro,Cappelletti,Ingresso,,,,,,,,,,False,0,
25602,335,2,03:57,363,47,41,1764,Nutribullet Treviso Basket,1,4879,4,DeWayne,Russell,Uscita,,,,,,,,,,False,0,334
25602,336,2,03:57,363,47,41,1764,Nutribullet Treviso Basket,1,9042,13,Ike,Anigbogu,Uscita,,,,,,,,,,False,0,334
25602,337,2,03:57,363,47,41,1764,Nutribullet Treviso Basket,1,9333,97,Valentine,Chery,Ingresso,,,,,,,,,,False,0,334
25602,338,2,03:40,380,49,41,1764,Nutribullet Treviso Basket,1,9333,97,Valentine,Chery,2 punti segnato,7,Appoggio a canestro,,,6,47,0,A,3,True,0,
25602,339,2,03:40,380,49,41,1764,Nutribullet Treviso Basket,1,969,0,Alessandro,Cappelletti,Assist,,,,,6,47,0,A,3,False,0,338
25602,340,2,03:30,390,49,41,1764,Nutribullet Treviso Basket,1,9333,97,Valentine,Chery,Fallo commesso,100,personale,,,88,60,0,D,6,False,0,
25602,341,2,03:30,390,49,41,1761,BC Roma,0,9382,19,Marko,Simonovic,Fallo Subito,,,,,88,60,0,D,6,False,0,340
25602,342,2,03:30,390,49,41,1761,BC Roma,0,6258,5,Corey,Davis,Ingresso,,,,,,,,,,False,0,
25602,343,2,03:30,390,49,41,1761,BC Roma,0,9380,11,Gerald,Ayayi,Uscita,,,,,,,,,,False,0,342
25602,344,2,03:22,398,49,41,1764,Nutribullet Treviso Basket,1,9331,2,Chico,Carter,Fallo commesso,100,personale,,,91,47,0,D,3,False,0,
25602,345,2,03:22,398,49,41,1761,BC Roma,0,6138,1,Niccolò,Mannion,Fallo Subito,,,,,91,47,1,A,3,False,0,344
25602,346,2,03:22,398,49,42,1761,BC Roma,0,6138,1,Niccolò,Mannion,Tiro libero segnato,,,,,,,,A,7,False,0,
25602,347,2,03:22,398,49,43,1761,BC Roma,0,6138,1,Niccolò,Mannion,Tiro libero segnato,,,,,,,,A,7,False,0,346
25602,348,2,03:18,402,49,43,1764,Nutribullet Treviso Basket,1,9331,2,Chico,Carter,Uscita,,,,,,,,,,False,0,
25602,349,2,03:18,402,49,43,1764,Nutribullet Treviso Basket,1,6191,55,JP,Macura,Ingresso,,,,,,,,,,False,0,348
25602,350,2,03:14,406,49,43,1761,BC Roma,0,3710,24,Andrea,Mezzanotte,Fallo commesso,100,personale,,,18,71,1,D,4,False,0,
25602,351,2,03:14,406,49,43,1764,Nutribullet Treviso Basket,1,9041,3,Brekkott,Chapman,Fallo Subito,,,,,18,71,1,D,4,False,0,350
25602,352,2,03:14,406,49,43,1761,BC Roma,0,9379,7,Giovanni,Emejuru,Ingresso,,,,,,,,,,False,0,
25602,353,2,03:14,406,49,43,1761,BC Roma,0,9382,19,Marko,Simonovic,Uscita,,,,,,,,,,False,0,352
25602,354,2,03:06,414,49,43,1761,BC Roma,0,6258,5,Corey,Davis,Fallo commesso,100,personale,,,11,37,1,D,2,False,0,
25602,355,2,03:06,414,49,43,1764,Nutribullet Treviso Basket,1,9041,3,Brekkott,Chapman,Fallo Subito,,,,,11,37,1,D,2,False,0,354
25602,356,2,03:03,417,49,43,1764,Nutribullet Treviso Basket,1,6191,55,JP,Macura,2 punti sbagliato,2,Tiro in corsa,,,22,31,0,A,7,False,0,
25602,357,2,03:03,417,49,43,1764,Nutribullet Treviso Basket,1,9333,97,Valentine,Chery,Rimbalzo offensivo,,,,,22,31,0,A,7,False,0,356
25602,358,2,02:58,422,49,43,1764,Nutribullet Treviso Basket,1,9333,97,Valentine,Chery,Palla persa,51,Palleggio,,,9,65,0,A,4,False,0,
25602,359,2,02:58,422,49,43,1761,BC Roma,0,9379,7,Giovanni,Emejuru,Palla recuperata,,,,,9,65,1,D,4,False,0,358
25602,360,2,02:55,425,49,43,1761,BC Roma,0,6138,1,Niccolò,Mannion,2 punti sbagliato,8,Da penetrazione,1005,stoppata,90,47,1,A,6,False,0,
25602,361,2,02:55,425,49,43,1764,Nutribullet Treviso Basket,1,9041,3,Brekkott,Chapman,Stoppata,,,,,90,47,1,A,6,False,0,360
25602,362,2,02:55,425,49,43,1761,BC Roma,0,6138,1,Niccolò,Mannion,Stoppata subita,,,,,90,47,1,A,6,False,0,360
25602,363,2,02:55,425,49,43,1764,Nutribullet Treviso Basket,1,969,0,Alessandro,Cappelletti,Rimbalzo difensivo,,,,,90,47,1,A,6,False,0,360
25602,364,2,02:50,430,49,43,1764,Nutribullet Treviso Basket,1,,,,,Time Out,,,,,,,0,,,False,0,
25602,365,2,02:50,430,49,43,1764,Nutribullet Treviso Basket,1,969,0,Alessandro,Cappelletti,2 punti sbagliato,7,Appoggio a canestro,,,10,50,0,A,6,False,0,
25602,366,2,02:50,430,49,43,1764,Nutribullet Treviso Basket,1,,,,,Rimbalzi offensivi di squadra,,,,,10,50,0,A,6,False,0,365
25602,367,2,02:50,430,49,43,1764,Nutribullet Treviso Basket,1,9332,19,Gregorio,Allinei,3 punti sbagliato,1,Tiro in sospensione,,,31,63,0,A,9,False,0,
25602,368,2,02:50,430,49,43,1764,Nutribullet Treviso Basket,1,6191,55,JP,Macura,Rimbalzo offensivo,,,,,31,63,0,A,9,False,0,367
25602,369,2,02:50,430,51,43,1764,Nutribullet Treviso Basket,1,6191,55,JP,Macura,2 punti segnato,7,Appoggio a canestro,,,10,40,0,A,6,True,0,
25602,370,2,02:35,445,51,43,1761,BC Roma,0,9384,10,Erik,Stevenson,3 punti sbagliato,1,Tiro in sospensione,,,96,97,1,A,1,False,0,
25602,371,2,02:35,445,51,43,1764,Nutribullet Treviso Basket,1,969,0,Alessandro,Cappelletti,Rimbalzo difensivo,,,,,96,97,1,A,1,False,0,370
25602,372,2,02:24,456,53,43,1764,Nutribullet Treviso Basket,1,9333,97,Valentine,Chery,2 punti segnato,7,Appoggio a canestro,,,6,51,0,A,3,True,0,
25602,373,2,02:24,456,53,43,1764,Nutribullet Treviso Basket,1,969,0,Alessandro,Cappelletti,Assist,,,,,6,51,0,A,3,False,0,372
25602,374,2,02:21,459,53,43,1761,BC Roma,0,,,,,Time Out,,,,,,,1,,,False,0,
25602,375,2,02:20,460,53,43,1761,BC Roma,0,9385,3,Paul,Watson,Ingresso,,,,,,,,,,False,0,
25602,376,2,02:20,460,53,43,1761,BC Roma,0,3710,24,Andrea,Mezzanotte,Uscita,,,,,,,,,,False,0,375
25602,377,2,02:05,475,53,43,1761,BC Roma,0,6138,1,Niccolò,Mannion,3 punti sbagliato,1,Tiro in sospensione,,,70,34,1,A,9,False,0,
25602,378,2,02:05,475,53,43,1764,Nutribullet Treviso Basket,1,6191,55,JP,Macura,Rimbalzo difensivo,,,,,70,34,1,A,9,False,0,377
25602,379,2,01:47,493,55,43,1764,Nutribullet Treviso Basket,1,9333,97,Valentine,Chery,2 punti segnato,7,Appoggio a canestro,,,10,55,0,A,6,True,0,
25602,380,2,01:47,493,55,43,1764,Nutribullet Treviso Basket,1,9041,3,Brekkott,Chapman,Assist,,,,,10,55,0,A,6,False,0,379
25602,381,2,01:37,503,55,43,1761,BC Roma,0,6258,5,Corey,Davis,Palla persa,51,Palleggio,,,63,29,1,A,9,False,0,
25602,382,2,01:37,503,55,43,1764,Nutribullet Treviso Basket,1,6191,55,JP,Macura,Palla recuperata,,,,,63,29,0,D,9,False,0,381
25602,383,2,01:31,509,57,43,1764,Nutribullet Treviso Basket,1,6191,55,JP,Macura,2 punti segnato,9,Schiacciata,,,5,51,0,A,3,True,1,
25602,384,2,01:31,509,57,43,1764,Nutribullet Treviso Basket,1,9041,3,Brekkott,Chapman,Assist,,,,,5,51,0,A,3,False,0,383
25602,385,2,01:28,512,57,43,1761,BC Roma,0,9384,10,Erik,Stevenson,Uscita,,,,,,,,,,False,0,
25602,386,2,01:28,512,57,43,1761,BC Roma,0,5369,12,Arturs,Strautins,Ingresso,,,,,,,,,,False,0,385
25602,387,2,01:28,512,57,43,1764,Nutribullet Treviso Basket,1,1189,26,Matteo,Chillo,Ingresso,,,,,,,,,,False,0,
25602,388,2,01:28,512,57,43,1764,Nutribullet Treviso Basket,1,9333,97,Valentine,Chery,Uscita,,,,,,,,,,False,0,387
25602,389,2,01:14,526,57,45,1761,BC Roma,0,6138,1,Niccolò,Mannion,2 punti segnato,8,Da penetrazione,,,94,47,1,A,3,True,0,
25602,390,2,00:54,546,57,45,1764,Nutribullet Treviso Basket,1,9041,3,Brekkott,Chapman,3 punti sbagliato,1,Tiro in sospensione,,,28,75,0,A,10,False,0,
25602,391,2,00:54,546,57,45,1764,Nutribullet Treviso Basket,1,1189,26,Matteo,Chillo,Rimbalzo offensivo,,,,,28,75,0,A,10,False,0,390
25602,393,2,00:47,553,57,45,1764,Nutribullet Treviso Basket,1,9041,3,Brekkott,Chapman,3 punti sbagliato,1,Tiro in sospensione,,,4,98,0,A,5,False,0,
25602,394,2,00:47,553,57,45,1764,Nutribullet Treviso Basket,1,,,,,Rimbalzi offensivi di squadra,,,,,4,98,0,A,5,False,0,393
25602,395,2,00:46,554,57,45,1764,Nutribullet Treviso Basket,1,969,0,Alessandro,Cappelletti,3 punti sbagliato,1,Tiro in sospensione,,,22,12,0,A,8,False,0,
25602,396,2,00:46,554,57,45,1761,BC Roma,0,9379,7,Giovanni,Emejuru,Rimbalzo difensivo,,,,,22,12,0,A,8,False,0,395
25602,397,2,00:25,575,57,45,1764,Nutribullet Treviso Basket,1,9041,3,Brekkott,Chapman,Fallo commesso,103,tiro,,,86,33,0,D,4,False,0,
25602,398,2,00:25,575,57,45,1761,BC Roma,0,9385,3,Paul,Watson,Fallo Subito,,,,,86,33,0,D,4,False,0,397
25602,399,2,00:25,575,57,45,1764,Nutribullet Treviso Basket,1,4879,4,DeWayne,Russell,Ingresso,,,,,,,,,,False,0,
25602,400,2,00:25,575,57,45,1764,Nutribullet Treviso Basket,1,9332,19,Gregorio,Allinei,Uscita,,,,,,,,,,False,0,399
25602,401,2,00:25,575,57,45,1761,BC Roma,0,6138,1,Niccolò,Mannion,Uscita,,,,,,,,,,False,0,399
25602,402,2,00:25,575,57,45,1761,BC Roma,0,9380,11,Gerald,Ayayi,Ingresso,,,,,,,,,,False,0,399
25602,403,2,00:25,575,57,45,1761,BC Roma,0,9385,3,Paul,Watson,Tiro libero sbagliato,,,,,,,,A,7,False,0,
25602,404,2,00:25,575,57,45,1761,BC Roma,0,9385,3,Paul,Watson,Tiro libero sbagliato,,,,,,,,A,7,False,0,403
25602,405,2,00:25,575,57,45,1764,Nutribullet Treviso Basket,1,969,0,Alessandro,Cappelletti,Rimbalzo difensivo,,,,,,,,,,False,0,403
25602,406,2,00:06,594,57,45,1764,Nutribullet Treviso Basket,1,969,0,Alessandro,Cappelletti,2 punti sbagliato,4,Giro e Tiro,,,18,58,0,A,6,False,0,
25602,407,2,00:06,594,57,45,1761,BC Roma,0,6258,5,Corey,Davis,Rimbalzo difensivo,,,,,18,58,0,A,6,False,0,406
25602,408,2,00:00,600,57,45,,,,,,,,Fine Tempo,,,,,,,,,,False,0,
25602,409,3,10:00,0,57,45,1764,Nutribullet Treviso Basket,1,969,0,Alessandro,Cappelletti,Uscita,,,,,,,,,,False,0,
25602,410,3,10:00,0,57,45,1764,Nutribullet Treviso Basket,1,9331,2,Chico,Carter,Ingresso,,,,,,,,,,False,0,409
25602,411,3,10:00,0,57,45,1764,Nutribullet Treviso Basket,1,9042,13,Ike,Anigbogu,Ingresso,,,,,,,,,,False,0,409
25602,412,3,10:00,0,57,45,1764,Nutribullet Treviso Basket,1,1189,26,Matteo,Chillo,Uscita,,,,,,,,,,False,0,409
25602,413,3,10:00,0,57,45,1761,BC Roma,0,6138,1,Niccolò,Mannion,Ingresso,,,,,,,,,,False,0,409
25602,414,3,10:00,0,57,45,1761,BC Roma,0,9385,3,Paul,Watson,Uscita,,,,,,,,,,False,0,409
25602,415,3,10:00,0,57,45,1761,BC Roma,0,6258,5,Corey,Davis,Uscita,,,,,,,,,,False,0,409
25602,416,3,10:00,0,57,45,1761,BC Roma,0,9379,7,Giovanni,Emejuru,Uscita,,,,,,,,,,False,0,409
25602,417,3,10:00,0,57,45,1761,BC Roma,0,9382,19,Marko,Simonovic,Ingresso,,,,,,,,,,False,0,409
25602,418,3,10:00,0,57,45,1761,BC Roma,0,3710,24,Andrea,Mezzanotte,Ingresso,,,,,,,,,,False,0,409
25602,419,3,10:00,0,57,45,,,,,,,,Inizio Tempo,,,,,,,,,,False,0,
25602,420,3,09:50,10,57,45,1761,BC Roma,0,9382,19,Marko,Simonovic,2 punti sbagliato,7,Appoggio a canestro,,,6,47,0,A,3,False,0,
25602,421,3,09:50,10,57,45,1761,BC Roma,0,5369,12,Arturs,Strautins,Rimbalzo offensivo,,,,,6,47,0,A,3,False,0,420
25602,422,3,09:42,18,57,47,1761,BC Roma,0,9382,19,Marko,Simonovic,2 punti segnato,7,Appoggio a canestro,,,6,52,0,A,3,True,0,
25602,423,3,09:42,18,57,47,1761,BC Roma,0,6138,1,Niccolò,Mannion,Assist,,,,,6,52,0,A,3,False,0,422
25602,424,3,09:14,46,57,47,1761,BC Roma,0,9380,11,Gerald,Ayayi,Fallo commesso,103,tiro,,,95,55,0,D,3,False,0,
25602,425,3,09:14,46,57,47,1764,Nutribullet Treviso Basket,1,4879,4,DeWayne,Russell,Fallo Subito,,,,,95,55,0,D,3,False,0,424
25602,426,3,09:14,46,58,47,1764,Nutribullet Treviso Basket,1,4879,4,DeWayne,Russell,Tiro libero segnato,,,,,,,,A,7,False,0,
25602,427,3,09:14,46,59,47,1764,Nutribullet Treviso Basket,1,4879,4,DeWayne,Russell,Tiro libero segnato,,,,,,,,A,7,False,0,426
25602,428,3,09:00,60,59,47,1761,BC Roma,0,5369,12,Arturs,Strautins,Palla persa,51,Palleggio,,,11,91,0,A,4,False,0,
25602,429,3,09:00,60,59,47,1764,Nutribullet Treviso Basket,1,9041,3,Brekkott,Chapman,Palla recuperata,,,,,11,91,0,A,4,False,0,428
25602,430,3,08:45,75,59,47,1761,BC Roma,0,5369,12,Arturs,Strautins,Fallo commesso,103,tiro,,,94,47,0,D,3,False,0,
25602,431,3,08:45,75,59,47,1764,Nutribullet Treviso Basket,1,6191,55,JP,Macura,Fallo Subito,,,,,94,47,0,D,3,False,0,430
25602,432,3,08:45,75,60,47,1764,Nutribullet Treviso Basket,1,6191,55,JP,Macura,Tiro libero segnato,,,,,,,,A,7,False,0,
25602,433,3,08:45,75,61,47,1764,Nutribullet Treviso Basket,1,6191,55,JP,Macura,Tiro libero segnato,,,,,,,,A,7,False,0,432
25602,434,3,08:31,89,61,49,1761,BC Roma,0,9382,19,Marko,Simonovic,2 punti segnato,7,Appoggio a canestro,,,11,50,0,A,6,True,0,
25602,435,3,08:31,89,61,49,1761,BC Roma,0,9380,11,Gerald,Ayayi,Assist,,,,,11,50,0,A,6,False,0,434
25602,436,3,08:17,103,61,49,1764,Nutribullet Treviso Basket,1,9331,2,Chico,Carter,2 punti sbagliato,8,Da penetrazione,,,94,53,1,A,3,False,0,
25602,437,3,08:17,103,61,49,1764,Nutribullet Treviso Basket,1,9331,2,Chico,Carter,Rimbalzo offensivo,,,,,94,53,1,A,3,False,0,436
25602,438,3,08:11,109,64,49,1764,Nutribullet Treviso Basket,1,4879,4,DeWayne,Russell,3 punti segnato,1,Tiro in sospensione,,,78,90,1,A,8,False,0,
25602,439,3,08:11,109,64,49,1764,Nutribullet Treviso Basket,1,9331,2,Chico,Carter,Assist,,,,,78,90,1,A,8,False,0,438
25602,440,3,07:48,132,64,49,1761,BC Roma,0,5369,12,Arturs,Strautins,3 punti sbagliato,1,Tiro in sospensione,,,32,51,0,A,9,False,0,
25602,441,3,07:48,132,64,49,1764,Nutribullet Treviso Basket,1,9042,13,Ike,Anigbogu,Rimbalzo difensivo,,,,,32,51,0,A,9,False,0,440
25602,442,3,07:37,143,64,49,1761,BC Roma,0,5369,12,Arturs,Strautins,Fallo commesso,103,tiro,,,94,42,0,D,3,False,0,
25602,443,3,07:37,143,64,49,1764,Nutribullet Treviso Basket,1,9042,13,Ike,Anigbogu,Fallo Subito,,,,,94,42,0,D,3,False,0,442
25602,444,3,07:37,143,64,49,1761,BC Roma,0,9385,3,Paul,Watson,Ingresso,,,,,,,,,,False,0,
25602,445,3,07:37,143,64,49,1761,BC Roma,0,3710,24,Andrea,Mezzanotte,Uscita,,,,,,,,,,False,0,444
25602,446,3,07:37,143,65,49,1764,Nutribullet Treviso Basket,1,9042,13,Ike,Anigbogu,Tiro libero segnato,,,,,,,,A,7,False,0,
25602,447,3,07:37,143,65,49,1764,Nutribullet Treviso Basket,1,9042,13,Ike,Anigbogu,Tiro libero sbagliato,,,,,,,,A,7,False,0,446
25602,448,3,07:37,143,65,49,1764,Nutribullet Treviso Basket,1,4879,4,DeWayne,Russell,Assist,,,,,,,,,,False,0,446
25602,449,3,07:37,143,65,49,1761,BC Roma,0,9382,19,Marko,Simonovic,Rimbalzo difensivo,,,,,,,,,,False,0,446
25602,450,3,07:37,143,65,49,1761,BC Roma,0,5369,12,Arturs,Strautins,Fallo commesso,100,personale,,,86,56,0,D,6,False,0,
25602,451,3,07:37,143,65,49,1764,Nutribullet Treviso Basket,1,9042,13,Ike,Anigbogu,Fallo Subito,,,,,86,56,0,D,6,False,0,450
25602,452,3,07:37,143,65,49,1761,BC Roma,0,9384,10,Erik,Stevenson,Ingresso,,,,,,,,,,False,0,
25602,453,3,07:37,143,65,49,1761,BC Roma,0,5369,12,Arturs,Strautins,Uscita,,,,,,,,,,False,0,452
25602,454,3,07:26,154,65,49,1764,Nutribullet Treviso Basket,1,6191,55,JP,Macura,2 punti sbagliato,7,Appoggio a canestro,,,93,47,1,A,3,False,0,
25602,455,3,07:26,154,65,49,1761,BC Roma,0,9382,19,Marko,Simonovic,Rimbalzo difensivo,,,,,93,47,1,A,3,False,0,454
25602,456,3,07:10,170,65,49,1761,BC Roma,0,9385,3,Paul,Watson,Palla persa,54,Fuori dal campo,,,2,1,0,A,1,False,0,
25602,457,3,06:58,182,65,49,1761,BC Roma,0,9380,11,Gerald,Ayayi,Fallo commesso,100,personale,,,71,76,0,D,8,False,0,
25602,458,3,06:58,182,65,49,1764,Nutribullet Treviso Basket,1,9041,3,Brekkott,Chapman,Fallo Subito,,,,,71,76,0,D,8,False,0,457
25602,459,3,06:58,182,66,49,1764,Nutribullet Treviso Basket,1,9041,3,Brekkott,Chapman,Tiro libero segnato,,,,,,,,A,7,False,0,
25602,460,3,06:58,182,67,49,1764,Nutribullet Treviso Basket,1,9041,3,Brekkott,Chapman,Tiro libero segnato,,,,,,,,A,7,False,0,459
25602,461,3,06:49,191,67,49,1764,Nutribullet Treviso Basket,1,9042,13,Ike,Anigbogu,Fallo commesso,100,personale,,,25,27,1,D,7,False,0,
25602,462,3,06:49,191,67,49,1761,BC Roma,0,9380,11,Gerald,Ayayi,Fallo Subito,,,,,25,27,1,D,7,False,0,461
25602,463,3,06:49,191,67,49,1764,Nutribullet Treviso Basket,1,9042,13,Ike,Anigbogu,Uscita,,,,,,,,,,False,0,
25602,464,3,06:49,191,67,49,1764,Nutribullet Treviso Basket,1,9333,97,Valentine,Chery,Ingresso,,,,,,,,,,False,0,463
25602,465,3,06:40,200,67,51,1761,BC Roma,0,9382,19,Marko,Simonovic,2 punti segnato,9,Schiacciata,,,5,49,0,A,3,True,1,
25602,466,3,06:40,200,67,51,1761,BC Roma,0,9385,3,Paul,Watson,Assist,,,,,5,49,0,A,3,False,0,465
25602,467,3,06:27,213,67,51,1764,Nutribullet Treviso Basket,1,6191,55,JP,Macura,Palla persa,50,Passaggio sbagliato,,,69,54,1,A,9,False,0,
25602,468,3,06:27,213,67,51,1761,BC Roma,0,9384,10,Erik,Stevenson,Palla recuperata,,,,,69,54,1,A,9,False,0,467
25602,469,3,06:22,218,67,53,1761,BC Roma,0,9380,11,Gerald,Ayayi,2 punti segnato,8,Da penetrazione,,,6,45,0,A,3,True,0,
25602,470,3,06:22,218,67,53,1761,BC Roma,0,9384,10,Erik,Stevenson,Assist,,,,,6,45,0,A,3,False,0,469
25602,471,3,06:04,236,69,53,1764,Nutribullet Treviso Basket,1,9333,97,Valentine,Chery,2 punti segnato,7,Appoggio a canestro,,,93,53,1,A,3,True,0,
25602,472,3,06:04,236,69,53,1764,Nutribullet Treviso Basket,1,9041,3,Brekkott,Chapman,Assist,,,,,93,53,1,A,3,False,0,471
25602,473,3,05:51,249,69,53,1764,Nutribullet Treviso Basket,1,9041,3,Brekkott,Chapman,Fallo commesso,103,tiro,,,11,39,1,D,6,False,0,
25602,474,3,05:51,249,69,53,1761,BC Roma,0,9380,11,Gerald,Ayayi,Fallo Subito,,,,,11,39,1,D,6,False,0,473
25602,475,3,05:51,249,69,54,1761,BC Roma,0,9380,11,Gerald,Ayayi,Tiro libero segnato,,,,,,,,A,7,False,0,
25602,476,3,05:51,249,69,55,1761,BC Roma,0,9380,11,Gerald,Ayayi,Tiro libero segnato,,,,,,,,A,7,False,0,475
25602,477,3,05:39,261,69,55,1764,Nutribullet Treviso Basket,1,6191,55,JP,Macura,3 punti sbagliato,1,Tiro in sospensione,,,79,91,1,A,8,False,0,
25602,478,3,05:39,261,69,55,1761,BC Roma,0,9382,19,Marko,Simonovic,Rimbalzo difensivo,,,,,79,91,1,A,8,False,0,477
25602,479,3,05:32,268,69,55,1761,BC Roma,0,9385,3,Paul,Watson,3 punti sbagliato,1,Tiro in sospensione,,,25,83,0,A,10,False,0,
25602,480,3,05:32,268,69,55,1764,Nutribullet Treviso Basket,1,4879,4,DeWayne,Russell,Rimbalzo difensivo,,,,,25,83,0,A,10,False,0,479
25602,481,3,05:22,278,71,55,1764,Nutribullet Treviso Basket,1,4879,4,DeWayne,Russell,2 punti segnato,8,Da penetrazione,,,93,47,1,A,3,True,0,
25602,482,3,05:06,294,71,55,1761,BC Roma,0,6138,1,Niccolò,Mannion,3 punti sbagliato,1,Tiro in sospensione,,,3,3,0,A,1,False,0,
25602,483,3,05:06,294,71,55,1761,BC Roma,0,9382,19,Marko,Simonovic,Rimbalzo offensivo,,,,,3,3,0,A,1,False,0,482
25602,484,3,05:01,299,71,55,1761,BC Roma,0,9382,19,Marko,Simonovic,Palla persa,50,Passaggio sbagliato,,,4,28,0,A,2,False,0,
25602,485,3,05:01,299,71,55,1764,Nutribullet Treviso Basket,1,4879,4,DeWayne,Russell,Palla recuperata,,,,,4,28,0,A,2,False,0,484
25602,486,3,04:54,306,71,55,1764,Nutribullet Treviso Basket,1,4879,4,DeWayne,Russell,Palla persa,51,Palleggio,,,2,20,1,D,2,False,0,
25602,487,3,04:54,306,71,55,1761,BC Roma,0,9380,11,Gerald,Ayayi,Palla recuperata,,,,,2,20,1,D,2,False,0,486
25602,488,3,04:50,310,71,57,1761,BC Roma,0,9380,11,Gerald,Ayayi,2 punti segnato,7,Appoggio a canestro,,,4,48,0,A,3,True,0,
25602,489,3,04:49,311,71,57,1764,Nutribullet Treviso Basket,1,969,0,Alessandro,Cappelletti,Ingresso,,,,,,,,,,False,0,
25602,490,3,04:49,311,71,57,1764,Nutribullet Treviso Basket,1,6191,55,JP,Macura,Uscita,,,,,,,,,,False,0,489
25602,491,3,04:30,330,74,57,1764,Nutribullet Treviso Basket,1,4879,4,DeWayne,Russell,3 punti segnato,1,Tiro in sospensione,,,75,85,1,A,8,False,0,
25602,492,3,04:30,330,74,57,1764,Nutribullet Treviso Basket,1,969,0,Alessandro,Cappelletti,Assist,,,,,75,85,1,A,8,False,0,491
25602,493,3,04:16,344,74,60,1761,BC Roma,0,6138,1,Niccolò,Mannion,3 punti segnato,1,Tiro in sospensione,,,4,5,0,A,1,False,0,
25602,494,3,04:16,344,74,60,1761,BC Roma,0,9380,11,Gerald,Ayayi,Assist,,,,,4,5,0,A,1,False,0,493
25602,495,3,04:05,355,74,60,1761,BC Roma,0,9384,10,Erik,Stevenson,Fallo commesso,100,personale,,,71,27,0,D,9,False,0,
25602,496,3,04:05,355,74,60,1764,Nutribullet Treviso Basket,1,969,0,Alessandro,Cappelletti,Fallo Subito,,,,,71,27,0,D,9,False,0,495
25602,497,3,04:05,355,74,60,1764,Nutribullet Treviso Basket,1,4879,4,DeWayne,Russell,Uscita,,,,,,,,,,False,0,
25602,498,3,04:05,355,74,60,1764,Nutribullet Treviso Basket,1,3714,11,Federico,Miaschi,Ingresso,,,,,,,,,,False,0,497
25602,499,3,04:05,355,74,60,1761,BC Roma,0,6258,5,Corey,Davis,Ingresso,,,,,,,,,,False,0,497
25602,500,3,04:05,355,74,60,1761,BC Roma,0,9379,7,Giovanni,Emejuru,Ingresso,,,,,,,,,,False,0,497
25602,501,3,04:05,355,74,60,1761,BC Roma,0,9380,11,Gerald,Ayayi,Uscita,,,,,,,,,,False,0,497
25602,502,3,04:05,355,74,60,1761,BC Roma,0,9382,19,Marko,Simonovic,Uscita,,,,,,,,,,False,0,497
25602,503,3,04:05,355,75,60,1764,Nutribullet Treviso Basket,1,969,0,Alessandro,Cappelletti,Tiro libero segnato,,,,,,,,A,7,False,0,
25602,504,3,04:05,355,76,60,1764,Nutribullet Treviso Basket,1,969,0,Alessandro,Cappelletti,Tiro libero segnato,,,,,,,,A,7,False,0,503
25602,505,3,03:50,370,76,62,1761,BC Roma,0,9384,10,Erik,Stevenson,2 punti segnato,10,Alley-oop,,,5,52,0,A,3,True,0,
25602,506,3,03:50,370,76,62,1761,BC Roma,0,6138,1,Niccolò,Mannion,Assist,,,,,5,52,0,A,3,False,0,505
25602,507,3,03:26,394,78,62,1764,Nutribullet Treviso Basket,1,969,0,Alessandro,Cappelletti,2 punti segnato,8,Da penetrazione,,,95,48,1,A,3,True,0,
25602,508,3,03:03,417,78,62,1761,BC Roma,0,6138,1,Niccolò,Mannion,3 punti sbagliato,1,Tiro in sospensione,,,33,52,0,A,9,False,0,
25602,509,3,03:03,417,78,62,1761,BC Roma,0,9385,3,Paul,Watson,Rimbalzo offensivo,,,,,33,52,0,A,9,False,0,508
25602,510,3,03:01,419,78,62,1764,Nutribullet Treviso Basket,1,9041,3,Brekkott,Chapman,Fallo commesso,100,personale,,,5,59,1,D,3,False,0,
25602,511,3,03:01,419,78,62,1761,BC Roma,0,9385,3,Paul,Watson,Fallo Subito,,,,,5,59,1,D,3,False,0,510
25602,512,3,03:01,419,78,62,1764,Nutribullet Treviso Basket,1,9041,3,Brekkott,Chapman,Uscita,,,,,,,,,,False,0,
25602,513,3,03:01,419,78,62,1764,Nutribullet Treviso Basket,1,1189,26,Matteo,Chillo,Ingresso,,,,,,,,,,False,0,512
25602,514,3,02:57,423,78,62,1761,BC Roma,0,6258,5,Corey,Davis,3 punti sbagliato,1,Tiro in sospensione,,,5,97,0,A,5,False,0,
25602,515,3,02:57,423,78,62,1764,Nutribullet Treviso Basket,1,1189,26,Matteo,Chillo,Rimbalzo difensivo,,,,,5,97,0,A,5,False,0,514
25602,516,3,02:42,438,78,62,1764,Nutribullet Treviso Basket,1,9333,97,Valentine,Chery,2 punti sbagliato,8,Da penetrazione,,,86,46,1,A,6,False,0,
25602,517,3,02:42,438,78,62,1764,Nutribullet Treviso Basket,1,1189,26,Matteo,Chillo,Rimbalzo offensivo,,,,,86,46,1,A,6,False,0,516
25602,518,3,02:37,443,81,62,1764,Nutribullet Treviso Basket,1,1189,26,Matteo,Chillo,3 punti segnato,1,Tiro in sospensione,,,68,43,1,A,9,False,0,
25602,519,3,02:37,443,81,62,1764,Nutribullet Treviso Basket,1,9331,2,Chico,Carter,Assist,,,,,68,43,1,A,9,False,0,518
25602,520,3,02:35,445,81,62,1761,BC Roma,0,,,,,Time Out,,,,,,,0,,,False,0,
25602,521,3,02:35,445,81,62,1761,BC Roma,0,6138,1,Niccolò,Mannion,Uscita,,,,,,,,,,False,0,
25602,522,3,02:35,445,81,62,1761,BC Roma,0,9379,7,Giovanni,Emejuru,Uscita,,,,,,,,,,False,0,521
25602,523,3,02:35,445,81,62,1761,BC Roma,0,9380,11,Gerald,Ayayi,Ingresso,,,,,,,,,,False,0,521
25602,524,3,02:35,445,81,62,1761,BC Roma,0,5369,12,Arturs,Strautins,Ingresso,,,,,,,,,,False,0,521
25602,525,3,02:27,453,81,62,1761,BC Roma,0,9385,3,Paul,Watson,Fallo commesso,106,offensivo,,,21,91,0,A,10,False,0,
25602,526,3,02:27,453,81,62,1761,BC Roma,0,9385,3,Paul,Watson,Palla persa,,,,,21,91,0,A,10,False,0,525
25602,527,3,02:27,453,81,62,1764,Nutribullet Treviso Basket,1,9331,2,Chico,Carter,Fallo Subito,,,,,21,91,0,A,10,False,0,525
25602,528,3,02:06,474,81,62,1764,Nutribullet Treviso Basket,1,1189,26,Matteo,Chillo,2 punti sbagliato,7,Appoggio a canestro,,,94,60,1,A,3,False,0,
25602,529,3,02:06,474,81,62,1761,BC Roma,0,9384,10,Erik,Stevenson,Rimbalzo difensivo,,,,,94,60,1,A,3,False,0,528
25602,530,3,01:55,485,81,65,1761,BC Roma,0,5369,12,Arturs,Strautins,3 punti segnato,1,Tiro in sospensione,,,9,3,0,A,1,False,0,
25602,531,3,01:55,485,81,65,1761,BC Roma,0,9384,10,Erik,Stevenson,Assist,,,,,9,3,0,A,1,False,0,530
25602,532,3,01:26,514,81,65,1764,Nutribullet Treviso Basket,1,969,0,Alessandro,Cappelletti,2 punti sbagliato,6,Arresto e tiro,,,86,36,1,A,4,False,0,
25602,533,3,01:26,514,81,65,1761,BC Roma,0,,,,,Rimbalzi difensivi di squadra,,,,,86,36,1,A,4,False,0,532
25602,534,3,01:24,516,81,65,1764,Nutribullet Treviso Basket,1,9331,2,Chico,Carter,Uscita,,,,,,,,,,False,0,
25602,535,3,01:24,516,81,65,1764,Nutribullet Treviso Basket,1,6191,55,JP,Macura,Ingresso,,,,,,,,,,False,0,534
25602,536,3,01:13,527,81,65,1761,BC Roma,0,9385,3,Paul,Watson,3 punti sbagliato,1,Tiro in sospensione,,,29,77,0,A,10,False,0,
25602,537,3,01:13,527,81,65,1761,BC Roma,0,5369,12,Arturs,Strautins,Rimbalzo offensivo,,,,,29,77,0,A,10,False,0,536
25602,538,3,01:04,536,81,65,1764,Nutribullet Treviso Basket,1,9333,97,Valentine,Chery,Fallo commesso,103,tiro,,,11,51,1,D,6,False,0,
25602,539,3,01:04,536,81,65,1761,BC Roma,0,9385,3,Paul,Watson,Fallo Subito,,,,,11,51,1,D,6,False,0,538
25602,540,3,01:04,536,81,65,1761,BC Roma,0,9385,3,Paul,Watson,Tiro libero sbagliato,,,,,,,,A,7,False,0,
25602,541,3,01:04,536,81,66,1761,BC Roma,0,9385,3,Paul,Watson,Tiro libero segnato,,,,,,,,A,7,False,0,540
25602,542,3,00:49,551,83,66,1764,Nutribullet Treviso Basket,1,6191,55,JP,Macura,2 punti segnato,2,Tiro in corsa,,,83,48,1,A,6,True,0,
25602,547,3,00:37,563,83,66,1764,Nutribullet Treviso Basket,1,9333,97,Valentine,Chery,Fallo commesso,103,tiro,,,13,41,1,D,6,False,0,
25602,548,3,00:37,563,83,66,1761,BC Roma,0,9385,3,Paul,Watson,Fallo Subito,,,,,13,41,1,D,6,False,0,547
25602,549,3,00:37,563,83,66,1761,BC Roma,0,9385,3,Paul,Watson,Tiro libero sbagliato,,,,,,,,A,7,False,0,
25602,550,3,00:37,563,83,67,1761,BC Roma,0,9385,3,Paul,Watson,Tiro libero segnato,,,,,,,,A,7,False,0,549
25602,551,3,00:37,563,83,67,1764,Nutribullet Treviso Basket,1,9042,13,Ike,Anigbogu,Ingresso,,,,,,,,,,False,0,
25602,552,3,00:37,563,83,67,1764,Nutribullet Treviso Basket,1,9333,97,Valentine,Chery,Uscita,,,,,,,,,,False,0,551
25602,553,3,00:37,563,83,67,1761,BC Roma,0,9385,3,Paul,Watson,Uscita,,,,,,,,,,False,0,551
25602,554,3,00:37,563,83,67,1761,BC Roma,0,9383,33,Mike,Iuzzolino,Ingresso,,,,,,,,,,False,0,551
25602,555,3,00:37,563,83,67,1761,BC Roma,0,9385,3,Paul,Watson,Fallo commesso,124,flagrant,,,15,29,0,A,2,False,0,
25602,556,3,00:37,563,83,67,1764,Nutribullet Treviso Basket,1,9333,97,Valentine,Chery,Fallo Subito,,,,,15,29,1,D,2,False,0,555
25602,557,3,00:37,563,83,67,1764,Nutribullet Treviso Basket,1,9042,13,Ike,Anigbogu,Tiro libero sbagliato,,,,,,,,A,7,False,0,
25602,558,3,00:37,563,84,67,1764,Nutribullet Treviso Basket,1,9042,13,Ike,Anigbogu,Tiro libero segnato,,,,,,,,A,7,False,0,557
25602,559,3,00:27,573,84,67,1764,Nutribullet Treviso Basket,1,3714,11,Federico,Miaschi,2 punti sbagliato,6,Arresto e tiro,,,92,78,1,A,2,False,0,
25602,560,3,00:27,573,84,67,1761,BC Roma,0,9384,10,Erik,Stevenson,Rimbalzo difensivo,,,,,92,78,1,A,2,False,0,559
25602,561,3,00:01,599,84,67,1761,BC Roma,0,9384,10,Erik,Stevenson,3 punti sbagliato,1,Tiro in sospensione,1007,nessun rimbalzo,19,10,0,A,8,False,0,
25602,562,3,00:00,600,84,67,,,,,,,,Fine Tempo,,,,,,,,,,False,0,
25602,563,4,10:00,0,84,67,1764,Nutribullet Treviso Basket,1,4879,4,DeWayne,Russell,Ingresso,,,,,,,,,,False,0,
25602,564,4,10:00,0,84,67,1764,Nutribullet Treviso Basket,1,3714,11,Federico,Miaschi,Uscita,,,,,,,,,,False,0,563
25602,565,4,10:00,0,84,67,1761,BC Roma,0,9382,19,Marko,Simonovic,Ingresso,,,,,,,,,,False,0,563
25602,566,4,10:00,0,84,67,1761,BC Roma,0,9383,33,Mike,Iuzzolino,Uscita,,,,,,,,,,False,0,563
25602,567,4,10:00,0,84,67,,,,,,,,Inizio Tempo,,,,,,,,,,False,0,
25602,568,4,09:46,14,84,67,1761,BC Roma,0,9382,19,Marko,Simonovic,Fallo commesso,100,personale,,,93,72,0,D,2,False,0,
25602,569,4,09:46,14,84,67,1764,Nutribullet Treviso Basket,1,9042,13,Ike,Anigbogu,Fallo Subito,,,,,93,72,0,D,2,False,0,568
25602,570,4,09:46,14,84,67,1761,BC Roma,0,9384,10,Erik,Stevenson,Fallo commesso,103,tiro,,,91,46,0,D,3,False,0,
25602,571,4,09:46,14,84,67,1764,Nutribullet Treviso Basket,1,6191,55,JP,Macura,Fallo Subito,,,,,91,46,0,D,3,False,0,570
25602,572,4,09:46,14,84,67,1764,Nutribullet Treviso Basket,1,6191,55,JP,Macura,Tiro libero sbagliato,,,,,,,,A,7,False,0,
25602,573,4,09:46,14,85,67,1764,Nutribullet Treviso Basket,1,6191,55,JP,Macura,Tiro libero segnato,,,,,,,,A,7,False,0,572
25602,576,4,09:46,14,85,67,1764,Nutribullet Treviso Basket,1,969,0,Alessandro,Cappelletti,Assist,,,,,,,,,,False,0,572
25602,577,4,09:35,25,85,67,1764,Nutribullet Treviso Basket,1,969,0,Alessandro,Cappelletti,Fallo commesso,100,personale,,,8,71,1,D,4,False,0,
25602,578,4,09:35,25,85,67,1761,BC Roma,0,9380,11,Gerald,Ayayi,Fallo Subito,,,,,8,71,1,D,4,False,0,577
25602,579,4,09:30,30,85,69,1761,BC Roma,0,5369,12,Arturs,Strautins,2 punti segnato,1,Tiro in sospensione,,,5,22,0,A,2,False,0,
25602,580,4,09:30,30,85,69,1761,BC Roma,0,9380,11,Gerald,Ayayi,Assist,,,,,5,22,0,A,2,False,0,579
25602,581,4,09:04,56,85,69,1764,Nutribullet Treviso Basket,1,4879,4,DeWayne,Russell,2 punti sbagliato,1,Tiro in sospensione,1005,stoppata,78,20,1,A,7,False,0,
25602,582,4,09:04,56,85,69,1761,BC Roma,0,9382,19,Marko,Simonovic,Stoppata,,,,,78,20,1,A,7,False,0,581
25602,583,4,09:04,56,85,69,1764,Nutribullet Treviso Basket,1,4879,4,DeWayne,Russell,Stoppata subita,,,,,78,20,1,A,7,False,0,581
25602,584,4,09:04,56,85,69,1761,BC Roma,0,5369,12,Arturs,Strautins,Rimbalzo difensivo,,,,,78,20,1,A,7,False,0,581
25602,585,4,08:52,68,85,72,1761,BC Roma,0,9384,10,Erik,Stevenson,3 punti segnato,5,Tiro in Step Back,,,28,26,0,A,9,False,0,
25602,586,4,08:35,85,85,72,1764,Nutribullet Treviso Basket,1,969,0,Alessandro,Cappelletti,2 punti sbagliato,6,Arresto e tiro,,,79,55,1,A,7,False,0,
25602,587,4,08:35,85,85,72,1761,BC Roma,0,9380,11,Gerald,Ayayi,Rimbalzo difensivo,,,,,79,55,1,A,7,False,0,586
25602,588,4,08:23,97,85,74,1761,BC Roma,0,6258,5,Corey,Davis,2 punti segnato,6,Arresto e tiro,,,28,54,0,A,7,False,0,
25602,589,4,08:22,98,85,74,1764,Nutribullet Treviso Basket,1,,,,,Time Out,,,,,,,1,,,False,0,
25602,590,4,08:18,102,87,74,1764,Nutribullet Treviso Basket,1,9042,13,Ike,Anigbogu,2 punti segnato,10,Alley-oop,,,95,50,1,A,3,True,0,
25602,591,4,08:18,102,87,74,1764,Nutribullet Treviso Basket,1,4879,4,DeWayne,Russell,Assist,,,,,95,50,1,A,3,False,0,590
25602,592,4,08:04,116,87,74,1761,BC Roma,0,5369,12,Arturs,Strautins,3 punti sbagliato,1,Tiro in sospensione,,,28,78,0,A,10,False,0,
25602,593,4,08:04,116,87,74,1764,Nutribullet Treviso Basket,1,9042,13,Ike,Anigbogu,Rimbalzo difensivo,,,,,28,78,0,A,10,False,0,592
25602,594,4,07:53,127,87,74,1764,Nutribullet Treviso Basket,1,969,0,Alessandro,Cappelletti,Palla persa,50,Passaggio sbagliato,,,65,57,1,A,9,False,0,
25602,595,4,07:53,127,87,74,1761,BC Roma,0,6258,5,Corey,Davis,Palla recuperata,,,,,65,57,1,A,9,False,0,594
25602,596,4,07:44,136,87,77,1761,BC Roma,0,9382,19,Marko,Simonovic,3 punti segnato,1,Tiro in sospensione,,,26,20,0,A,8,False,0,
25602,597,4,07:44,136,87,77,1761,BC Roma,0,6258,5,Corey,Davis,Assist,,,,,26,20,0,A,8,False,0,596
25602,598,4,07:19,161,90,77,1764,Nutribullet Treviso Basket,1,1189,26,Matteo,Chillo,3 punti segnato,1,Tiro in sospensione,,,91,4,1,A,5,False,0,
25602,600,4,07:05,175,90,77,1764,Nutribullet Treviso Basket,1,1189,26,Matteo,Chillo,Fallo commesso,103,tiro,,,7,47,1,D,3,False,0,
25602,601,4,07:05,175,90,77,1761,BC Roma,0,6258,5,Corey,Davis,Fallo Subito,,,,,7,47,1,D,3,False,0,600
25602,602,4,07:05,175,90,77,1764,Nutribullet Treviso Basket,1,969,0,Alessandro,Cappelletti,Uscita,,,,,,,,,,False,0,
25602,603,4,07:05,175,90,77,1764,Nutribullet Treviso Basket,1,9331,2,Chico,Carter,Ingresso,,,,,,,,,,False,0,602
25602,604,4,07:05,175,90,77,1761,BC Roma,0,6138,1,Niccolò,Mannion,Ingresso,,,,,,,,,,False,0,602
25602,605,4,07:05,175,90,77,1761,BC Roma,0,9384,10,Erik,Stevenson,Uscita,,,,,,,,,,False,0,602
25602,606,4,07:05,175,90,78,1761,BC Roma,0,6258,5,Corey,Davis,Tiro libero segnato,,,,,,,,A,7,False,0,
25602,607,4,07:05,175,90,79,1761,BC Roma,0,6258,5,Corey,Davis,Tiro libero segnato,,,,,,,,A,7,False,0,606
25602,608,4,06:55,185,90,79,1764,Nutribullet Treviso Basket,1,4879,4,DeWayne,Russell,2 punti sbagliato,8,Da penetrazione,1005,stoppata,90,38,1,A,6,False,0,
25602,609,4,06:55,185,90,79,1761,BC Roma,0,9382,19,Marko,Simonovic,Stoppata,,,,,90,38,1,A,6,False,0,608
25602,610,4,06:55,185,90,79,1764,Nutribullet Treviso Basket,1,4879,4,DeWayne,Russell,Stoppata subita,,,,,90,38,1,A,6,False,0,608
25602,611,4,06:55,185,90,79,1764,Nutribullet Treviso Basket,1,,,,,Rimbalzi offensivi di squadra,,,,,90,38,1,A,6,False,0,608
25602,612,4,06:49,191,90,79,1764,Nutribullet Treviso Basket,1,1189,26,Matteo,Chillo,3 punti sbagliato,1,Tiro in sospensione,,,71,77,1,A,8,False,0,
25602,613,4,06:49,191,90,79,1761,BC Roma,0,,,,,Rimbalzi difensivi di squadra,,,,,71,77,1,A,8,False,0,612
25602,614,4,06:35,205,90,79,1761,BC Roma,0,9382,19,Marko,Simonovic,2 punti sbagliato,6,Arresto e tiro,,,20,51,0,A,6,False,0,
25602,615,4,06:35,205,90,79,1764,Nutribullet Treviso Basket,1,6191,55,JP,Macura,Rimbalzo difensivo,,,,,20,51,0,A,6,False,0,614
25602,616,4,06:25,215,90,79,1761,BC Roma,0,6138,1,Niccolò,Mannion,Fallo commesso,100,personale,,,78,53,0,D,7,False,0,
25602,617,4,06:25,215,90,79,1764,Nutribullet Treviso Basket,1,9331,2,Chico,Carter,Fallo Subito,,,,,78,53,0,D,7,False,0,616
25602,618,4,06:25,215,90,79,1764,Nutribullet Treviso Basket,1,9041,3,Brekkott,Chapman,Ingresso,,,,,,,,,,False,0,
25602,619,4,06:25,215,90,79,1764,Nutribullet Treviso Basket,1,1189,26,Matteo,Chillo,Uscita,,,,,,,,,,False,0,618
25602,620,4,06:25,215,90,79,1761,BC Roma,0,9385,3,Paul,Watson,Ingresso,,,,,,,,,,False,0,
25602,621,4,06:25,215,90,79,1761,BC Roma,0,5369,12,Arturs,Strautins,Uscita,,,,,,,,,,False,0,620
25602,622,4,06:13,227,93,79,1764,Nutribullet Treviso Basket,1,6191,55,JP,Macura,3 punti segnato,6,Arresto e tiro,,,72,81,1,A,8,False,0,
25602,623,4,05:52,248,93,82,1761,BC Roma,0,9380,11,Gerald,Ayayi,3 punti segnato,1,Tiro in sospensione,,,5,97,0,A,5,False,0,
25602,624,4,05:52,248,93,82,1761,BC Roma,0,6138,1,Niccolò,Mannion,Assist,,,,,5,97,0,A,5,False,0,623
25602,625,4,05:45,255,93,82,1764,Nutribullet Treviso Basket,1,4879,4,DeWayne,Russell,Palla persa,54,Fuori dal campo,,,60,98,1,A,8,False,0,
25602,626,4,05:45,255,93,82,1764,Nutribullet Treviso Basket,1,9042,13,Ike,Anigbogu,Uscita,,,,,,,,,,False,0,
25602,627,4,05:45,255,93,82,1764,Nutribullet Treviso Basket,1,9333,97,Valentine,Chery,Ingresso,,,,,,,,,,False,0,626
25602,628,4,05:36,264,93,82,1761,BC Roma,0,9380,11,Gerald,Ayayi,Palla persa,51,Palleggio,,,19,49,0,A,6,False,0,
25602,629,4,05:36,264,93,82,1764,Nutribullet Treviso Basket,1,4879,4,DeWayne,Russell,Palla recuperata,,,,,19,49,0,A,6,False,0,628
25602,630,4,05:31,269,93,82,1761,BC Roma,0,9385,3,Paul,Watson,Fallo commesso,103,tiro,,,93,51,0,D,3,False,0,
25602,631,4,05:31,269,93,82,1764,Nutribullet Treviso Basket,1,9041,3,Brekkott,Chapman,Fallo Subito,,,,,93,51,0,D,3,False,0,630
25602,632,4,05:31,269,93,82,1761,BC Roma,0,9385,3,Paul,Watson,Uscita,,,,,,,,,,False,0,
25602,633,4,05:31,269,93,82,1761,BC Roma,0,5369,12,Arturs,Strautins,Ingresso,,,,,,,,,,False,0,632
25602,634,4,05:31,269,93,82,1764,Nutribullet Treviso Basket,1,9041,3,Brekkott,Chapman,Tiro libero sbagliato,,,,,,,,A,7,False,0,
25602,635,4,05:31,269,94,82,1764,Nutribullet Treviso Basket,1,9041,3,Brekkott,Chapman,Tiro libero segnato,,,,,,,,A,7,False,0,634
25602,636,4,05:31,269,94,82,1764,Nutribullet Treviso Basket,1,4879,4,DeWayne,Russell,Assist,,,,,,,,,,False,0,634
25602,637,4,05:15,285,94,82,1761,BC Roma,0,6138,1,Niccolò,Mannion,3 punti sbagliato,6,Arresto e tiro,,,31,56,0,A,9,False,0,
25602,638,4,05:15,285,94,82,1761,BC Roma,0,9380,11,Gerald,Ayayi,Rimbalzo offensivo,,,,,31,56,0,A,9,False,0,637
25602,639,4,05:07,293,94,82,1761,BC Roma,0,5369,12,Arturs,Strautins,3 punti sbagliato,1,Tiro in sospensione,,,16,95,0,A,10,False,0,
25602,640,4,05:07,293,94,82,1764,Nutribullet Treviso Basket,1,9041,3,Brekkott,Chapman,Rimbalzo difensivo,,,,,16,95,0,A,10,False,0,639
25602,641,4,04:43,317,94,82,1764,Nutribullet Treviso Basket,1,4879,4,DeWayne,Russell,2 punti sbagliato,2,Tiro in corsa,,,88,54,1,A,6,False,0,
25602,642,4,04:43,317,94,82,1761,BC Roma,0,5369,12,Arturs,Strautins,Rimbalzo difensivo,,,,,88,54,1,A,6,False,0,641
25602,643,4,04:37,323,94,82,1764,Nutribullet Treviso Basket,1,9333,97,Valentine,Chery,Fallo commesso,100,personale,,,4,28,1,D,2,False,0,
25602,644,4,04:37,323,94,82,1761,BC Roma,0,9380,11,Gerald,Ayayi,Fallo Subito,,,,,4,28,1,D,2,False,0,643
25602,645,4,04:37,323,94,82,1764,Nutribullet Treviso Basket,1,969,0,Alessandro,Cappelletti,Ingresso,,,,,,,,,,False,0,
25602,646,4,04:37,323,94,82,1764,Nutribullet Treviso Basket,1,4879,4,DeWayne,Russell,Uscita,,,,,,,,,,False,0,645
25602,647,4,04:37,323,94,82,1764,Nutribullet Treviso Basket,1,9042,13,Ike,Anigbogu,Ingresso,,,,,,,,,,False,0,645
25602,648,4,04:37,323,94,82,1764,Nutribullet Treviso Basket,1,9333,97,Valentine,Chery,Uscita,,,,,,,,,,False,0,645
25602,649,4,04:31,329,94,84,1761,BC Roma,0,9382,19,Marko,Simonovic,2 punti segnato,7,Appoggio a canestro,,,7,49,0,A,3,True,0,
25602,650,4,04:31,329,94,84,1761,BC Roma,0,6258,5,Corey,Davis,Assist,,,,,7,49,0,A,3,False,0,649
25602,651,4,04:17,343,94,84,1761,BC Roma,0,9380,11,Gerald,Ayayi,Fallo commesso,100,personale,,,90,14,0,D,4,False,0,
25602,652,4,04:17,343,94,84,1764,Nutribullet Treviso Basket,1,6191,55,JP,Macura,Fallo Subito,,,,,90,14,0,D,4,False,0,651
25602,653,4,04:17,343,95,84,1764,Nutribullet Treviso Basket,1,6191,55,JP,Macura,Tiro libero segnato,,,,,,,,A,7,False,0,
25602,654,4,04:17,343,96,84,1764,Nutribullet Treviso Basket,1,6191,55,JP,Macura,Tiro libero segnato,,,,,,,,A,7,False,0,653
25602,655,4,04:01,359,96,86,1761,BC Roma,0,6258,5,Corey,Davis,2 punti segnato,5,Tiro in Step Back,,,22,61,0,A,7,False,0,
25602,656,4,03:44,376,96,86,1761,BC Roma,0,6258,5,Corey,Davis,Fallo commesso,100,personale,,,77,50,0,D,7,False,0,
25602,657,4,03:44,376,96,86,1764,Nutribullet Treviso Basket,1,9042,13,Ike,Anigbogu,Fallo Subito,,,,,77,50,0,D,7,False,0,656
25602,658,4,03:44,376,97,86,1764,Nutribullet Treviso Basket,1,9042,13,Ike,Anigbogu,Tiro libero segnato,,,,,,,,A,7,False,0,
25602,659,4,03:44,376,98,86,1764,Nutribullet Treviso Basket,1,9042,13,Ike,Anigbogu,Tiro libero segnato,,,,,,,,A,7,False,0,658
25602,660,4,03:33,387,98,86,1761,BC Roma,0,6258,5,Corey,Davis,3 punti sbagliato,1,Tiro in sospensione,,,11,3,0,A,8,False,0,
25602,661,4,03:33,387,98,86,1761,BC Roma,0,5369,12,Arturs,Strautins,Rimbalzo offensivo,,,,,11,3,0,A,8,False,0,660
25602,662,4,03:29,391,98,86,1764,Nutribullet Treviso Basket,1,969,0,Alessandro,Cappelletti,Fallo commesso,103,tiro,,,7,55,1,D,3,False,0,
25602,663,4,03:29,391,98,86,1761,BC Roma,0,5369,12,Arturs,Strautins,Fallo Subito,,,,,7,55,1,D,3,False,0,662
25602,664,4,03:29,391,98,86,1764,Nutribullet Treviso Basket,1,9331,2,Chico,Carter,Uscita,,,,,,,,,,False,0,
25602,665,4,03:29,391,98,86,1764,Nutribullet Treviso Basket,1,4879,4,DeWayne,Russell,Ingresso,,,,,,,,,,False,0,664
25602,666,4,03:29,391,98,87,1761,BC Roma,0,5369,12,Arturs,Strautins,Tiro libero segnato,,,,,,,,A,7,False,0,
25602,667,4,03:29,391,98,88,1761,BC Roma,0,5369,12,Arturs,Strautins,Tiro libero segnato,,,,,,,,A,7,False,0,666
25602,668,4,03:15,405,98,88,1764,Nutribullet Treviso Basket,1,9042,13,Ike,Anigbogu,Palla persa,50,Passaggio sbagliato,,,68,53,1,A,9,False,0,
25602,669,4,03:15,405,98,88,1761,BC Roma,0,6258,5,Corey,Davis,Palla recuperata,,,,,68,53,1,A,9,False,0,668
25602,670,4,03:10,410,98,88,1761,BC Roma,0,5369,12,Arturs,Strautins,Palla persa,51,Palleggio,,,19,73,0,A,4,False,0,
25602,671,4,03:10,410,98,88,1764,Nutribullet Treviso Basket,1,6191,55,JP,Macura,Palla recuperata,,,,,19,73,0,A,4,False,0,670
25602,672,4,03:05,415,100,88,1764,Nutribullet Treviso Basket,1,9042,13,Ike,Anigbogu,2 punti segnato,7,Appoggio a canestro,,,90,51,1,A,6,True,0,
25602,673,4,03:05,415,100,88,1764,Nutribullet Treviso Basket,1,4879,4,DeWayne,Russell,Assist,,,,,90,51,1,A,6,False,0,672
25602,674,4,03:05,415,100,88,1761,BC Roma,0,9382,19,Marko,Simonovic,Fallo commesso,103,tiro,,,90,51,0,D,6,False,0,
25602,675,4,03:05,415,100,88,1764,Nutribullet Treviso Basket,1,9042,13,Ike,Anigbogu,Fallo Subito,,,,,90,51,0,D,6,False,0,674
25602,676,4,03:05,415,101,88,1764,Nutribullet Treviso Basket,1,9042,13,Ike,Anigbogu,Tiro libero segnato,,,,,,,,A,7,False,0,
25602,677,4,02:56,424,101,88,1761,BC Roma,0,6138,1,Niccolò,Mannion,3 punti sbagliato,6,Arresto e tiro,,,30,31,0,A,9,False,0,
25602,678,4,02:56,424,101,88,1764,Nutribullet Treviso Basket,1,9042,13,Ike,Anigbogu,Rimbalzo difensivo,,,,,30,31,0,A,9,False,0,677
25602,679,4,02:33,447,104,88,1764,Nutribullet Treviso Basket,1,969,0,Alessandro,Cappelletti,3 punti segnato,5,Tiro in Step Back,,,73,79,1,A,8,False,0,
25602,680,4,02:29,451,104,88,1761,BC Roma,0,,,,,Time Out,,,,,,,0,,,False,0,
25602,681,4,02:29,451,104,88,1761,BC Roma,0,9384,10,Erik,Stevenson,Ingresso,,,,,,,,,,False,0,
25602,682,4,02:29,451,104,88,1761,BC Roma,0,9382,19,Marko,Simonovic,Uscita,,,,,,,,,,False,0,681
25602,683,4,02:15,465,104,90,1761,BC Roma,0,5369,12,Arturs,Strautins,2 punti segnato,8,Da penetrazione,,,5,47,0,A,3,True,0,
25602,684,4,02:00,480,104,90,1764,Nutribullet Treviso Basket,1,4879,4,DeWayne,Russell,3 punti sbagliato,1,Tiro in sospensione,,,95,97,1,A,1,False,0,
25602,685,4,02:00,480,104,90,1761,BC Roma,0,6138,1,Niccolò,Mannion,Rimbalzo difensivo,,,,,95,97,1,A,1,False,0,684
25602,686,4,01:55,485,104,90,1764,Nutribullet Treviso Basket,1,9042,13,Ike,Anigbogu,Fallo commesso,100,personale,,,69,84,1,A,8,False,0,
25602,687,4,01:55,485,104,90,1761,BC Roma,0,6138,1,Niccolò,Mannion,Fallo Subito,,,,,69,84,1,A,8,False,0,686
25602,688,4,01:55,485,104,90,1761,BC Roma,0,6138,1,Niccolò,Mannion,Tiro libero sbagliato,,,,,,,,A,7,False,0,
25602,689,4,01:55,485,104,91,1761,BC Roma,0,6138,1,Niccolò,Mannion,Tiro libero segnato,,,,,,,,A,7,False,0,688
25602,690,4,01:37,503,104,91,1764,Nutribullet Treviso Basket,1,9041,3,Brekkott,Chapman,2 punti sbagliato,7,Appoggio a canestro,,,96,47,1,A,3,False,0,
25602,691,4,01:37,503,104,91,1761,BC Roma,0,5369,12,Arturs,Strautins,Rimbalzo difensivo,,,,,96,47,1,A,3,False,0,690
25602,692,4,01:32,508,104,91,1761,BC Roma,0,6258,5,Corey,Davis,3 punti sbagliato,1,Tiro in sospensione,,,5,4,0,A,1,False,0,
25602,693,4,01:32,508,104,91,1764,Nutribullet Treviso Basket,1,9042,13,Ike,Anigbogu,Rimbalzo difensivo,,,,,5,4,0,A,1,False,0,692
25602,694,4,01:18,522,104,91,1761,BC Roma,0,6138,1,Niccolò,Mannion,Fallo commesso,100,personale,,,54,21,0,D,10,False,0,
25602,695,4,01:18,522,104,91,1764,Nutribullet Treviso Basket,1,969,0,Alessandro,Cappelletti,Fallo Subito,,,,,54,21,0,D,10,False,0,694
25602,696,4,01:18,522,104,91,1761,BC Roma,0,5369,12,Arturs,Strautins,Uscita,,,,,,,,,,False,0,
25602,697,4,01:18,522,104,91,1761,BC Roma,0,9382,19,Marko,Simonovic,Ingresso,,,,,,,,,,False,0,696
25602,698,4,01:18,522,105,91,1764,Nutribullet Treviso Basket,1,969,0,Alessandro,Cappelletti,Tiro libero segnato,,,,,,,,A,7,False,0,
25602,699,4,01:18,522,106,91,1764,Nutribullet Treviso Basket,1,969,0,Alessandro,Cappelletti,Tiro libero segnato,,,,,,,,A,7,False,0,698
25602,700,4,01:08,532,106,94,1761,BC Roma,0,9384,10,Erik,Stevenson,3 punti segnato,1,Tiro in sospensione,,,2,3,0,A,1,False,0,
25602,701,4,01:05,535,106,94,1764,Nutribullet Treviso Basket,1,,,,,Time Out,,,,,,,1,,,False,0,
25602,702,4,00:54,546,106,94,1761,BC Roma,0,9380,11,Gerald,Ayayi,Fallo commesso,100,personale,,,73,43,0,D,7,False,0,
25602,703,4,00:54,546,106,94,1764,Nutribullet Treviso Basket,1,6191,55,JP,Macura,Fallo Subito,,,,,73,43,0,D,7,False,0,702
25602,704,4,00:54,546,107,94,1764,Nutribullet Treviso Basket,1,6191,55,JP,Macura,Tiro libero segnato,,,,,,,,A,7,False,0,
25602,705,4,00:54,546,107,94,1764,Nutribullet Treviso Basket,1,6191,55,JP,Macura,Tiro libero sbagliato,,,,,,,,A,7,False,0,704
25602,706,4,00:54,546,107,94,1764,Nutribullet Treviso Basket,1,6191,55,JP,Macura,Rimbalzo offensivo,,,,,,,,,,False,0,704
25602,707,4,00:54,546,109,94,1764,Nutribullet Treviso Basket,1,6191,55,JP,Macura,2 punti segnato,7,Appoggio a canestro,,,92,48,1,A,3,True,0,
25602,708,4,00:54,546,109,94,1761,BC Roma,0,9384,10,Erik,Stevenson,3 punti sbagliato,5,Tiro in Step Back,,,26,16,0,A,8,False,0,
25602,709,4,00:54,546,109,94,1761,BC Roma,0,6138,1,Niccolò,Mannion,Rimbalzo offensivo,,,,,26,16,0,A,8,False,0,708
25602,710,4,00:54,546,109,94,1761,BC Roma,0,9380,11,Gerald,Ayayi,3 punti sbagliato,1,Tiro in sospensione,,,14,96,0,A,10,False,0,
25602,711,4,00:54,546,109,94,1761,BC Roma,0,9382,19,Marko,Simonovic,Rimbalzo offensivo,,,,,14,96,0,A,10,False,0,710
25602,712,4,00:23,577,109,94,1761,BC Roma,0,9380,11,Gerald,Ayayi,2 punti sbagliato,6,Arresto e tiro,,,6,21,0,A,2,False,0,
25602,713,4,00:23,577,109,94,1764,Nutribullet Treviso Basket,1,969,0,Alessandro,Cappelletti,Rimbalzo difensivo,,,,,6,21,0,A,2,False,0,712
25602,714,4,00:04,596,109,94,1764,Nutribullet Treviso Basket,1,9041,3,Brekkott,Chapman,Palla persa,50,Passaggio sbagliato,,,96,54,1,A,3,False,0,
25602,715,4,00:04,596,109,94,1761,BC Roma,0,9384,10,Erik,Stevenson,Palla recuperata,,,,,96,54,1,A,3,False,0,714
25602,716,4,00:00,600,109,94,1761,BC Roma,0,9384,10,Erik,Stevenson,2 punti sbagliato,9,Schiacciata,1007,nessun rimbalzo,8,46,0,A,3,False,0,
25602,717,4,00:00,600,109,94,,,,,,,,Fine Tempo,,,,,,,,,,False,0,
25603,103,1,10:00,0,0,0,,,,,,,,Inizio Tempo,,,,,,,,,,False,0,
25603,104,1,10:00,0,0,0,1765,Acqua S.Bernardo Cantù,0,9343,22,Chad,Brown,Palla contesa,,,,,,,0,,,False,0,
25603,105,1,09:48,12,0,0,1765,Acqua S.Bernardo Cantù,0,9012,1,Savion,Flagg,Palla persa,50,Passaggio sbagliato,,,15,50,0,A,6,False,0,
25603,106,1,09:48,12,0,0,1753,Umana Reyer Venezia,1,5481,100,Amedeo,Tessitori,Palla recuperata,,,,,15,50,0,A,6,False,0,105
25603,107,1,09:32,28,2,0,1753,Umana Reyer Venezia,1,5481,100,Amedeo,Tessitori,2 punti segnato,4,Giro e Tiro,,,95,54,1,A,3,True,0,
25603,108,1,09:15,45,2,0,1753,Umana Reyer Venezia,1,954,7,Leonardo,Candi,Fallo commesso,100,personale,,,29,48,1,D,7,False,0,
25603,109,1,09:15,45,2,0,1765,Acqua S.Bernardo Cantù,0,1205,,Semaj,Christon,Fallo Subito,,,,,29,48,1,D,7,False,0,108
25603,110,1,09:06,54,2,0,1765,Acqua S.Bernardo Cantù,0,9012,1,Savion,Flagg,3 punti sbagliato,1,Tiro in sospensione,,,32,51,0,A,9,False,0,
25603,111,1,09:06,54,2,0,1753,Umana Reyer Venezia,1,9363,30,Glynn,Watson,Rimbalzo difensivo,,,,,32,51,0,A,9,False,0,110
25603,112,1,08:54,66,2,0,1765,Acqua S.Bernardo Cantù,0,9365,15,Isaiah,Miles,Fallo commesso,100,personale,,,89,68,0,D,2,False,0,
25603,113,1,08:54,66,2,0,1753,Umana Reyer Venezia,1,7079,33,Kyle,Wiltjer,Fallo Subito,,,,,89,68,0,D,2,False,0,112
25603,114,1,08:45,75,5,0,1753,Umana Reyer Venezia,1,9363,30,Glynn,Watson,3 punti segnato,1,Tiro in sospensione,,,69,23,1,A,10,False,0,
25603,115,1,08:45,75,5,0,1753,Umana Reyer Venezia,1,7079,33,Kyle,Wiltjer,Assist,,,,,69,23,1,A,10,False,0,114
25603,116,1,08:30,90,5,0,1765,Acqua S.Bernardo Cantù,0,1205,,Semaj,Christon,2 punti sbagliato,2,Tiro in corsa,1005,stoppata,4,63,0,A,4,False,0,
25603,117,1,08:30,90,5,0,1753,Umana Reyer Venezia,1,5481,100,Amedeo,Tessitori,Stoppata,,,,,4,63,0,A,4,False,0,116
25603,118,1,08:30,90,5,0,1765,Acqua S.Bernardo Cantù,0,1205,,Semaj,Christon,Stoppata subita,,,,,4,63,0,A,4,False,0,116
25603,119,1,08:30,90,5,0,1753,Umana Reyer Venezia,1,4214,22,Jordan,Parks,Rimbalzo difensivo,,,,,4,63,0,A,4,False,0,116
25603,120,1,08:23,97,5,0,1765,Acqua S.Bernardo Cantù,0,1205,,Semaj,Christon,Fallo commesso,100,personale,,,75,81,0,D,8,False,0,
25603,121,1,08:23,97,5,0,1753,Umana Reyer Venezia,1,954,7,Leonardo,Candi,Fallo Subito,,,,,75,81,0,D,8,False,0,120
25603,122,1,08:11,109,7,0,1753,Umana Reyer Venezia,1,5481,100,Amedeo,Tessitori,2 punti segnato,4,Giro e Tiro,,,87,50,1,A,6,True,0,
25603,123,1,08:11,109,7,0,1753,Umana Reyer Venezia,1,7079,33,Kyle,Wiltjer,Assist,,,,,87,50,1,A,6,False,0,122
25603,124,1,07:44,136,7,0,1765,Acqua S.Bernardo Cantù,0,9342,3,Hassani,Gravett,3 punti sbagliato,1,Tiro in sospensione,,,33,54,0,A,9,False,0,
25603,125,1,07:44,136,7,0,1753,Umana Reyer Venezia,1,7079,33,Kyle,Wiltjer,Rimbalzo difensivo,,,,,33,54,0,A,9,False,0,124
25603,126,1,07:29,151,7,0,1753,Umana Reyer Venezia,1,7079,33,Kyle,Wiltjer,2 punti sbagliato,1,Tiro in sospensione,,,93,44,1,A,3,False,0,
25603,127,1,07:29,151,7,0,1753,Umana Reyer Venezia,1,7079,33,Kyle,Wiltjer,Rimbalzo offensivo,,,,,93,44,1,A,3,False,0,126
25603,128,1,07:26,154,9,0,1753,Umana Reyer Venezia,1,7079,33,Kyle,Wiltjer,2 punti segnato,7,Appoggio a canestro,,,95,49,1,A,3,True,0,
25603,129,1,07:26,154,9,0,1765,Acqua S.Bernardo Cantù,0,,,,,Time Out,,,,,,,0,,,False,0,
25603,130,1,07:06,174,9,0,1765,Acqua S.Bernardo Cantù,0,9342,3,Hassani,Gravett,2 punti sbagliato,3,Tiro in fadeaway,,,21,65,0,A,7,False,0,
25603,131,1,07:06,174,9,0,1753,Umana Reyer Venezia,1,,,,,Rimbalzi difensivi di squadra,,,,,21,65,0,A,7,False,0,130
25603,132,1,07:06,174,9,0,1765,Acqua S.Bernardo Cantù,0,9343,22,Chad,Brown,Fallo commesso,100,personale,,,9,52,0,A,3,False,0,
25603,133,1,07:06,174,9,0,1753,Umana Reyer Venezia,1,4214,22,Jordan,Parks,Fallo Subito,,,,,9,52,0,A,3,False,0,132
25603,134,1,06:53,187,11,0,1753,Umana Reyer Venezia,1,9363,30,Glynn,Watson,2 punti segnato,8,Da penetrazione,,,94,44,1,A,3,True,0,
25603,135,1,06:39,201,11,0,1765,Acqua S.Bernardo Cantù,0,1205,,Semaj,Christon,2 punti sbagliato,2,Tiro in corsa,,,11,49,0,A,6,False,0,
25603,136,1,06:39,201,11,0,1753,Umana Reyer Venezia,1,5481,100,Amedeo,Tessitori,Rimbalzo difensivo,,,,,11,49,0,A,6,False,0,135
25603,137,1,06:33,207,13,0,1753,Umana Reyer Venezia,1,5481,100,Amedeo,Tessitori,2 punti segnato,9,Schiacciata,500,contropiede,95,51,1,A,3,True,1,
25603,138,1,06:33,207,13,0,1753,Umana Reyer Venezia,1,9363,30,Glynn,Watson,Assist,,,,,95,51,1,A,3,False,0,137
25603,139,1,06:17,223,13,0,1765,Acqua S.Bernardo Cantù,0,9012,1,Savion,Flagg,Palla persa,50,Passaggio sbagliato,,,6,41,0,A,3,False,0,
25603,140,1,06:17,223,13,0,1753,Umana Reyer Venezia,1,5481,100,Amedeo,Tessitori,Palla recuperata,,,,,6,41,0,A,3,False,0,139
25603,141,1,06:11,229,13,0,1753,Umana Reyer Venezia,1,9363,30,Glynn,Watson,Palla persa,50,Passaggio sbagliato,,,51,16,1,A,10,False,0,
25603,142,1,06:11,229,13,0,1765,Acqua S.Bernardo Cantù,0,1205,,Semaj,Christon,Palla recuperata,,,,,51,16,1,A,10,False,0,141
25603,143,1,06:06,234,13,2,1765,Acqua S.Bernardo Cantù,0,9343,22,Chad,Brown,2 punti segnato,1,Tiro in sospensione,500,contropiede,14,58,0,A,6,True,0,
25603,144,1,06:06,234,13,2,1765,Acqua S.Bernardo Cantù,0,9342,3,Hassani,Gravett,Assist,,,500,contropiede,14,58,0,A,6,False,0,143
25603,145,1,05:41,259,15,2,1753,Umana Reyer Venezia,1,5481,100,Amedeo,Tessitori,2 punti segnato,7,Appoggio a canestro,,,94,46,1,A,3,True,0,
25603,146,1,05:41,259,15,2,1753,Umana Reyer Venezia,1,7079,33,Kyle,Wiltjer,Assist,,,,,94,46,1,A,3,False,0,145
25603,147,1,05:29,271,15,2,1765,Acqua S.Bernardo Cantù,0,9343,22,Chad,Brown,Fallo commesso,106,offensivo,,,33,53,0,A,9,False,0,
25603,148,1,05:29,271,15,2,1765,Acqua S.Bernardo Cantù,0,9343,22,Chad,Brown,Palla persa,,,,,33,53,0,A,9,False,0,147
25603,149,1,05:29,271,15,2,1753,Umana Reyer Venezia,1,9363,30,Glynn,Watson,Fallo Subito,,,,,33,53,0,A,9,False,0,147
25603,150,1,05:29,271,15,2,1765,Acqua S.Bernardo Cantù,0,9342,3,Hassani,Gravett,Uscita,,,,,,,,,,False,0,
25603,151,1,05:29,271,15,2,1765,Acqua S.Bernardo Cantù,0,9343,22,Chad,Brown,Uscita,,,,,,,,,,False,0,150
25603,152,1,05:29,271,15,2,1765,Acqua S.Bernardo Cantù,0,2494,24,Andrejs,Grazulis,Ingresso,,,,,,,,,,False,0,150
25603,153,1,05:29,271,15,2,1765,Acqua S.Bernardo Cantù,0,3855,25,Davide,Moretti,Ingresso,,,,,,,,,,False,0,150
25603,154,1,05:29,271,15,2,1753,Umana Reyer Venezia,1,6499,1,Octavio,Maretto,Ingresso,,,,,,,,,,False,0,
25603,155,1,05:29,271,15,2,1753,Umana Reyer Venezia,1,4214,22,Jordan,Parks,Uscita,,,,,,,,,,False,0,154
25603,156,1,05:16,284,17,2,1753,Umana Reyer Venezia,1,6499,1,Octavio,Maretto,2 punti segnato,7,Appoggio a canestro,,,92,41,1,A,3,True,0,
25603,157,1,05:16,284,17,2,1753,Umana Reyer Venezia,1,5481,100,Amedeo,Tessitori,Assist,,,,,92,41,1,A,3,False,0,156
25603,158,1,05:01,299,17,2,1765,Acqua S.Bernardo Cantù,0,3855,25,Davide,Moretti,Palla persa,54,Fuori dal campo,,,87,8,0,D,4,False,0,
25603,159,1,05:01,299,17,2,1753,Umana Reyer Venezia,1,6648,8,Ky,Bowman,Ingresso,,,,,,,,,,False,0,
25603,160,1,05:01,299,17,2,1753,Umana Reyer Venezia,1,9363,30,Glynn,Watson,Uscita,,,,,,,,,,False,0,159
25603,161,1,04:53,307,17,2,1753,Umana Reyer Venezia,1,7079,33,Kyle,Wiltjer,Palla persa,53,Passi,,,90,51,1,A,6,False,0,
25603,162,1,04:39,321,17,2,1765,Acqua S.Bernardo Cantù,0,2494,24,Andrejs,Grazulis,2 punti sbagliato,1,Tiro in sospensione,,,8,70,0,A,4,False,0,
25603,163,1,04:39,321,17,2,1765,Acqua S.Bernardo Cantù,0,,,,,Rimbalzi offensivi di squadra,,,,,8,70,0,A,4,False,0,162
25603,164,1,04:39,321,17,2,1753,Umana Reyer Venezia,1,7079,33,Kyle,Wiltjer,Fallo commesso,100,personale,,,8,52,1,D,3,False,0,
25603,165,1,04:39,321,17,2,1765,Acqua S.Bernardo Cantù,0,9365,15,Isaiah,Miles,Fallo Subito,,,,,8,52,1,D,3,False,0,164
25603,166,1,04:39,321,17,2,1753,Umana Reyer Venezia,1,7079,33,Kyle,Wiltjer,Uscita,,,,,,,,,,False,0,
25603,167,1,04:39,321,17,2,1753,Umana Reyer Venezia,1,6994,44,Sasha,Grant,Ingresso,,,,,,,,,,False,0,166
25603,168,1,04:29,331,17,5,1765,Acqua S.Bernardo Cantù,0,2494,24,Andrejs,Grazulis,3 punti segnato,1,Tiro in sospensione,,,29,78,0,A,10,False,0,
25603,169,1,04:29,331,17,5,1765,Acqua S.Bernardo Cantù,0,9012,1,Savion,Flagg,Assist,,,,,29,78,0,A,10,False,0,168
25603,170,1,04:16,344,17,5,1765,Acqua S.Bernardo Cantù,0,3880,9,Riccardo,Moraschini,Ingresso,,,,,,,,,,False,0,
25603,171,1,04:16,344,17,5,1765,Acqua S.Bernardo Cantù,0,3855,25,Davide,Moretti,Uscita,,,,,,,,,,False,0,170
25603,172,1,04:04,356,17,5,1753,Umana Reyer Venezia,1,5481,100,Amedeo,Tessitori,Palla persa,53,Passi,,,93,45,1,A,3,False,0,
25603,173,1,03:47,373,17,5,1753,Umana Reyer Venezia,1,6648,8,Ky,Bowman,Fallo commesso,100,personale,,,9,34,1,D,2,False,0,
25603,174,1,03:47,373,17,5,1765,Acqua S.Bernardo Cantù,0,9365,15,Isaiah,Miles,Fallo Subito,,,,,9,34,1,D,2,False,0,173
25603,175,1,03:47,373,17,5,1753,Umana Reyer Venezia,1,9360,13,Enoch,Boakye,Ingresso,,,,,,,,,,False,0,
25603,176,1,03:47,373,17,5,1753,Umana Reyer Venezia,1,5481,100,Amedeo,Tessitori,Uscita,,,,,,,,,,False,0,175
25603,177,1,03:40,380,17,5,1765,Acqua S.Bernardo Cantù,0,2494,24,Andrejs,Grazulis,2 punti sbagliato,1,Tiro in sospensione,,,22,51,0,A,7,False,0,
25603,178,1,03:40,380,17,5,1753,Umana Reyer Venezia,1,6499,1,Octavio,Maretto,Rimbalzo difensivo,,,,,22,51,0,A,7,False,0,177
25603,179,1,03:30,390,17,5,1753,Umana Reyer Venezia,1,6499,1,Octavio,Maretto,3 punti sbagliato,1,Tiro in sospensione,,,92,96,1,A,1,False,0,
25603,180,1,03:30,390,17,5,1765,Acqua S.Bernardo Cantù,0,3880,9,Riccardo,Moraschini,Rimbalzo difensivo,,,,,92,96,1,A,1,False,0,179
25603,181,1,03:20,400,17,5,1765,Acqua S.Bernardo Cantù,0,3880,9,Riccardo,Moraschini,2 punti sbagliato,1,Tiro in sospensione,,,22,50,0,A,7,False,0,
25603,182,1,03:20,400,17,5,1753,Umana Reyer Venezia,1,9360,13,Enoch,Boakye,Rimbalzo difensivo,,,,,22,50,0,A,7,False,0,181
25603,183,1,03:04,416,17,5,1753,Umana Reyer Venezia,1,6994,44,Sasha,Grant,2 punti sbagliato,2,Tiro in corsa,,,86,57,1,A,6,False,0,
25603,184,1,03:04,416,17,5,1753,Umana Reyer Venezia,1,6499,1,Octavio,Maretto,Rimbalzo offensivo,,,,,86,57,1,A,6,False,0,183
25603,185,1,02:59,421,17,5,1765,Acqua S.Bernardo Cantù,0,9365,15,Isaiah,Miles,Fallo commesso,100,personale,,,90,13,0,D,4,False,0,
25603,186,1,02:59,421,17,5,1753,Umana Reyer Venezia,1,6499,1,Octavio,Maretto,Fallo Subito,,,,,90,13,0,D,4,False,0,185
25603,187,1,02:59,421,17,5,1753,Umana Reyer Venezia,1,954,7,Leonardo,Candi,Uscita,,,,,,,,,,False,0,
25603,188,1,02:59,421,17,5,1753,Umana Reyer Venezia,1,9363,30,Glynn,Watson,Ingresso,,,,,,,,,,False,0,187
25603,189,1,02:59,421,17,5,1753,Umana Reyer Venezia,1,6499,1,Octavio,Maretto,Tiro libero sbagliato,,,,,,,,A,7,False,0,
25603,190,1,02:59,421,18,5,1753,Umana Reyer Venezia,1,6499,1,Octavio,Maretto,Tiro libero segnato,,,,,,,,A,7,False,0,189
25603,191,1,02:46,434,18,7,1765,Acqua S.Bernardo Cantù,0,1205,,Semaj,Christon,2 punti segnato,7,Appoggio a canestro,,,4,47,0,A,3,True,0,
25603,192,1,02:28,452,18,7,1765,Acqua S.Bernardo Cantù,0,1205,,Semaj,Christon,Fallo commesso,100,personale,,,77,91,0,D,8,False,0,
25603,193,1,02:28,452,18,7,1753,Umana Reyer Venezia,1,9363,30,Glynn,Watson,Fallo Subito,,,,,77,91,0,D,8,False,0,192
25603,194,1,02:28,452,18,7,1765,Acqua S.Bernardo Cantù,0,1205,,Semaj,Christon,Uscita,,,,,,,,,,False,0,
25603,195,1,02:28,452,18,7,1765,Acqua S.Bernardo Cantù,0,3855,25,Davide,Moretti,Ingresso,,,,,,,,,,False,0,194
25603,196,1,02:28,452,18,7,1753,Umana Reyer Venezia,1,9363,30,Glynn,Watson,Tiro libero sbagliato,,,,,,,,A,7,False,0,
25603,197,1,02:28,452,19,7,1753,Umana Reyer Venezia,1,9363,30,Glynn,Watson,Tiro libero segnato,,,,,,,,A,7,False,0,196
25603,198,1,02:16,464,19,7,1765,Acqua S.Bernardo Cantù,0,3855,25,Davide,Moretti,3 punti sbagliato,1,Tiro in sospensione,,,25,84,0,A,10,False,0,
25603,199,1,02:16,464,19,7,1765,Acqua S.Bernardo Cantù,0,9365,15,Isaiah,Miles,Rimbalzo offensivo,,,,,25,84,0,A,10,False,0,198
25603,200,1,02:06,474,19,9,1765,Acqua S.Bernardo Cantù,0,9012,1,Savion,Flagg,2 punti segnato,7,Appoggio a canestro,,,6,61,0,A,3,True,0,
25603,201,1,02:06,474,19,9,1765,Acqua S.Bernardo Cantù,0,9365,15,Isaiah,Miles,Uscita,,,,,,,,,,False,0,
25603,202,1,02:06,474,19,9,1765,Acqua S.Bernardo Cantù,0,5660,27,Liam,Udom,Ingresso,,,,,,,,,,False,0,201
25603,203,1,01:49,491,19,9,1753,Umana Reyer Venezia,1,6648,8,Ky,Bowman,3 punti sbagliato,1,Tiro in sospensione,,,95,97,1,A,1,False,0,
25603,204,1,01:49,491,19,9,1765,Acqua S.Bernardo Cantù,0,2494,24,Andrejs,Grazulis,Rimbalzo difensivo,,,,,95,97,1,A,1,False,0,203
25603,205,1,01:34,506,19,11,1765,Acqua S.Bernardo Cantù,0,9012,1,Savion,Flagg,2 punti segnato,3,Tiro in fadeaway,,,17,73,0,A,4,False,0,
25603,206,1,01:30,510,19,11,1753,Umana Reyer Venezia,1,,,,,Time Out,,,,,,,1,,,False,0,
25603,207,1,01:17,523,21,11,1753,Umana Reyer Venezia,1,9360,13,Enoch,Boakye,2 punti segnato,10,Alley-oop,,,95,50,1,A,3,True,0,
25603,208,1,01:17,523,21,11,1753,Umana Reyer Venezia,1,6648,8,Ky,Bowman,Assist,,,,,95,50,1,A,3,False,0,207
25603,209,1,00:58,542,21,14,1765,Acqua S.Bernardo Cantù,0,2494,24,Andrejs,Grazulis,3 punti segnato,1,Tiro in sospensione,,,17,94,0,A,10,False,0,
25603,210,1,00:58,542,21,14,1765,Acqua S.Bernardo Cantù,0,3880,9,Riccardo,Moraschini,Assist,,,,,17,94,0,A,10,False,0,209
25603,211,1,00:37,563,21,14,1753,Umana Reyer Venezia,1,6499,1,Octavio,Maretto,Palla persa,51,Palleggio,,,94,40,1,A,3,False,0,
25603,212,1,00:37,563,21,14,1765,Acqua S.Bernardo Cantù,0,9012,1,Savion,Flagg,Palla recuperata,,,,,94,40,1,A,3,False,0,211
25603,213,1,00:33,567,21,14,1765,Acqua S.Bernardo Cantù,0,9012,1,Savion,Flagg,Palla persa,51,Palleggio,,,83,87,0,D,2,False,0,
25603,214,1,00:33,567,21,14,1753,Umana Reyer Venezia,1,9363,30,Glynn,Watson,Palla recuperata,,,,,83,87,0,D,2,False,0,213
25603,215,1,00:27,573,21,14,1753,Umana Reyer Venezia,1,9363,30,Glynn,Watson,3 punti sbagliato,1,Tiro in sospensione,,,80,91,1,A,8,False,0,
25603,216,1,00:27,573,21,14,1765,Acqua S.Bernardo Cantù,0,3880,9,Riccardo,Moraschini,Rimbalzo difensivo,,,,,80,91,1,A,8,False,0,215
25603,217,1,00:12,588,21,17,1765,Acqua S.Bernardo Cantù,0,3880,9,Riccardo,Moraschini,3 punti segnato,6,Arresto e tiro,,,29,73,0,A,9,False,0,
25603,218,1,00:00,600,21,17,,,,,,,,Fine Tempo,,,,,,,,,,False,0,
25603,219,2,10:00,0,21,17,1753,Umana Reyer Venezia,1,6499,1,Octavio,Maretto,Uscita,,,,,,,,,,False,0,
25603,220,2,10:00,0,21,17,1753,Umana Reyer Venezia,1,4214,22,Jordan,Parks,Ingresso,,,,,,,,,,False,0,219
25603,221,2,10:00,0,21,17,1753,Umana Reyer Venezia,1,7079,33,Kyle,Wiltjer,Ingresso,,,,,,,,,,False,0,219
25603,222,2,10:00,0,21,17,1753,Umana Reyer Venezia,1,6994,44,Sasha,Grant,Uscita,,,,,,,,,,False,0,219
25603,223,2,10:00,0,21,17,,,,,,,,Inizio Tempo,,,,,,,,,,False,0,
25603,224,2,09:55,5,21,17,1753,Umana Reyer Venezia,1,6648,8,Ky,Bowman,Palla persa,50,Passaggio sbagliato,,,90,58,1,A,6,False,0,
25603,225,2,09:55,5,21,17,1765,Acqua S.Bernardo Cantù,0,3880,9,Riccardo,Moraschini,Palla recuperata,,,,,90,58,1,A,6,False,0,224
25603,226,2,09:36,24,21,17,1765,Acqua S.Bernardo Cantù,0,3855,25,Davide,Moretti,2 punti sbagliato,3,Tiro in fadeaway,,,8,71,0,A,4,False,0,
25603,227,2,09:36,24,21,17,1765,Acqua S.Bernardo Cantù,0,2494,24,Andrejs,Grazulis,Rimbalzo offensivo,,,,,8,71,0,A,4,False,0,226
25603,228,2,09:28,32,21,17,1765,Acqua S.Bernardo Cantù,0,3855,25,Davide,Moretti,3 punti sbagliato,1,Tiro in sospensione,,,24,91,0,A,10,False,0,
25603,229,2,09:28,32,21,17,1753,Umana Reyer Venezia,1,7079,33,Kyle,Wiltjer,Rimbalzo difensivo,,,,,24,91,0,A,10,False,0,228
25603,230,2,09:11,49,21,17,1753,Umana Reyer Venezia,1,7079,33,Kyle,Wiltjer,Palla persa,50,Passaggio sbagliato,,,93,29,1,A,4,False,0,
25603,231,2,09:11,49,21,17,1753,Umana Reyer Venezia,1,6648,8,Ky,Bowman,Uscita,,,,,,,,,,False,0,
25603,232,2,09:11,49,21,17,1753,Umana Reyer Venezia,1,2534,32,Erick,Green,Ingresso,,,,,,,,,,False,0,231
25603,233,2,09:11,49,21,17,1765,Acqua S.Bernardo Cantù,0,9012,1,Savion,Flagg,Uscita,,,,,,,,,,False,0,231
25603,234,2,09:11,49,21,17,1765,Acqua S.Bernardo Cantù,0,6619,8,Leonardo,Okeke,Ingresso,,,,,,,,,,False,0,231
25603,235,2,08:53,67,21,19,1765,Acqua S.Bernardo Cantù,0,3880,9,Riccardo,Moraschini,2 punti segnato,3,Tiro in fadeaway,,,7,86,0,A,4,False,0,
25603,236,2,08:27,93,21,19,1753,Umana Reyer Venezia,1,2534,32,Erick,Green,3 punti sbagliato,1,Tiro in sospensione,,,71,22,1,A,10,False,0,
25603,237,2,08:27,93,21,19,1753,Umana Reyer Venezia,1,9360,13,Enoch,Boakye,Rimbalzo offensivo,,,,,71,22,1,A,10,False,0,236
25603,238,2,08:21,99,21,19,1753,Umana Reyer Venezia,1,7079,33,Kyle,Wiltjer,3 punti sbagliato,1,Tiro in sospensione,,,76,91,1,A,8,False,0,
25603,239,2,08:21,99,21,19,1765,Acqua S.Bernardo Cantù,0,,,,,Rimbalzi difensivi di squadra,,,,,76,91,1,A,8,False,0,238
25603,240,2,08:03,117,21,19,1765,Acqua S.Bernardo Cantù,0,2494,24,Andrejs,Grazulis,2 punti sbagliato,2,Tiro in corsa,,,15,49,0,A,6,False,0,
25603,241,2,08:03,117,21,19,1753,Umana Reyer Venezia,1,9360,13,Enoch,Boakye,Rimbalzo difensivo,,,,,15,49,0,A,6,False,0,240
25603,242,2,07:55,125,21,19,1765,Acqua S.Bernardo Cantù,0,2494,24,Andrejs,Grazulis,Fallo commesso,100,personale,,,89,37,0,D,4,False,0,
25603,243,2,07:55,125,21,19,1753,Umana Reyer Venezia,1,7079,33,Kyle,Wiltjer,Fallo Subito,,,,,89,37,0,D,4,False,0,242
25603,244,2,07:42,138,23,19,1753,Umana Reyer Venezia,1,2534,32,Erick,Green,2 punti segnato,1,Tiro in sospensione,,,78,20,1,A,7,False,0,
25603,245,2,07:27,153,23,19,1765,Acqua S.Bernardo Cantù,0,5660,27,Liam,Udom,2 punti sbagliato,3,Tiro in fadeaway,,,15,62,0,A,6,False,0,
25603,246,2,07:27,153,23,19,1753,Umana Reyer Venezia,1,2534,32,Erick,Green,Rimbalzo difensivo,,,,,15,62,0,A,6,False,0,245
25603,247,2,07:19,161,23,19,1753,Umana Reyer Venezia,1,7079,33,Kyle,Wiltjer,3 punti sbagliato,1,Tiro in sospensione,,,93,3,1,A,5,False,0,
25603,248,2,07:19,161,23,19,1765,Acqua S.Bernardo Cantù,0,6619,8,Leonardo,Okeke,Rimbalzo difensivo,,,,,93,3,1,A,5,False,0,247
25603,249,2,07:09,171,23,19,1765,Acqua S.Bernardo Cantù,0,3880,9,Riccardo,Moraschini,Palla persa,51,Palleggio,,,21,64,0,A,7,False,0,
25603,250,2,07:09,171,23,19,1753,Umana Reyer Venezia,1,9363,30,Glynn,Watson,Palla recuperata,,,,,21,64,0,A,7,False,0,249
25603,251,2,07:04,176,25,19,1753,Umana Reyer Venezia,1,9363,30,Glynn,Watson,2 punti segnato,2,Tiro in corsa,500,contropiede,94,46,1,A,3,True,0,
25603,252,2,07:04,176,25,19,1765,Acqua S.Bernardo Cantù,0,6619,8,Leonardo,Okeke,Fallo commesso,103,tiro,,,95,45,0,D,3,False,0,
25603,253,2,07:04,176,25,19,1753,Umana Reyer Venezia,1,9363,30,Glynn,Watson,Fallo Subito,,,,,95,45,0,D,3,False,0,252
25603,254,2,07:04,176,25,19,1765,Acqua S.Bernardo Cantù,0,6619,8,Leonardo,Okeke,Uscita,,,,,,,,,,False,0,
25603,255,2,07:04,176,25,19,1765,Acqua S.Bernardo Cantù,0,9365,15,Isaiah,Miles,Ingresso,,,,,,,,,,False,0,254
25603,256,2,07:04,176,25,19,1765,Acqua S.Bernardo Cantù,0,9343,22,Chad,Brown,Ingresso,,,,,,,,,,False,0,254
25603,257,2,07:04,176,25,19,1765,Acqua S.Bernardo Cantù,0,2494,24,Andrejs,Grazulis,Uscita,,,,,,,,,,False,0,254
25603,258,2,07:04,176,26,19,1753,Umana Reyer Venezia,1,9363,30,Glynn,Watson,Tiro libero segnato,,,,,,,,A,7,False,0,
25603,259,2,06:59,181,26,19,1753,Umana Reyer Venezia,1,9363,30,Glynn,Watson,Fallo commesso,100,personale,,,33,59,1,D,9,False,0,
25603,260,2,06:59,181,26,19,1765,Acqua S.Bernardo Cantù,0,3855,25,Davide,Moretti,Fallo Subito,,,,,33,59,1,D,9,False,0,259
25603,261,2,06:58,182,26,21,1765,Acqua S.Bernardo Cantù,0,9343,22,Chad,Brown,2 punti segnato,10,Alley-oop,,,5,50,0,A,3,True,0,
25603,262,2,06:58,182,26,21,1765,Acqua S.Bernardo Cantù,0,3855,25,Davide,Moretti,Assist,,,,,5,50,0,A,3,False,0,261
25603,263,2,06:47,193,26,21,1765,Acqua S.Bernardo Cantù,0,9365,15,Isaiah,Miles,Fallo commesso,100,personale,,,69,54,0,D,9,False,0,
25603,264,2,06:47,193,26,21,1753,Umana Reyer Venezia,1,7079,33,Kyle,Wiltjer,Fallo Subito,,,,,69,54,0,D,9,False,0,263
25603,265,2,06:45,195,26,21,1753,Umana Reyer Venezia,1,9360,13,Enoch,Boakye,Uscita,,,,,,,,,,False,0,
25603,266,2,06:45,195,26,21,1753,Umana Reyer Venezia,1,5481,100,Amedeo,Tessitori,Ingresso,,,,,,,,,,False,0,265
25603,267,2,06:36,204,28,21,1753,Umana Reyer Venezia,1,7079,33,Kyle,Wiltjer,2 punti segnato,2,Tiro in corsa,,,90,49,1,A,6,True,0,
25603,268,2,06:25,215,28,21,1753,Umana Reyer Venezia,1,5481,100,Amedeo,Tessitori,Fallo commesso,103,tiro,,,7,56,1,D,3,False,0,
25603,269,2,06:25,215,28,21,1765,Acqua S.Bernardo Cantù,0,9343,22,Chad,Brown,Fallo Subito,,,,,7,56,1,D,3,False,0,268
25603,270,2,06:25,215,28,21,1765,Acqua S.Bernardo Cantù,0,9342,3,Hassani,Gravett,Ingresso,,,,,,,,,,False,0,
25603,271,2,06:25,215,28,21,1765,Acqua S.Bernardo Cantù,0,3880,9,Riccardo,Moraschini,Uscita,,,,,,,,,,False,0,270
25603,272,2,06:25,215,28,22,1765,Acqua S.Bernardo Cantù,0,9343,22,Chad,Brown,Tiro libero segnato,,,,,,,,A,7,False,0,
25603,273,2,06:25,215,28,22,1765,Acqua S.Bernardo Cantù,0,9343,22,Chad,Brown,Tiro libero sbagliato,,,,,,,,A,7,False,0,272
25603,274,2,06:25,215,28,22,1753,Umana Reyer Venezia,1,4214,22,Jordan,Parks,Rimbalzo difensivo,,,,,,,,,,False,0,272
25603,275,2,06:16,224,28,22,1765,Acqua S.Bernardo Cantù,0,9343,22,Chad,Brown,Fallo commesso,103,tiro,,,94,46,0,D,3,False,0,
25603,276,2,06:16,224,28,22,1753,Umana Reyer Venezia,1,5481,100,Amedeo,Tessitori,Fallo Subito,,,,,94,46,0,D,3,False,0,275
25603,277,2,06:16,224,29,22,1753,Umana Reyer Venezia,1,5481,100,Amedeo,Tessitori,Tiro libero segnato,,,,,,,,A,7,False,0,
25603,278,2,06:16,224,30,22,1753,Umana Reyer Venezia,1,5481,100,Amedeo,Tessitori,Tiro libero segnato,,,,,,,,A,7,False,0,277
25603,279,2,06:16,224,30,22,1753,Umana Reyer Venezia,1,9363,30,Glynn,Watson,Assist,,,,,,,,,,False,0,277
25603,280,2,05:56,244,30,22,1753,Umana Reyer Venezia,1,9363,30,Glynn,Watson,Fallo commesso,100,personale,,,27,77,1,D,10,False,0,
25603,281,2,05:56,244,30,22,1765,Acqua S.Bernardo Cantù,0,3855,25,Davide,Moretti,Fallo Subito,,,,,27,77,1,D,10,False,0,280
25603,282,2,05:56,244,30,22,1753,Umana Reyer Venezia,1,954,7,Leonardo,Candi,Ingresso,,,,,,,,,,False,0,
25603,283,2,05:56,244,30,22,1753,Umana Reyer Venezia,1,9363,30,Glynn,Watson,Uscita,,,,,,,,,,False,0,282
25603,284,2,05:43,257,30,22,1765,Acqua S.Bernardo Cantù,0,9342,3,Hassani,Gravett,3 punti sbagliato,1,Tiro in sospensione,,,20,7,0,A,8,False,0,
25603,285,2,05:43,257,30,22,1753,Umana Reyer Venezia,1,954,7,Leonardo,Candi,Rimbalzo difensivo,,,,,20,7,0,A,8,False,0,284
25603,286,2,05:27,273,30,22,1753,Umana Reyer Venezia,1,4214,22,Jordan,Parks,2 punti sbagliato,3,Tiro in fadeaway,,,85,63,1,A,2,False,0,
25603,287,2,05:27,273,30,22,1753,Umana Reyer Venezia,1,5481,100,Amedeo,Tessitori,Rimbalzo offensivo,,,,,85,63,1,A,2,False,0,286
25603,288,2,05:16,284,33,22,1753,Umana Reyer Venezia,1,2534,32,Erick,Green,3 punti segnato,1,Tiro in sospensione,,,75,14,1,A,10,False,0,
25603,289,2,05:16,284,33,22,1753,Umana Reyer Venezia,1,4214,22,Jordan,Parks,Assist,,,,,75,14,1,A,10,False,0,288
25603,290,2,04:54,306,33,22,1765,Acqua S.Bernardo Cantù,0,5660,27,Liam,Udom,2 punti sbagliato,7,Appoggio a canestro,,,6,44,0,A,3,False,0,
25603,291,2,04:54,306,33,22,1753,Umana Reyer Venezia,1,4214,22,Jordan,Parks,Rimbalzo difensivo,,,,,6,44,0,A,3,False,0,290
25603,292,2,04:46,314,36,22,1753,Umana Reyer Venezia,1,2534,32,Erick,Green,3 punti segnato,1,Tiro in sospensione,500,contropiede,81,93,1,A,8,False,0,
25603,293,2,04:46,314,36,22,1753,Umana Reyer Venezia,1,954,7,Leonardo,Candi,Assist,,,,,81,93,1,A,8,False,0,292
25603,294,2,04:42,318,36,22,1765,Acqua S.Bernardo Cantù,0,9012,1,Savion,Flagg,Ingresso,,,,,,,,,,False,0,
25603,295,2,04:42,318,36,22,1765,Acqua S.Bernardo Cantù,0,9365,15,Isaiah,Miles,Uscita,,,,,,,,,,False,0,294
25603,296,2,04:25,335,36,24,1765,Acqua S.Bernardo Cantù,0,9343,22,Chad,Brown,2 punti segnato,9,Schiacciata,,,5,50,0,A,3,True,1,
25603,297,2,04:25,335,36,24,1765,Acqua S.Bernardo Cantù,0,3855,25,Davide,Moretti,Assist,,,,,5,50,0,A,3,False,0,296
25603,298,2,03:56,364,36,24,1753,Umana Reyer Venezia,1,5481,100,Amedeo,Tessitori,Palla persa,50,Passaggio sbagliato,,,94,68,1,A,2,False,0,
25603,299,2,03:56,364,36,24,1753,Umana Reyer Venezia,1,6648,8,Ky,Bowman,Ingresso,,,,,,,,,,False,0,
25603,300,2,03:56,364,36,24,1753,Umana Reyer Venezia,1,4214,22,Jordan,Parks,Uscita,,,,,,,,,,False,0,299
25603,301,2,03:56,364,36,24,1765,Acqua S.Bernardo Cantù,0,1205,,Semaj,Christon,Ingresso,,,,,,,,,,False,0,299
25603,302,2,03:56,364,36,24,1765,Acqua S.Bernardo Cantù,0,3855,25,Davide,Moretti,Uscita,,,,,,,,,,False,0,299
25603,303,2,03:43,377,36,26,1765,Acqua S.Bernardo Cantù,0,9343,22,Chad,Brown,2 punti segnato,7,Appoggio a canestro,,,6,55,0,A,3,True,0,
25603,304,2,03:43,377,36,26,1765,Acqua S.Bernardo Cantù,0,9012,1,Savion,Flagg,Assist,,,,,6,55,0,A,3,False,0,303
25603,305,2,03:22,398,36,26,1753,Umana Reyer Venezia,1,7079,33,Kyle,Wiltjer,2 punti sbagliato,8,Da penetrazione,,,94,58,1,A,3,False,0,
25603,306,2,03:22,398,36,26,1765,Acqua S.Bernardo Cantù,0,9343,22,Chad,Brown,Rimbalzo difensivo,,,,,94,58,1,A,3,False,0,305
25603,307,2,03:10,410,36,26,1765,Acqua S.Bernardo Cantù,0,9342,3,Hassani,Gravett,3 punti sbagliato,1,Tiro in sospensione,,,21,90,0,A,10,False,0,
25603,308,2,03:10,410,36,26,1765,Acqua S.Bernardo Cantù,0,9343,22,Chad,Brown,Rimbalzo offensivo,,,,,21,90,0,A,10,False,0,307
25603,309,2,02:55,425,36,26,1765,Acqua S.Bernardo Cantù,0,1205,,Semaj,Christon,2 punti sbagliato,3,Tiro in fadeaway,,,7,33,0,A,2,False,0,
25603,310,2,02:55,425,36,26,1753,Umana Reyer Venezia,1,5481,100,Amedeo,Tessitori,Rimbalzo difensivo,,,,,7,33,0,A,2,False,0,309
25603,311,2,02:49,431,36,26,1753,Umana Reyer Venezia,1,6648,8,Ky,Bowman,Palla persa,50,Passaggio sbagliato,,,71,89,1,A,8,False,0,
25603,312,2,02:40,440,36,26,1753,Umana Reyer Venezia,1,2534,32,Erick,Green,Fallo commesso,100,personale,,,17,77,1,D,4,False,0,
25603,313,2,02:40,440,36,26,1765,Acqua S.Bernardo Cantù,0,9342,3,Hassani,Gravett,Fallo Subito,,,,,17,77,1,D,4,False,0,312
25603,314,2,02:40,440,36,26,1753,Umana Reyer Venezia,1,6499,1,Octavio,Maretto,Ingresso,,,,,,,,,,False,0,
25603,315,2,02:40,440,36,26,1753,Umana Reyer Venezia,1,2534,32,Erick,Green,Uscita,,,,,,,,,,False,0,314
25603,316,2,02:28,452,36,26,1765,Acqua S.Bernardo Cantù,0,9012,1,Savion,Flagg,3 punti sbagliato,1,Tiro in sospensione,,,8,4,0,A,1,False,0,
25603,317,2,02:28,452,36,26,1765,Acqua S.Bernardo Cantù,0,9012,1,Savion,Flagg,Rimbalzo offensivo,,,,,8,4,0,A,1,False,0,316
25603,318,2,02:25,455,36,26,1765,Acqua S.Bernardo Cantù,0,9012,1,Savion,Flagg,2 punti sbagliato,1,Tiro in sospensione,,,6,38,0,A,2,False,0,
25603,319,2,02:25,455,36,26,1765,Acqua S.Bernardo Cantù,0,9012,1,Savion,Flagg,Rimbalzo offensivo,,,,,6,38,0,A,2,False,0,318
25603,320,2,02:18,462,36,26,1765,Acqua S.Bernardo Cantù,0,9342,3,Hassani,Gravett,Palla persa,53,Passi,,,15,15,0,A,2,False,0,
25603,321,2,02:01,479,38,26,1753,Umana Reyer Venezia,1,7079,33,Kyle,Wiltjer,2 punti segnato,1,Tiro in sospensione,,,92,30,1,A,4,False,0,
25603,322,2,01:41,499,38,28,1765,Acqua S.Bernardo Cantù,0,9342,3,Hassani,Gravett,2 punti segnato,5,Tiro in Step Back,,,20,64,0,A,4,False,0,
25603,323,2,01:29,511,40,28,1753,Umana Reyer Venezia,1,6648,8,Ky,Bowman,2 punti segnato,8,Da penetrazione,,,94,45,1,A,3,True,0,
25603,324,2,01:16,524,40,28,1765,Acqua S.Bernardo Cantù,0,9342,3,Hassani,Gravett,Palla persa,50,Passaggio sbagliato,,,15,61,0,A,6,False,0,
25603,325,2,01:16,524,40,28,1753,Umana Reyer Venezia,1,954,7,Leonardo,Candi,Palla recuperata,,,,,15,61,0,A,6,False,0,324
25603,326,2,01:08,532,43,28,1753,Umana Reyer Venezia,1,954,7,Leonardo,Candi,3 punti segnato,1,Tiro in sospensione,,,75,86,1,A,8,False,0,
25603,327,2,00:46,554,43,31,1765,Acqua S.Bernardo Cantù,0,9342,3,Hassani,Gravett,3 punti segnato,1,Tiro in sospensione,,,32,34,0,A,9,False,0,
25603,328,2,00:46,554,43,31,1765,Acqua S.Bernardo Cantù,0,1205,,Semaj,Christon,Assist,,,,,32,34,0,A,9,False,0,327
25603,329,2,00:30,570,43,31,1753,Umana Reyer Venezia,1,,,,,Time Out,,,,,,,1,,,False,0,
25603,330,2,00:30,570,43,31,1765,Acqua S.Bernardo Cantù,0,9343,22,Chad,Brown,Uscita,,,,,,,,,,False,0,
25603,331,2,00:30,570,43,31,1765,Acqua S.Bernardo Cantù,0,2494,24,Andrejs,Grazulis,Ingresso,,,,,,,,,,False,0,330
25603,332,2,00:22,578,43,31,1753,Umana Reyer Venezia,1,7079,33,Kyle,Wiltjer,2 punti sbagliato,7,Appoggio a canestro,,,95,41,1,A,3,False,0,
25603,333,2,00:22,578,43,31,1753,Umana Reyer Venezia,1,6648,8,Ky,Bowman,Rimbalzo offensivo,,,,,95,41,1,A,3,False,0,332
25603,334,2,00:16,584,43,31,1753,Umana Reyer Venezia,1,6648,8,Ky,Bowman,2 punti sbagliato,7,Appoggio a canestro,,,93,57,1,A,3,False,0,
25603,335,2,00:16,584,43,31,1765,Acqua S.Bernardo Cantù,0,9342,3,Hassani,Gravett,Rimbalzo difensivo,,,,,93,57,1,A,3,False,0,334
25603,336,2,00:01,599,43,31,1765,Acqua S.Bernardo Cantù,0,9342,3,Hassani,Gravett,2 punti sbagliato,8,Da penetrazione,1007,nessun rimbalzo,7,56,0,A,3,False,0,
25603,337,2,00:00,600,43,31,,,,,,,,Fine Tempo,,,,,,,,,,False,0,
25603,338,3,10:00,0,43,31,1753,Umana Reyer Venezia,1,6648,8,Ky,Bowman,Uscita,,,,,,,,,,False,0,
25603,339,3,10:00,0,43,31,1753,Umana Reyer Venezia,1,6499,1,Octavio,Maretto,Uscita,,,,,,,,,,False,0,338
25603,340,3,10:00,0,43,31,1753,Umana Reyer Venezia,1,4214,22,Jordan,Parks,Ingresso,,,,,,,,,,False,0,338
25603,341,3,10:00,0,43,31,1753,Umana Reyer Venezia,1,9363,30,Glynn,Watson,Ingresso,,,,,,,,,,False,0,338
25603,342,3,10:00,0,43,31,1765,Acqua S.Bernardo Cantù,0,9343,22,Chad,Brown,Ingresso,,,,,,,,,,False,0,338
25603,343,3,10:00,0,43,31,1765,Acqua S.Bernardo Cantù,0,5660,27,Liam,Udom,Uscita,,,,,,,,,,False,0,338
25603,344,3,10:00,0,43,31,,,,,,,,Inizio Tempo,,,,,,,,,,False,0,
25603,345,3,09:47,13,43,33,1765,Acqua S.Bernardo Cantù,0,1205,,Semaj,Christon,2 punti segnato,6,Arresto e tiro,,,85,46,1,A,6,True,0,
25603,346,3,09:29,31,43,33,1765,Acqua S.Bernardo Cantù,0,2494,24,Andrejs,Grazulis,Fallo commesso,100,personale,,,23,14,1,D,8,False,0,
25603,347,3,09:29,31,43,33,1753,Umana Reyer Venezia,1,954,7,Leonardo,Candi,Fallo Subito,,,,,23,14,1,D,8,False,0,346
25603,348,3,09:19,41,43,33,1753,Umana Reyer Venezia,1,954,7,Leonardo,Candi,3 punti sbagliato,1,Tiro in sospensione,,,9,2,0,A,1,False,0,
25603,349,3,09:19,41,43,33,1765,Acqua S.Bernardo Cantù,0,2494,24,Andrejs,Grazulis,Rimbalzo difensivo,,,,,9,2,0,A,1,False,0,348
25603,350,3,09:02,58,43,33,1765,Acqua S.Bernardo Cantù,0,1205,,Semaj,Christon,2 punti sbagliato,6,Arresto e tiro,,,85,55,1,A,6,False,0,
25603,351,3,09:02,58,43,33,1753,Umana Reyer Venezia,1,4214,22,Jordan,Parks,Rimbalzo difensivo,,,,,85,55,1,A,6,False,0,350
25603,352,3,08:40,80,43,33,1753,Umana Reyer Venezia,1,9363,30,Glynn,Watson,2 punti sbagliato,2,Tiro in corsa,,,14,68,0,A,4,False,0,
25603,353,3,08:40,80,43,33,1753,Umana Reyer Venezia,1,7079,33,Kyle,Wiltjer,Rimbalzo offensivo,,,,,14,68,0,A,4,False,0,352
25603,354,3,08:36,84,43,33,1753,Umana Reyer Venezia,1,7079,33,Kyle,Wiltjer,2 punti sbagliato,7,Appoggio a canestro,,,5,46,0,A,3,False,0,
25603,355,3,08:36,84,43,33,1765,Acqua S.Bernardo Cantù,0,1205,,Semaj,Christon,Rimbalzo difensivo,,,,,5,46,0,A,3,False,0,354
25603,356,3,08:29,91,43,33,1765,Acqua S.Bernardo Cantù,0,2494,24,Andrejs,Grazulis,2 punti sbagliato,2,Tiro in corsa,1005,stoppata,93,55,1,A,3,False,0,
25603,357,3,08:29,91,43,33,1753,Umana Reyer Venezia,1,5481,100,Amedeo,Tessitori,Stoppata,,,,,93,55,1,A,3,False,0,356
25603,358,3,08:29,91,43,33,1765,Acqua S.Bernardo Cantù,0,2494,24,Andrejs,Grazulis,Stoppata subita,,,,,93,55,1,A,3,False,0,356
25603,359,3,08:29,91,43,33,1753,Umana Reyer Venezia,1,9363,30,Glynn,Watson,Rimbalzo difensivo,,,,,93,55,1,A,3,False,0,356
25603,360,3,08:21,99,46,33,1753,Umana Reyer Venezia,1,954,7,Leonardo,Candi,3 punti segnato,1,Tiro in sospensione,500,contropiede,18,6,0,A,8,False,0,
25603,361,3,08:21,99,46,33,1753,Umana Reyer Venezia,1,9363,30,Glynn,Watson,Assist,,,500,contropiede,18,6,0,A,8,False,0,360
25603,362,3,08:07,113,46,33,1753,Umana Reyer Venezia,1,5481,100,Amedeo,Tessitori,Fallo commesso,103,tiro,,,93,45,0,D,3,False,0,
25603,363,3,08:07,113,46,33,1765,Acqua S.Bernardo Cantù,0,9343,22,Chad,Brown,Fallo Subito,,,,,93,45,0,D,3,False,0,362
25603,364,3,08:07,113,46,34,1765,Acqua S.Bernardo Cantù,0,9343,22,Chad,Brown,Tiro libero segnato,,,,,,,,A,7,False,0,
25603,365,3,08:07,113,46,35,1765,Acqua S.Bernardo Cantù,0,9343,22,Chad,Brown,Tiro libero segnato,,,,,,,,A,7,False,0,364
25603,366,3,08:07,113,46,35,1765,Acqua S.Bernardo Cantù,0,9012,1,Savion,Flagg,Assist,,,,,,,,,,False,0,364
25603,367,3,07:52,128,48,35,1753,Umana Reyer Venezia,1,5481,100,Amedeo,Tessitori,2 punti segnato,7,Appoggio a canestro,,,5,55,0,A,3,True,0,
25603,368,3,07:52,128,48,35,1753,Umana Reyer Venezia,1,7079,33,Kyle,Wiltjer,Assist,,,,,5,55,0,A,3,False,0,367
25603,369,3,07:34,146,48,35,1765,Acqua S.Bernardo Cantù,0,9343,22,Chad,Brown,2 punti sbagliato,7,Appoggio a canestro,,,94,55,1,A,3,False,0,
25603,370,3,07:34,146,48,35,1753,Umana Reyer Venezia,1,5481,100,Amedeo,Tessitori,Rimbalzo difensivo,,,,,94,55,1,A,3,False,0,369
25603,371,3,07:27,153,51,35,1753,Umana Reyer Venezia,1,7079,33,Kyle,Wiltjer,3 punti segnato,1,Tiro in sospensione,,,17,96,0,A,10,False,0,
25603,372,3,07:27,153,51,35,1753,Umana Reyer Venezia,1,4214,22,Jordan,Parks,Assist,,,,,17,96,0,A,10,False,0,371
25603,373,3,07:07,173,51,37,1765,Acqua S.Bernardo Cantù,0,2494,24,Andrejs,Grazulis,2 punti segnato,4,Giro e Tiro,,,88,42,1,A,6,True,0,
25603,374,3,06:52,188,51,37,1753,Umana Reyer Venezia,1,7079,33,Kyle,Wiltjer,Fallo commesso,106,offensivo,,,20,76,0,A,4,False,0,
25603,375,3,06:52,188,51,37,1753,Umana Reyer Venezia,1,7079,33,Kyle,Wiltjer,Palla persa,,,,,20,76,0,A,4,False,0,374
25603,376,3,06:52,188,51,37,1765,Acqua S.Bernardo Cantù,0,1205,,Semaj,Christon,Fallo Subito,,,,,20,76,0,A,4,False,0,374
25603,377,3,06:39,201,51,40,1765,Acqua S.Bernardo Cantù,0,9012,1,Savion,Flagg,3 punti segnato,1,Tiro in sospensione,,,82,93,1,A,8,False,0,
25603,378,3,06:39,201,51,40,1765,Acqua S.Bernardo Cantù,0,2494,24,Andrejs,Grazulis,Assist,,,,,82,93,1,A,8,False,0,377
25603,379,3,06:18,222,53,40,1753,Umana Reyer Venezia,1,7079,33,Kyle,Wiltjer,2 punti segnato,7,Appoggio a canestro,,,9,54,0,A,3,True,0,
25603,380,3,06:18,222,53,40,1753,Umana Reyer Venezia,1,5481,100,Amedeo,Tessitori,Assist,,,,,9,54,0,A,3,False,0,379
25603,381,3,06:18,222,53,40,1765,Acqua S.Bernardo Cantù,0,9342,3,Hassani,Gravett,Fallo commesso,103,tiro,,,7,53,1,D,3,False,0,
25603,382,3,06:18,222,53,40,1753,Umana Reyer Venezia,1,7079,33,Kyle,Wiltjer,Fallo Subito,,,,,7,53,1,D,3,False,0,381
25603,383,3,06:18,222,54,40,1753,Umana Reyer Venezia,1,7079,33,Kyle,Wiltjer,Tiro libero segnato,,,,,,,,A,7,False,0,
25603,384,3,06:02,238,54,42,1765,Acqua S.Bernardo Cantù,0,1205,,Semaj,Christon,2 punti segnato,3,Tiro in fadeaway,,,80,60,1,A,6,True,0,
25603,385,3,05:56,244,54,42,1765,Acqua S.Bernardo Cantù,0,9342,3,Hassani,Gravett,Fallo commesso,100,personale,,,31,51,1,D,9,False,0,
25603,386,3,05:56,244,54,42,1753,Umana Reyer Venezia,1,5481,100,Amedeo,Tessitori,Fallo Subito,,,,,31,51,1,D,9,False,0,385
25603,387,3,05:56,244,54,42,1753,Umana Reyer Venezia,1,6648,8,Ky,Bowman,Ingresso,,,,,,,,,,False,0,
25603,388,3,05:56,244,54,42,1753,Umana Reyer Venezia,1,954,7,Leonardo,Candi,Uscita,,,,,,,,,,False,0,387
25603,389,3,05:47,253,54,42,1753,Umana Reyer Venezia,1,9363,30,Glynn,Watson,3 punti sbagliato,1,Tiro in sospensione,,,28,21,0,A,8,False,0,
25603,390,3,05:47,253,54,42,1765,Acqua S.Bernardo Cantù,0,,,,,Rimbalzi difensivi di squadra,,,,,28,21,0,A,8,False,0,389
25603,391,3,05:33,267,54,42,1765,Acqua S.Bernardo Cantù,0,9343,22,Chad,Brown,2 punti sbagliato,2,Tiro in corsa,,,85,55,1,A,6,False,0,
25603,392,3,05:33,267,54,42,1753,Umana Reyer Venezia,1,6648,8,Ky,Bowman,Rimbalzo difensivo,,,,,85,55,1,A,6,False,0,391
25603,393,3,05:22,278,56,42,1753,Umana Reyer Venezia,1,4214,22,Jordan,Parks,2 punti segnato,2,Tiro in corsa,,,5,47,0,A,3,True,0,
25603,394,3,05:22,278,56,42,1753,Umana Reyer Venezia,1,5481,100,Amedeo,Tessitori,Assist,,,,,5,47,0,A,3,False,0,393
25603,395,3,05:22,278,56,42,1765,Acqua S.Bernardo Cantù,0,9012,1,Savion,Flagg,Fallo commesso,103,tiro,,,7,50,1,D,3,False,0,
25603,396,3,05:22,278,56,42,1753,Umana Reyer Venezia,1,4214,22,Jordan,Parks,Fallo Subito,,,,,7,50,1,D,3,False,0,395
25603,397,3,05:22,278,56,42,1765,Acqua S.Bernardo Cantù,0,9012,1,Savion,Flagg,Uscita,,,,,,,,,,False,0,
25603,398,3,05:22,278,56,42,1765,Acqua S.Bernardo Cantù,0,9365,15,Isaiah,Miles,Ingresso,,,,,,,,,,False,0,397
25603,399,3,05:22,278,56,42,1765,Acqua S.Bernardo Cantù,0,9343,22,Chad,Brown,Uscita,,,,,,,,,,False,0,397
25603,400,3,05:22,278,56,42,1765,Acqua S.Bernardo Cantù,0,5660,27,Liam,Udom,Ingresso,,,,,,,,,,False,0,397
25603,401,3,05:22,278,57,42,1753,Umana Reyer Venezia,1,4214,22,Jordan,Parks,Tiro libero segnato,,,,,,,,A,7,False,0,
25603,402,3,05:10,290,57,42,1753,Umana Reyer Venezia,1,9363,30,Glynn,Watson,Fallo commesso,103,tiro,,,78,11,0,D,10,False,0,
25603,403,3,05:10,290,57,42,1765,Acqua S.Bernardo Cantù,0,9342,3,Hassani,Gravett,Fallo Subito,,,,,78,11,0,D,10,False,0,402
25603,404,3,05:10,290,57,42,1753,Umana Reyer Venezia,1,954,7,Leonardo,Candi,Ingresso,,,,,,,,,,False,0,
25603,405,3,05:10,290,57,42,1753,Umana Reyer Venezia,1,9363,30,Glynn,Watson,Uscita,,,,,,,,,,False,0,404
25603,406,3,05:10,290,57,43,1765,Acqua S.Bernardo Cantù,0,9342,3,Hassani,Gravett,Tiro libero segnato,,,,,,,,A,7,False,0,
25603,407,3,05:10,290,57,44,1765,Acqua S.Bernardo Cantù,0,9342,3,Hassani,Gravett,Tiro libero segnato,,,,,,,,A,7,False,0,406
25603,408,3,05:10,290,57,45,1765,Acqua S.Bernardo Cantù,0,9342,3,Hassani,Gravett,Tiro libero segnato,,,,,,,,A,7,False,0,406
25603,409,3,05:10,290,57,45,1765,Acqua S.Bernardo Cantù,0,5660,27,Liam,Udom,Assist,,,,,,,,,,False,0,406
25603,410,3,04:51,309,57,45,1753,Umana Reyer Venezia,1,4214,22,Jordan,Parks,3 punti sbagliato,1,Tiro in sospensione,,,25,85,0,A,10,False,0,
25603,411,3,04:51,309,57,45,1765,Acqua S.Bernardo Cantù,0,9342,3,Hassani,Gravett,Rimbalzo difensivo,,,,,25,85,0,A,10,False,0,410
25603,412,3,04:42,318,57,45,1765,Acqua S.Bernardo Cantù,0,1205,,Semaj,Christon,3 punti sbagliato,1,Tiro in sospensione,,,77,12,1,A,10,False,0,
25603,413,3,04:42,318,57,45,1753,Umana Reyer Venezia,1,6648,8,Ky,Bowman,Rimbalzo difensivo,,,,,77,12,1,A,10,False,0,412
25603,414,3,04:18,342,57,45,1765,Acqua S.Bernardo Cantù,0,5660,27,Liam,Udom,Fallo commesso,100,personale,,,29,57,1,D,7,False,0,
25603,415,3,04:18,342,57,45,1753,Umana Reyer Venezia,1,4214,22,Jordan,Parks,Fallo Subito,,,,,29,57,1,D,7,False,0,414
25603,416,3,04:18,342,57,45,1753,Umana Reyer Venezia,1,7079,33,Kyle,Wiltjer,Uscita,,,,,,,,,,False,0,
25603,417,3,04:18,342,57,45,1753,Umana Reyer Venezia,1,6994,44,Sasha,Grant,Ingresso,,,,,,,,,,False,0,416
25603,418,3,04:18,342,57,45,1753,Umana Reyer Venezia,1,4214,22,Jordan,Parks,Tiro libero sbagliato,,,,,,,,A,7,False,0,
25603,419,3,04:18,342,57,45,1753,Umana Reyer Venezia,1,4214,22,Jordan,Parks,Tiro libero sbagliato,,,,,,,,A,7,False,0,418
25603,420,3,04:18,342,57,45,1765,Acqua S.Bernardo Cantù,0,5660,27,Liam,Udom,Rimbalzo difensivo,,,,,,,,,,False,0,418
25603,421,3,04:05,355,57,47,1765,Acqua S.Bernardo Cantù,0,9342,3,Hassani,Gravett,2 punti segnato,8,Da penetrazione,,,93,45,1,A,3,True,0,
25603,422,3,03:46,374,57,47,1753,Umana Reyer Venezia,1,6994,44,Sasha,Grant,2 punti sbagliato,6,Arresto e tiro,,,19,64,0,A,4,False,0,
25603,423,3,03:46,374,57,47,1765,Acqua S.Bernardo Cantù,0,5660,27,Liam,Udom,Rimbalzo difensivo,,,,,19,64,0,A,4,False,0,422
25603,424,3,03:33,387,57,49,1765,Acqua S.Bernardo Cantù,0,1205,,Semaj,Christon,2 punti segnato,8,Da penetrazione,,,95,55,1,A,3,True,0,
25603,425,3,03:33,387,57,49,1753,Umana Reyer Venezia,1,,,,,Time Out,,,,,,,0,,,False,0,
25603,426,3,03:33,387,57,49,1753,Umana Reyer Venezia,1,4214,22,Jordan,Parks,Uscita,,,,,,,,,,False,0,
25603,427,3,03:33,387,57,49,1753,Umana Reyer Venezia,1,2534,32,Erick,Green,Ingresso,,,,,,,,,,False,0,426
25603,428,3,03:20,400,57,49,1753,Umana Reyer Venezia,1,6648,8,Ky,Bowman,3 punti sbagliato,1,Tiro in sospensione,,,28,22,0,A,8,False,0,
25603,429,3,03:20,400,57,49,1765,Acqua S.Bernardo Cantù,0,9365,15,Isaiah,Miles,Rimbalzo difensivo,,,,,28,22,0,A,8,False,0,428
25603,430,3,03:11,409,57,49,1765,Acqua S.Bernardo Cantù,0,9365,15,Isaiah,Miles,3 punti sbagliato,1,Tiro in sospensione,,,75,13,1,A,10,False,0,
25603,431,3,03:11,409,57,49,1753,Umana Reyer Venezia,1,5481,100,Amedeo,Tessitori,Rimbalzo difensivo,,,,,75,13,1,A,10,False,0,430
25603,432,3,03:02,418,60,49,1753,Umana Reyer Venezia,1,954,7,Leonardo,Candi,3 punti segnato,1,Tiro in sospensione,500,contropiede,8,98,0,A,5,False,0,
25603,433,3,03:02,418,60,49,1753,Umana Reyer Venezia,1,2534,32,Erick,Green,Assist,,,500,contropiede,8,98,0,A,5,False,0,432
25603,434,3,02:43,437,60,49,1765,Acqua S.Bernardo Cantù,0,9365,15,Isaiah,Miles,Palla persa,50,Passaggio sbagliato,,,69,45,1,A,9,False,0,
25603,435,3,02:43,437,60,49,1753,Umana Reyer Venezia,1,954,7,Leonardo,Candi,Palla recuperata,,,,,69,45,1,A,9,False,0,434
25603,436,3,02:36,444,62,49,1753,Umana Reyer Venezia,1,6994,44,Sasha,Grant,2 punti segnato,7,Appoggio a canestro,,,5,48,0,A,3,True,0,
25603,437,3,02:36,444,62,49,1753,Umana Reyer Venezia,1,5481,100,Amedeo,Tessitori,Assist,,,,,5,48,0,A,3,False,0,436
25603,438,3,02:32,448,62,49,1765,Acqua S.Bernardo Cantù,0,,,,,Time Out,,,,,,,1,,,False,0,
25603,439,3,02:32,448,62,49,1753,Umana Reyer Venezia,1,9360,13,Enoch,Boakye,Ingresso,,,,,,,,,,False,0,
25603,440,3,02:32,448,62,49,1753,Umana Reyer Venezia,1,5481,100,Amedeo,Tessitori,Uscita,,,,,,,,,,False,0,439
25603,441,3,02:14,466,62,49,1753,Umana Reyer Venezia,1,2534,32,Erick,Green,Fallo commesso,100,personale,,,93,41,0,D,3,False,0,
25603,442,3,02:14,466,62,49,1765,Acqua S.Bernardo Cantù,0,9365,15,Isaiah,Miles,Fallo Subito,,,,,93,41,0,D,3,False,0,441
25603,443,3,02:14,466,62,49,1765,Acqua S.Bernardo Cantù,0,9342,3,Hassani,Gravett,Uscita,,,,,,,,,,False,0,
25603,444,3,02:14,466,62,49,1765,Acqua S.Bernardo Cantù,0,3880,9,Riccardo,Moraschini,Ingresso,,,,,,,,,,False,0,443
25603,445,3,02:01,479,62,49,1765,Acqua S.Bernardo Cantù,0,5660,27,Liam,Udom,Palla persa,50,Passaggio sbagliato,,,77,14,1,A,10,False,0,
25603,446,3,02:01,479,62,49,1753,Umana Reyer Venezia,1,6994,44,Sasha,Grant,Palla recuperata,,,,,77,14,1,A,10,False,0,445
25603,447,3,01:45,495,62,49,1753,Umana Reyer Venezia,1,954,7,Leonardo,Candi,Palla persa,50,Passaggio sbagliato,,,6,51,0,A,3,False,0,
25603,448,3,01:45,495,62,49,1765,Acqua S.Bernardo Cantù,0,1205,,Semaj,Christon,Palla recuperata,,,,,6,51,0,A,3,False,0,447
25603,449,3,01:28,512,62,49,1765,Acqua S.Bernardo Cantù,0,2494,24,Andrejs,Grazulis,3 punti sbagliato,1,Tiro in sospensione,,,87,97,1,A,8,False,0,
25603,450,3,01:28,512,62,49,1765,Acqua S.Bernardo Cantù,0,,,,,Rimbalzi offensivi di squadra,,,,,87,97,1,A,8,False,0,449
25603,451,3,01:26,514,62,49,1765,Acqua S.Bernardo Cantù,0,9365,15,Isaiah,Miles,2 punti sbagliato,3,Tiro in fadeaway,,,90,21,1,A,4,False,0,
25603,452,3,01:26,514,62,49,1753,Umana Reyer Venezia,1,6994,44,Sasha,Grant,Rimbalzo difensivo,,,,,90,21,1,A,4,False,0,451
25603,453,3,01:15,525,65,49,1753,Umana Reyer Venezia,1,954,7,Leonardo,Candi,3 punti segnato,1,Tiro in sospensione,,,24,88,0,A,10,False,0,
25603,454,3,00:49,551,65,52,1765,Acqua S.Bernardo Cantù,0,3880,9,Riccardo,Moraschini,3 punti segnato,1,Tiro in sospensione,,,73,83,1,A,8,False,0,
25603,455,3,00:49,551,65,52,1765,Acqua S.Bernardo Cantù,0,9365,15,Isaiah,Miles,Assist,,,,,73,83,1,A,8,False,0,454
25603,456,3,00:31,569,67,52,1753,Umana Reyer Venezia,1,954,7,Leonardo,Candi,2 punti segnato,7,Appoggio a canestro,,,7,50,0,A,3,True,0,
25603,457,3,00:31,569,67,52,1753,Umana Reyer Venezia,1,6994,44,Sasha,Grant,Assist,,,,,7,50,0,A,3,False,0,456
25603,458,3,00:07,593,67,52,1765,Acqua S.Bernardo Cantù,0,3880,9,Riccardo,Moraschini,2 punti sbagliato,6,Arresto e tiro,,,84,63,1,A,2,False,0,
25603,459,3,00:07,593,67,52,1753,Umana Reyer Venezia,1,6994,44,Sasha,Grant,Rimbalzo difensivo,,,,,84,63,1,A,2,False,0,458
25603,460,3,00:01,599,67,52,1753,Umana Reyer Venezia,1,954,7,Leonardo,Candi,3 punti sbagliato,1,Tiro in sospensione,1007,nessun rimbalzo,24,87,0,A,10,False,0,
25603,461,3,00:00,600,67,52,,,,,,,,Fine Tempo,,,,,,,,,,False,0,
25603,462,4,10:00,0,67,52,1765,Acqua S.Bernardo Cantù,0,1205,,Semaj,Christon,Uscita,,,,,,,,,,False,0,
25603,463,4,10:00,0,67,52,1765,Acqua S.Bernardo Cantù,0,3855,25,Davide,Moretti,Ingresso,,,,,,,,,,False,0,462
25603,464,4,10:00,0,67,52,,,,,,,,Inizio Tempo,,,,,,,,,,False,0,
25603,465,4,09:39,21,69,52,1753,Umana Reyer Venezia,1,2534,32,Erick,Green,2 punti segnato,5,Tiro in Step Back,,,7,21,0,A,2,False,0,
25603,466,4,09:15,45,69,52,1753,Umana Reyer Venezia,1,2534,32,Erick,Green,Fallo commesso,100,personale,,,86,20,0,D,4,False,0,
25603,467,4,09:15,45,69,52,1765,Acqua S.Bernardo Cantù,0,3855,25,Davide,Moretti,Fallo Subito,,,,,86,20,0,D,4,False,0,466
25603,468,4,09:15,45,69,52,1765,Acqua S.Bernardo Cantù,0,9012,1,Savion,Flagg,Ingresso,,,,,,,,,,False,0,
25603,469,4,09:15,45,69,52,1765,Acqua S.Bernardo Cantù,0,9365,15,Isaiah,Miles,Uscita,,,,,,,,,,False,0,468
25603,470,4,09:15,45,69,52,1765,Acqua S.Bernardo Cantù,0,9343,22,Chad,Brown,Ingresso,,,,,,,,,,False,0,468
25603,471,4,09:15,45,69,52,1765,Acqua S.Bernardo Cantù,0,2494,24,Andrejs,Grazulis,Uscita,,,,,,,,,,False,0,468
25603,472,4,09:12,48,69,52,1765,Acqua S.Bernardo Cantù,0,3880,9,Riccardo,Moraschini,3 punti sbagliato,1,Tiro in sospensione,,,75,91,1,A,8,False,0,
25603,473,4,09:12,48,69,52,1765,Acqua S.Bernardo Cantù,0,5660,27,Liam,Udom,Rimbalzo offensivo,,,,,75,91,1,A,8,False,0,472
25603,474,4,09:08,52,69,52,1765,Acqua S.Bernardo Cantù,0,5660,27,Liam,Udom,2 punti sbagliato,7,Appoggio a canestro,,,93,46,1,A,3,False,0,
25603,475,4,09:08,52,69,52,1753,Umana Reyer Venezia,1,9360,13,Enoch,Boakye,Rimbalzo difensivo,,,,,93,46,1,A,3,False,0,474
25603,476,4,09:01,59,71,52,1753,Umana Reyer Venezia,1,6648,8,Ky,Bowman,2 punti segnato,9,Schiacciata,500,contropiede,5,51,0,A,3,True,1,
25603,477,4,08:48,72,71,54,1765,Acqua S.Bernardo Cantù,0,9343,22,Chad,Brown,2 punti segnato,10,Alley-oop,,,95,50,1,A,3,True,0,
25603,478,4,08:48,72,71,54,1765,Acqua S.Bernardo Cantù,0,5660,27,Liam,Udom,Assist,,,,,95,50,1,A,3,False,0,477
25603,479,4,08:22,98,71,54,1753,Umana Reyer Venezia,1,2534,32,Erick,Green,3 punti sbagliato,1,Tiro in sospensione,,,18,94,0,A,10,False,0,
25603,480,4,08:22,98,71,54,1765,Acqua S.Bernardo Cantù,0,3880,9,Riccardo,Moraschini,Rimbalzo difensivo,,,,,18,94,0,A,10,False,0,479
25603,481,4,08:16,104,71,54,1765,Acqua S.Bernardo Cantù,0,9343,22,Chad,Brown,Fallo commesso,106,offensivo,,,89,58,1,A,6,False,0,
25603,482,4,08:16,104,71,54,1765,Acqua S.Bernardo Cantù,0,9343,22,Chad,Brown,Palla persa,,,,,89,58,1,A,6,False,0,481
25603,483,4,08:16,104,71,54,1753,Umana Reyer Venezia,1,6994,44,Sasha,Grant,Fallo Subito,,,,,89,58,1,A,6,False,0,481
25603,484,4,08:16,104,71,54,1753,Umana Reyer Venezia,1,4214,22,Jordan,Parks,Ingresso,,,,,,,,,,False,0,
25603,485,4,08:16,104,71,54,1753,Umana Reyer Venezia,1,2534,32,Erick,Green,Uscita,,,,,,,,,,False,0,484
25603,486,4,08:16,104,71,54,1765,Acqua S.Bernardo Cantù,0,9073,11,Simone,Ventura,Ingresso,,,,,,,,,,False,0,484
25603,487,4,08:16,104,71,54,1765,Acqua S.Bernardo Cantù,0,5660,27,Liam,Udom,Uscita,,,,,,,,,,False,0,484
25603,488,4,08:05,115,71,54,1753,Umana Reyer Venezia,1,9360,13,Enoch,Boakye,2 punti sbagliato,9,Schiacciata,,,6,55,0,A,3,False,0,
25603,489,4,08:05,115,71,54,1765,Acqua S.Bernardo Cantù,0,9343,22,Chad,Brown,Rimbalzo difensivo,,,,,6,55,0,A,3,False,0,488
25603,490,4,07:45,135,71,54,1765,Acqua S.Bernardo Cantù,0,9012,1,Savion,Flagg,3 punti sbagliato,1,Tiro in sospensione,,,81,95,1,A,8,False,0,
25603,491,4,07:45,135,71,54,1753,Umana Reyer Venezia,1,954,7,Leonardo,Candi,Rimbalzo difensivo,,,,,81,95,1,A,8,False,0,490
25603,492,4,07:36,144,71,54,1753,Umana Reyer Venezia,1,954,7,Leonardo,Candi,Palla persa,50,Passaggio sbagliato,,,27,21,0,A,8,False,0,
25603,493,4,07:36,144,71,54,1765,Acqua S.Bernardo Cantù,0,9012,1,Savion,Flagg,Palla recuperata,,,,,27,21,0,A,8,False,0,492
25603,494,4,07:29,151,71,57,1765,Acqua S.Bernardo Cantù,0,3855,25,Davide,Moretti,3 punti segnato,1,Tiro in sospensione,500,contropiede,74,85,1,A,8,False,0,
25603,495,4,07:29,151,71,57,1765,Acqua S.Bernardo Cantù,0,9012,1,Savion,Flagg,Assist,,,500,contropiede,74,85,1,A,8,False,0,494
25603,496,4,07:11,169,71,57,1753,Umana Reyer Venezia,1,6994,44,Sasha,Grant,3 punti sbagliato,1,Tiro in sospensione,,,17,5,0,A,8,False,0,
25603,497,4,07:11,169,71,57,1765,Acqua S.Bernardo Cantù,0,9343,22,Chad,Brown,Rimbalzo difensivo,,,,,17,5,0,A,8,False,0,496
25603,498,4,06:49,191,71,57,1765,Acqua S.Bernardo Cantù,0,9073,11,Simone,Ventura,2 punti sbagliato,4,Giro e Tiro,,,89,67,1,A,2,False,0,
25603,499,4,06:49,191,71,57,1753,Umana Reyer Venezia,1,6994,44,Sasha,Grant,Rimbalzo difensivo,,,,,89,67,1,A,2,False,0,498
25603,500,4,06:38,202,71,57,1765,Acqua S.Bernardo Cantù,0,9343,22,Chad,Brown,Fallo commesso,100,personale,,,6,33,1,D,2,False,0,
25603,501,4,06:38,202,71,57,1753,Umana Reyer Venezia,1,4214,22,Jordan,Parks,Fallo Subito,,,,,6,33,1,D,2,False,0,500
25603,502,4,06:38,202,71,57,1753,Umana Reyer Venezia,1,954,7,Leonardo,Candi,Uscita,,,,,,,,,,False,0,
25603,503,4,06:38,202,71,57,1753,Umana Reyer Venezia,1,9363,30,Glynn,Watson,Ingresso,,,,,,,,,,False,0,502
25603,504,4,06:38,202,71,57,1753,Umana Reyer Venezia,1,7079,33,Kyle,Wiltjer,Ingresso,,,,,,,,,,False,0,502
25603,505,4,06:38,202,71,57,1753,Umana Reyer Venezia,1,6994,44,Sasha,Grant,Uscita,,,,,,,,,,False,0,502
25603,506,4,06:38,202,71,57,1765,Acqua S.Bernardo Cantù,0,6619,8,Leonardo,Okeke,Ingresso,,,,,,,,,,False,0,502
25603,507,4,06:38,202,71,57,1765,Acqua S.Bernardo Cantù,0,9343,22,Chad,Brown,Uscita,,,,,,,,,,False,0,502
25603,508,4,06:27,213,71,57,1753,Umana Reyer Venezia,1,6648,8,Ky,Bowman,2 punti sbagliato,3,Tiro in fadeaway,,,21,48,0,A,7,False,0,
25603,509,4,06:27,213,71,57,1765,Acqua S.Bernardo Cantù,0,9073,11,Simone,Ventura,Rimbalzo difensivo,,,,,21,48,0,A,7,False,0,508
25603,510,4,06:19,221,71,57,1765,Acqua S.Bernardo Cantù,0,3855,25,Davide,Moretti,2 punti sbagliato,2,Tiro in corsa,,,86,52,1,A,6,False,0,
25603,511,4,06:19,221,71,57,1753,Umana Reyer Venezia,1,9360,13,Enoch,Boakye,Rimbalzo difensivo,,,,,86,52,1,A,6,False,0,510
25603,512,4,06:01,239,71,57,1753,Umana Reyer Venezia,1,9363,30,Glynn,Watson,3 punti sbagliato,1,Tiro in sospensione,,,28,23,0,A,8,False,0,
25603,513,4,06:01,239,71,57,1765,Acqua S.Bernardo Cantù,0,3855,25,Davide,Moretti,Rimbalzo difensivo,,,,,28,23,0,A,8,False,0,512
25603,514,4,05:51,249,71,60,1765,Acqua S.Bernardo Cantù,0,9073,11,Simone,Ventura,3 punti segnato,1,Tiro in sospensione,,,93,3,1,A,5,False,0,
25603,515,4,05:51,249,71,60,1765,Acqua S.Bernardo Cantù,0,3855,25,Davide,Moretti,Assist,,,,,93,3,1,A,5,False,0,514
25603,516,4,05:47,253,71,60,1753,Umana Reyer Venezia,1,,,,,Time Out,,,,,,,0,,,False,0,
25603,517,4,05:26,274,73,60,1753,Umana Reyer Venezia,1,9360,13,Enoch,Boakye,2 punti segnato,9,Schiacciata,,,5,50,0,A,3,True,1,
25603,518,4,05:07,293,73,62,1765,Acqua S.Bernardo Cantù,0,9073,11,Simone,Ventura,2 punti segnato,8,Da penetrazione,,,94,43,1,A,3,True,0,
25603,519,4,04:41,319,73,62,1753,Umana Reyer Venezia,1,9360,13,Enoch,Boakye,2 punti sbagliato,7,Appoggio a canestro,,,7,57,0,A,3,False,0,
25603,520,4,04:41,319,73,62,1753,Umana Reyer Venezia,1,6648,8,Ky,Bowman,Rimbalzo offensivo,,,,,7,57,0,A,3,False,0,519
25603,521,4,04:35,325,73,62,1753,Umana Reyer Venezia,1,7079,33,Kyle,Wiltjer,3 punti sbagliato,1,Tiro in sospensione,,,17,95,0,A,10,False,0,
25603,522,4,04:35,325,73,62,1765,Acqua S.Bernardo Cantù,0,3880,9,Riccardo,Moraschini,Rimbalzo difensivo,,,,,17,95,0,A,10,False,0,521
25603,523,4,04:12,348,73,62,1765,Acqua S.Bernardo Cantù,0,3880,9,Riccardo,Moraschini,2 punti sbagliato,8,Da penetrazione,,,93,43,1,A,3,False,0,
25603,524,4,04:12,348,73,62,1765,Acqua S.Bernardo Cantù,0,6619,8,Leonardo,Okeke,Rimbalzo offensivo,,,,,93,43,1,A,3,False,0,523
25603,525,4,04:05,355,73,62,1765,Acqua S.Bernardo Cantù,0,6619,8,Leonardo,Okeke,2 punti sbagliato,1,Tiro in sospensione,,,88,50,1,A,6,False,0,
25603,526,4,04:05,355,73,62,1753,Umana Reyer Venezia,1,9360,13,Enoch,Boakye,Rimbalzo difensivo,,,,,88,50,1,A,6,False,0,525
25603,527,4,03:57,363,75,62,1753,Umana Reyer Venezia,1,9363,30,Glynn,Watson,2 punti segnato,8,Da penetrazione,500,contropiede,7,51,0,A,3,True,0,
25603,528,4,03:35,385,75,62,1765,Acqua S.Bernardo Cantù,0,9012,1,Savion,Flagg,Palla persa,50,Passaggio sbagliato,,,88,39,1,A,6,False,0,
25603,529,4,03:35,385,75,62,1765,Acqua S.Bernardo Cantù,0,6619,8,Leonardo,Okeke,Uscita,,,,,,,,,,False,0,
25603,530,4,03:35,385,75,62,1765,Acqua S.Bernardo Cantù,0,2494,24,Andrejs,Grazulis,Ingresso,,,,,,,,,,False,0,529
25603,531,4,03:35,385,75,62,1765,Acqua S.Bernardo Cantù,0,,,,,Time Out,,,,,,,1,,,False,0,
25603,532,4,03:18,402,77,62,1753,Umana Reyer Venezia,1,7079,33,Kyle,Wiltjer,2 punti segnato,7,Appoggio a canestro,,,6,56,0,A,3,True,0,
25603,533,4,03:18,402,77,62,1753,Umana Reyer Venezia,1,9363,30,Glynn,Watson,Assist,,,,,6,56,0,A,3,False,0,532
25603,534,4,03:04,416,77,62,1765,Acqua S.Bernardo Cantù,0,9012,1,Savion,Flagg,2 punti sbagliato,1,Tiro in sospensione,,,89,70,1,A,2,False,0,
25603,535,4,03:04,416,77,62,1765,Acqua S.Bernardo Cantù,0,3855,25,Davide,Moretti,Rimbalzo offensivo,,,,,89,70,1,A,2,False,0,534
25603,536,4,02:59,421,77,65,1765,Acqua S.Bernardo Cantù,0,3855,25,Davide,Moretti,3 punti segnato,1,Tiro in sospensione,,,79,93,1,A,8,False,0,
25603,537,4,02:44,436,77,65,1753,Umana Reyer Venezia,1,7079,33,Kyle,Wiltjer,3 punti sbagliato,1,Tiro in sospensione,,,31,28,0,A,9,False,0,
25603,538,4,02:44,436,77,65,1753,Umana Reyer Venezia,1,9360,13,Enoch,Boakye,Rimbalzo offensivo,,,,,31,28,0,A,9,False,0,537
25603,539,4,02:35,445,77,65,1753,Umana Reyer Venezia,1,9360,13,Enoch,Boakye,2 punti sbagliato,1,Tiro in sospensione,,,21,63,0,A,7,False,0,
25603,540,4,02:35,445,77,65,1765,Acqua S.Bernardo Cantù,0,3880,9,Riccardo,Moraschini,Rimbalzo difensivo,,,,,21,63,0,A,7,False,0,539
25603,541,4,02:23,457,77,65,1765,Acqua S.Bernardo Cantù,0,9012,1,Savion,Flagg,2 punti sbagliato,3,Tiro in fadeaway,,,92,25,1,A,4,False,0,
25603,542,4,02:23,457,77,65,1753,Umana Reyer Venezia,1,4214,22,Jordan,Parks,Rimbalzo difensivo,,,,,92,25,1,A,4,False,0,541
25603,543,4,02:03,477,77,65,1753,Umana Reyer Venezia,1,7079,33,Kyle,Wiltjer,2 punti sbagliato,1,Tiro in sospensione,,,10,28,0,A,2,False,0,
25603,544,4,02:03,477,77,65,1753,Umana Reyer Venezia,1,9360,13,Enoch,Boakye,Rimbalzo offensivo,,,,,10,28,0,A,2,False,0,543
25603,545,4,01:57,483,77,65,1753,Umana Reyer Venezia,1,9360,13,Enoch,Boakye,2 punti sbagliato,1,Tiro in sospensione,,,7,42,0,A,3,False,0,
25603,546,4,01:57,483,77,65,1753,Umana Reyer Venezia,1,9360,13,Enoch,Boakye,Rimbalzo offensivo,,,,,7,42,0,A,3,False,0,545
25603,547,4,01:57,483,77,65,1765,Acqua S.Bernardo Cantù,0,2494,24,Andrejs,Grazulis,Fallo commesso,103,tiro,,,5,46,1,D,3,False,0,
25603,548,4,01:57,483,77,65,1753,Umana Reyer Venezia,1,9360,13,Enoch,Boakye,Fallo Subito,,,,,5,46,1,D,3,False,0,547
25603,549,4,01:57,483,77,65,1753,Umana Reyer Venezia,1,4214,22,Jordan,Parks,Uscita,,,,,,,,,,False,0,
25603,550,4,01:57,483,77,65,1753,Umana Reyer Venezia,1,2534,32,Erick,Green,Ingresso,,,,,,,,,,False,0,549
25603,551,4,01:57,483,77,65,1753,Umana Reyer Venezia,1,9360,13,Enoch,Boakye,Tiro libero sbagliato,,,,,,,,A,7,False,0,
25603,552,4,01:57,483,78,65,1753,Umana Reyer Venezia,1,9360,13,Enoch,Boakye,Tiro libero segnato,,,,,,,,A,7,False,0,551
25603,553,4,01:57,483,78,65,1765,Acqua S.Bernardo Cantù,0,9012,1,Savion,Flagg,Uscita,,,,,,,,,,False,0,
25603,554,4,01:57,483,78,65,1765,Acqua S.Bernardo Cantù,0,9365,15,Isaiah,Miles,Ingresso,,,,,,,,,,False,0,553
25603,556,4,01:41,499,78,65,1765,Acqua S.Bernardo Cantù,0,1205,,Semaj,Christon,Ingresso,,,,,,,,,,False,0,
25603,557,4,01:41,499,78,65,1765,Acqua S.Bernardo Cantù,0,3880,9,Riccardo,Moraschini,Uscita,,,,,,,,,,False,0,556
25603,558,4,01:41,499,78,65,1753,Umana Reyer Venezia,1,7079,33,Kyle,Wiltjer,Fallo commesso,103,tiro,,,93,56,0,D,3,False,0,
25603,559,4,01:41,499,78,65,1765,Acqua S.Bernardo Cantù,0,1205,,Semaj,Christon,Fallo Subito,,,,,93,56,0,D,3,False,0,558
25603,560,4,01:41,499,78,65,1765,Acqua S.Bernardo Cantù,0,1205,,Semaj,Christon,Tiro libero sbagliato,,,,,,,,A,7,False,0,
25603,561,4,01:41,499,78,66,1765,Acqua S.Bernardo Cantù,0,1205,,Semaj,Christon,Tiro libero segnato,,,,,,,,A,7,False,0,560
25603,562,4,01:41,499,78,66,1765,Acqua S.Bernardo Cantù,0,2494,24,Andrejs,Grazulis,Assist,,,,,,,,,,False,0,560
25603,563,4,01:20,520,80,66,1753,Umana Reyer Venezia,1,9360,13,Enoch,Boakye,2 punti segnato,10,Alley-oop,,,5,56,0,A,3,True,0,
25603,564,4,01:20,520,80,66,1753,Umana Reyer Venezia,1,9363,30,Glynn,Watson,Assist,,,,,5,56,0,A,3,False,0,563
25603,565,4,01:06,534,80,66,1753,Umana Reyer Venezia,1,6648,8,Ky,Bowman,Fallo commesso,103,tiro,,,89,45,0,D,6,False,0,
25603,566,4,01:06,534,80,66,1765,Acqua S.Bernardo Cantù,0,3855,25,Davide,Moretti,Fallo Subito,,,,,89,45,0,D,6,False,0,565
25603,567,4,01:06,534,80,66,1753,Umana Reyer Venezia,1,6648,8,Ky,Bowman,Uscita,,,,,,,,,,False,0,
25603,568,4,01:06,534,80,66,1753,Umana Reyer Venezia,1,6499,1,Octavio,Maretto,Ingresso,,,,,,,,,,False,0,567
25603,569,4,01:06,534,80,67,1765,Acqua S.Bernardo Cantù,0,3855,25,Davide,Moretti,Tiro libero segnato,,,,,,,,A,7,False,0,
25603,570,4,01:06,534,80,68,1765,Acqua S.Bernardo Cantù,0,3855,25,Davide,Moretti,Tiro libero segnato,,,,,,,,A,7,False,0,569
25603,571,4,01:01,539,82,68,1753,Umana Reyer Venezia,1,7079,33,Kyle,Wiltjer,2 punti segnato,8,Da penetrazione,,,8,52,0,A,3,True,0,
25603,572,4,00:36,564,82,68,1765,Acqua S.Bernardo Cantù,0,9365,15,Isaiah,Miles,3 punti sbagliato,1,Tiro in sospensione,,,71,78,1,A,8,False,0,
25603,573,4,00:36,564,82,68,1765,Acqua S.Bernardo Cantù,0,1205,,Semaj,Christon,Rimbalzo offensivo,,,,,71,78,1,A,8,False,0,572
25603,574,4,00:30,570,82,71,1765,Acqua S.Bernardo Cantù,0,3855,25,Davide,Moretti,3 punti segnato,1,Tiro in sospensione,,,74,16,1,A,10,False,0,
25603,575,4,00:30,570,82,71,1765,Acqua S.Bernardo Cantù,0,1205,,Semaj,Christon,Assist,,,,,74,16,1,A,10,False,0,574
25603,576,4,00:28,572,82,71,1753,Umana Reyer Venezia,1,7079,33,Kyle,Wiltjer,Uscita,,,,,,,,,,False,0,
25603,577,4,00:28,572,82,71,1753,Umana Reyer Venezia,1,6994,44,Sasha,Grant,Ingresso,,,,,,,,,,False,0,576
25603,578,4,00:15,585,85,71,1753,Umana Reyer Venezia,1,6994,44,Sasha,Grant,3 punti segnato,1,Tiro in sospensione,,,27,20,0,A,8,False,0,
25603,579,4,00:15,585,85,71,1753,Umana Reyer Venezia,1,9363,30,Glynn,Watson,Assist,,,,,27,20,0,A,8,False,0,578
25603,580,4,00:04,596,85,73,1765,Acqua S.Bernardo Cantù,0,1205,,Semaj,Christon,2 punti segnato,6,Arresto e tiro,,,93,36,1,A,4,True,0,
25603,581,4,00:00,600,85,73,,,,,,,,Fine Tempo,,,,,,,,,,False,0,
25604,103,1,10:00,0,0,0,,,,,,,,Inizio Tempo,,,,,,,,,,False,0,
25604,107,1,09:47,13,0,3,1772,Napoli Basketball,0,9026,23,Andrej,Jakimovski,3 punti segnato,1,Tiro in sospensione,,,24,19,0,A,9,False,0,
25604,108,1,09:47,13,0,3,1772,Napoli Basketball,0,9356,3,Jeff,Dowtin,Assist,,,,,24,19,0,A,7,False,0,107
25604,109,1,09:32,28,0,3,1762,Maxima Roma,1,9374,3,Aaron,Holiday,2 punti sbagliato,8,Da penetrazione,,,92,49,1,A,3,False,0,
25604,110,1,09:32,28,0,3,1772,Napoli Basketball,0,9356,3,Jeff,Dowtin,Rimbalzo difensivo,,,,,92,49,1,A,3,False,0,109
25604,111,1,09:14,46,0,6,1772,Napoli Basketball,0,9356,3,Jeff,Dowtin,3 punti segnato,1,Tiro in sospensione,,,31,73,0,A,9,False,0,
25604,112,1,09:14,46,0,6,1772,Napoli Basketball,0,9026,23,Andrej,Jakimovski,Assist,,,,,31,73,0,A,9,False,0,111
25604,113,1,09:05,55,2,6,1762,Maxima Roma,1,9377,32,Matt,Ryan,2 punti segnato,3,Tiro in fadeaway,,,93,21,1,A,4,False,0,
25604,114,1,09:05,55,2,6,1762,Maxima Roma,1,9374,3,Aaron,Holiday,Assist,,,,,93,21,1,A,4,False,0,113
25604,115,1,08:56,64,2,6,1772,Napoli Basketball,0,9355,1,Zac,Seljaas,Fallo commesso,106,offensivo,,,69,38,0,D,9,False,0,
25604,116,1,08:56,64,2,6,1772,Napoli Basketball,0,9355,1,Zac,Seljaas,Palla persa,,,,,69,38,0,D,9,False,0,115
25604,117,1,08:56,64,2,6,1762,Maxima Roma,1,5764,16,Giovanni,Veronesi,Fallo Subito,,,,,69,38,0,D,9,False,0,115
25604,118,1,08:41,79,2,6,1762,Maxima Roma,1,9377,32,Matt,Ryan,2 punti sbagliato,3,Tiro in fadeaway,,,92,51,1,A,3,False,0,
25604,119,1,08:41,79,2,6,1772,Napoli Basketball,0,9355,1,Zac,Seljaas,Rimbalzo difensivo,,,,,92,51,1,A,3,False,0,118
25604,120,1,08:22,98,2,6,1762,Maxima Roma,1,5764,16,Giovanni,Veronesi,Fallo commesso,103,tiro,,,3,47,1,D,3,False,0,
25604,121,1,08:22,98,2,6,1772,Napoli Basketball,0,5433,25,Kaleb,Tarczewski,Fallo Subito,,,,,3,47,1,D,3,False,0,120
25604,122,1,08:22,98,2,6,1772,Napoli Basketball,0,5433,25,Kaleb,Tarczewski,Uscita,,,,,,,,,,False,0,
25604,123,1,08:22,98,2,6,1772,Napoli Basketball,0,6186,30,Guglielmo,Caruso,Ingresso,,,,,,,,,,False,0,122
25604,124,1,08:22,98,2,7,1772,Napoli Basketball,0,6186,30,Guglielmo,Caruso,Tiro libero segnato,,,,,,,,A,7,False,0,
25604,125,1,08:22,98,2,7,1772,Napoli Basketball,0,6186,30,Guglielmo,Caruso,Tiro libero sbagliato,,,,,,,,A,7,False,0,124
25604,250,1,08:22,98,2,7,1762,Maxima Roma,1,,,,,Rimbalzi difensivi di squadra,,,,,,,0,,,False,0,124
25604,126,1,08:22,98,2,7,1772,Napoli Basketball,0,9026,23,Andrej,Jakimovski,Assist,,,,,,,,,,False,0,124
25604,128,1,08:13,107,2,7,1772,Napoli Basketball,0,9355,1,Zac,Seljaas,2 punti sbagliato,8,Da penetrazione,,,5,54,0,A,3,False,0,
25604,129,1,08:13,107,2,7,1762,Maxima Roma,1,536,2,Miro,Bilan,Rimbalzo difensivo,,,,,5,54,0,A,3,False,0,128
25604,130,1,08:09,111,2,7,1772,Napoli Basketball,0,6605,22,Markel,Brown,Fallo commesso,100,personale,,,92,74,0,D,2,False,0,
25604,131,1,08:09,111,2,7,1762,Maxima Roma,1,9377,32,Matt,Ryan,Fallo Subito,,,,,92,74,0,D,2,False,0,130
25604,132,1,08:09,111,2,7,1772,Napoli Basketball,0,6186,30,Guglielmo,Caruso,Fallo commesso,100,personale,,,97,55,0,D,3,False,0,
25604,133,1,08:09,111,2,7,1762,Maxima Roma,1,536,2,Miro,Bilan,Fallo Subito,,,,,97,55,0,D,3,False,0,132
25604,134,1,07:53,127,2,7,1762,Maxima Roma,1,5764,16,Giovanni,Veronesi,2 punti sbagliato,8,Da penetrazione,,,93,49,1,A,3,False,0,
25604,135,1,07:53,127,2,7,1772,Napoli Basketball,0,9026,23,Andrej,Jakimovski,Rimbalzo difensivo,,,,,93,49,1,A,3,False,0,134
25604,136,1,07:45,135,2,7,1772,Napoli Basketball,0,9356,3,Jeff,Dowtin,3 punti sbagliato,1,Tiro in sospensione,,,22,13,0,A,8,False,0,
25604,137,1,07:45,135,2,7,1762,Maxima Roma,1,536,2,Miro,Bilan,Rimbalzo difensivo,,,,,22,13,0,A,8,False,0,136
25604,138,1,07:38,142,2,7,1762,Maxima Roma,1,5764,16,Giovanni,Veronesi,3 punti sbagliato,1,Tiro in sospensione,,,77,82,1,A,9,False,0,
25604,139,1,07:38,142,2,7,1772,Napoli Basketball,0,9356,3,Jeff,Dowtin,Rimbalzo difensivo,,,,,77,82,1,A,7,False,0,138
25604,140,1,07:30,150,2,10,1772,Napoli Basketball,0,6605,22,Markel,Brown,3 punti segnato,1,Tiro in sospensione,,,26,82,0,A,10,False,0,
25604,141,1,07:30,150,2,10,1772,Napoli Basketball,0,9356,3,Jeff,Dowtin,Assist,,,,,26,82,0,A,10,False,0,140
25604,142,1,07:12,168,2,10,1762,Maxima Roma,1,9374,3,Aaron,Holiday,3 punti sbagliato,1,Tiro in sospensione,,,68,44,1,A,9,False,0,
25604,143,1,07:12,168,2,10,1772,Napoli Basketball,0,6186,30,Guglielmo,Caruso,Rimbalzo difensivo,,,,,68,44,1,A,9,False,0,142
25604,144,1,07:08,172,2,10,1762,Maxima Roma,1,9377,32,Matt,Ryan,Fallo commesso,100,personale,,,32,67,1,D,9,False,0,
25604,145,1,07:08,172,2,10,1772,Napoli Basketball,0,9356,3,Jeff,Dowtin,Fallo Subito,,,,,32,67,1,D,9,False,0,144
25604,146,1,06:48,192,2,12,1772,Napoli Basketball,0,6186,30,Guglielmo,Caruso,2 punti segnato,8,Da penetrazione,,,7,56,0,A,3,True,0,
25604,147,1,06:48,192,2,12,1772,Napoli Basketball,0,9356,3,Jeff,Dowtin,Assist,,,,,7,56,0,A,3,False,0,146
25604,148,1,06:48,192,2,12,1762,Maxima Roma,1,,,,,Time Out,,,,,,,1,,,False,0,
25604,149,1,06:29,211,2,12,1762,Maxima Roma,1,5764,16,Giovanni,Veronesi,3 punti sbagliato,1,Tiro in sospensione,,,75,17,1,A,10,False,0,
25604,150,1,06:29,211,2,12,1772,Napoli Basketball,0,6186,30,Guglielmo,Caruso,Rimbalzo difensivo,,,,,75,17,1,A,10,False,0,149
25604,151,1,06:15,225,2,12,1772,Napoli Basketball,0,9026,23,Andrej,Jakimovski,2 punti sbagliato,1,Tiro in sospensione,,,7,51,0,A,3,False,0,
25604,152,1,06:15,225,2,12,1762,Maxima Roma,1,5913,24,Carl,Wheatle,Rimbalzo difensivo,,,,,7,51,0,A,3,False,0,151
25604,153,1,06:09,231,2,12,1772,Napoli Basketball,0,9356,3,Jeff,Dowtin,Fallo commesso,100,personale,,,90,59,0,D,6,False,0,
25604,154,1,06:09,231,2,12,1762,Maxima Roma,1,5913,24,Carl,Wheatle,Fallo Subito,,,,,90,59,0,D,6,False,0,153
25604,155,1,06:02,238,2,12,1762,Maxima Roma,1,9377,32,Matt,Ryan,Palla persa,50,Passaggio sbagliato,,,80,70,1,A,2,False,0,
25604,156,1,06:02,238,2,12,1772,Napoli Basketball,0,6605,22,Markel,Brown,Palla recuperata,,,,,80,70,1,A,2,False,0,155
25604,157,1,06:02,238,2,12,1762,Maxima Roma,1,9377,32,Matt,Ryan,Fallo commesso,100,personale,,,66,75,1,A,8,False,0,
25604,158,1,06:02,238,2,12,1772,Napoli Basketball,0,6605,22,Markel,Brown,Fallo Subito,,,,,66,75,1,A,8,False,0,157
25604,159,1,06:00,240,2,12,1762,Maxima Roma,1,5913,24,Carl,Wheatle,Fallo commesso,100,personale,,,74,75,1,A,7,False,0,
25604,160,1,06:00,240,2,12,1772,Napoli Basketball,0,6186,30,Guglielmo,Caruso,Fallo Subito,,,,,74,75,1,A,7,False,0,159
25604,162,1,05:46,254,2,12,1762,Maxima Roma,1,9377,32,Matt,Ryan,Fallo commesso,103,tiro,,,8,54,1,D,3,False,0,
25604,163,1,05:46,254,2,12,1772,Napoli Basketball,0,9026,23,Andrej,Jakimovski,Fallo Subito,,,,,8,54,1,D,3,False,0,162
25604,164,1,05:46,254,2,12,1762,Maxima Roma,1,9377,32,Matt,Ryan,Uscita,,,,,,,,,,False,0,
25604,165,1,05:46,254,2,12,1762,Maxima Roma,1,774,100,John,Brown,Ingresso,,,,,,,,,,False,0,164
25604,166,1,05:46,254,2,12,1772,Napoli Basketball,0,9026,23,Andrej,Jakimovski,Tiro libero sbagliato,,,,,,,,A,7,False,0,
25604,167,1,05:46,254,2,13,1772,Napoli Basketball,0,9026,23,Andrej,Jakimovski,Tiro libero segnato,,,,,,,,A,7,False,0,166
25604,169,1,05:28,272,2,13,1762,Maxima Roma,1,76,5,Mirza,Alibegovic,Ingresso,,,,,,,,,,False,0,
25604,170,1,05:28,272,2,13,1762,Maxima Roma,1,3185,11,Brynton,Lemar,Ingresso,,,,,,,,,,False,0,169
25604,171,1,05:28,272,2,13,1762,Maxima Roma,1,5764,16,Giovanni,Veronesi,Uscita,,,,,,,,,,False,0,169
25604,172,1,05:28,272,2,13,1762,Maxima Roma,1,5913,24,Carl,Wheatle,Uscita,,,,,,,,,,False,0,169
25604,173,1,05:28,272,2,13,1772,Napoli Basketball,0,6142,11,John,Petrucelli,Ingresso,,,,,,,,,,False,0,
25604,174,1,05:28,272,2,13,1772,Napoli Basketball,0,9026,23,Andrej,Jakimovski,Uscita,,,,,,,,,,False,0,173
25604,175,1,05:24,276,2,13,1762,Maxima Roma,1,76,5,Mirza,Alibegovic,2 punti sbagliato,1,Tiro in sospensione,,,80,81,1,A,2,False,0,
25604,176,1,05:24,276,2,13,1762,Maxima Roma,1,9374,3,Aaron,Holiday,Rimbalzo offensivo,,,,,80,81,1,A,2,False,0,175
25604,177,1,05:14,286,5,13,1762,Maxima Roma,1,9374,3,Aaron,Holiday,3 punti segnato,1,Tiro in sospensione,,,71,78,1,A,8,False,0,
25604,178,1,04:55,305,5,13,1772,Napoli Basketball,0,6186,30,Guglielmo,Caruso,Palla persa,56,3 secondi,,,7,50,0,A,3,False,0,
25604,179,1,04:55,305,5,13,1772,Napoli Basketball,0,9355,1,Zac,Seljaas,Uscita,,,,,,,,,,False,0,
25604,180,1,04:55,305,5,13,1772,Napoli Basketball,0,9357,14,Jack,White,Ingresso,,,,,,,,,,False,0,179
25604,181,1,04:44,316,5,13,1762,Maxima Roma,1,9374,3,Aaron,Holiday,Palla persa,50,Passaggio sbagliato,,,79,77,1,A,7,False,0,
25604,182,1,04:44,316,5,13,1772,Napoli Basketball,0,6605,22,Markel,Brown,Palla recuperata,,,,,79,77,1,A,7,False,0,181
25604,183,1,04:34,326,5,15,1772,Napoli Basketball,0,9357,14,Jack,White,2 punti segnato,8,Da penetrazione,,,7,56,0,A,3,True,0,
25604,184,1,04:26,334,5,15,1772,Napoli Basketball,0,6186,30,Guglielmo,Caruso,Fallo commesso,100,personale,,,86,74,0,D,2,False,0,
25604,185,1,04:26,334,5,15,1762,Maxima Roma,1,536,2,Miro,Bilan,Fallo Subito,,,,,86,74,0,D,2,False,0,184
25604,186,1,04:26,334,6,15,1762,Maxima Roma,1,536,2,Miro,Bilan,Tiro libero segnato,,,,,,,,A,7,False,0,
25604,187,1,04:26,334,7,15,1762,Maxima Roma,1,536,2,Miro,Bilan,Tiro libero segnato,,,,,,,,A,7,False,0,186
25604,188,1,04:04,356,7,15,1772,Napoli Basketball,0,6142,11,John,Petrucelli,2 punti sbagliato,8,Da penetrazione,,,6,64,0,A,4,False,0,
25604,189,1,04:04,356,7,15,1762,Maxima Roma,1,9374,3,Aaron,Holiday,Rimbalzo difensivo,,,,,6,64,0,A,4,False,0,188
25604,190,1,03:56,364,7,15,1762,Maxima Roma,1,3185,11,Brynton,Lemar,2 punti sbagliato,1,Tiro in sospensione,1003,tip-in appoggio canestro made,86,44,1,A,6,False,0,
25604,191,1,03:56,364,7,15,1762,Maxima Roma,1,536,2,Miro,Bilan,Rimbalzo offensivo,,,,,86,44,1,A,6,False,0,190
25604,192,1,03:56,364,9,15,1762,Maxima Roma,1,536,2,Miro,Bilan,2 punti segnato,7,Appoggio a canestro,,,86,44,1,A,6,True,0,
25604,193,1,03:37,383,9,15,1772,Napoli Basketball,0,9356,3,Jeff,Dowtin,3 punti sbagliato,1,Tiro in sospensione,,,31,43,0,A,9,False,0,
25604,194,1,03:37,383,9,15,1762,Maxima Roma,1,536,2,Miro,Bilan,Rimbalzo difensivo,,,,,31,43,0,A,9,False,0,193
25604,195,1,03:25,395,9,15,1762,Maxima Roma,1,9374,3,Aaron,Holiday,3 punti sbagliato,1,Tiro in sospensione,,,73,22,1,A,10,False,0,
25604,196,1,03:25,395,9,15,1772,Napoli Basketball,0,6605,22,Markel,Brown,Rimbalzo difensivo,,,,,73,22,1,A,10,False,0,195
25604,197,1,03:04,416,9,17,1772,Napoli Basketball,0,9357,14,Jack,White,2 punti segnato,1,Tiro in sospensione,,,4,47,0,A,3,True,0,
25604,198,1,03:04,416,9,17,1772,Napoli Basketball,0,6142,11,John,Petrucelli,Assist,,,,,4,47,0,A,3,False,0,197
25604,199,1,02:47,433,12,17,1762,Maxima Roma,1,3185,11,Brynton,Lemar,3 punti segnato,1,Tiro in sospensione,,,96,5,1,A,5,False,0,
25604,200,1,02:47,433,12,17,1762,Maxima Roma,1,9374,3,Aaron,Holiday,Assist,,,,,96,5,1,A,5,False,0,199
25604,201,1,02:30,450,12,17,1772,Napoli Basketball,0,6142,11,John,Petrucelli,3 punti sbagliato,1,Tiro in sospensione,,,29,64,0,A,9,False,0,
25604,202,1,02:30,450,12,17,1762,Maxima Roma,1,76,5,Mirza,Alibegovic,Rimbalzo difensivo,,,,,29,64,0,A,7,False,0,201
25604,203,1,02:23,457,12,17,1762,Maxima Roma,1,9374,3,Aaron,Holiday,2 punti sbagliato,8,Da penetrazione,,,92,64,1,A,2,False,0,
25604,204,1,02:23,457,12,17,1772,Napoli Basketball,0,6186,30,Guglielmo,Caruso,Rimbalzo difensivo,,,,,92,64,1,A,2,False,0,203
25604,205,1,02:08,472,12,17,1772,Napoli Basketball,0,9356,3,Jeff,Dowtin,Palla persa,50,Passaggio sbagliato,,,25,33,0,A,7,False,0,
25604,206,1,02:08,472,12,17,1762,Maxima Roma,1,774,100,John,Brown,Palla recuperata,,,,,25,33,0,A,7,False,0,205
25604,207,1,02:04,476,14,17,1762,Maxima Roma,1,774,100,John,Brown,2 punti segnato,8,Da penetrazione,,,94,54,1,A,3,True,0,
25604,208,1,01:48,492,14,17,1762,Maxima Roma,1,76,5,Mirza,Alibegovic,Fallo commesso,100,personale,,,26,89,1,D,10,False,0,
25604,209,1,01:48,492,14,17,1772,Napoli Basketball,0,6142,11,John,Petrucelli,Fallo Subito,,,,,26,89,1,D,10,False,0,208
25604,210,1,01:48,492,14,17,1762,Maxima Roma,1,9374,3,Aaron,Holiday,Uscita,,,,,,,,,,False,0,
25604,211,1,01:48,492,14,17,1762,Maxima Roma,1,9376,23,Federico,Bonaccini,Ingresso,,,,,,,,,,False,0,210
25604,212,1,01:48,492,14,17,1772,Napoli Basketball,0,5299,0,Marco,Spissu,Ingresso,,,,,,,,,,False,0,210
25604,213,1,01:48,492,14,17,1772,Napoli Basketball,0,9355,1,Zac,Seljaas,Ingresso,,,,,,,,,,False,0,210
25604,214,1,01:48,492,14,17,1772,Napoli Basketball,0,9356,3,Jeff,Dowtin,Uscita,,,,,,,,,,False,0,210
25604,215,1,01:48,492,14,17,1772,Napoli Basketball,0,1965,10,Leonardo,Faggian,Ingresso,,,,,,,,,,False,0,210
25604,216,1,01:48,492,14,17,1772,Napoli Basketball,0,6605,22,Markel,Brown,Uscita,,,,,,,,,,False,0,210
25604,217,1,01:48,492,14,17,1772,Napoli Basketball,0,6186,30,Guglielmo,Caruso,Uscita,,,,,,,,,,False,0,210
25604,218,1,01:48,492,14,17,1772,Napoli Basketball,0,6142,11,John,Petrucelli,Tiro libero sbagliato,,,,,,,,A,7,False,0,
25604,219,1,01:48,492,14,17,1772,Napoli Basketball,0,6142,11,John,Petrucelli,Tiro libero sbagliato,,,,,,,,A,7,False,0,218
25604,220,1,01:48,492,14,17,1762,Maxima Roma,1,774,100,John,Brown,Rimbalzo difensivo,,,,,,,,,,False,0,218
25604,221,1,01:39,501,14,17,1772,Napoli Basketball,0,6142,11,John,Petrucelli,Fallo commesso,100,personale,,,78,25,0,D,7,False,0,
25604,222,1,01:39,501,14,17,1762,Maxima Roma,1,76,5,Mirza,Alibegovic,Fallo Subito,,,,,78,25,0,D,7,False,0,221
25604,223,1,01:39,501,15,17,1762,Maxima Roma,1,76,5,Mirza,Alibegovic,Tiro libero segnato,,,,,,,,A,7,False,0,
25604,224,1,01:39,501,16,17,1762,Maxima Roma,1,76,5,Mirza,Alibegovic,Tiro libero segnato,,,,,,,,A,7,False,0,223
25604,225,1,01:30,510,16,17,1762,Maxima Roma,1,9376,23,Federico,Bonaccini,Fallo commesso,100,personale,,,28,23,1,D,8,False,0,
25604,226,1,01:30,510,16,17,1772,Napoli Basketball,0,6142,11,John,Petrucelli,Fallo Subito,,,,,28,23,1,D,8,False,0,225
25604,227,1,01:30,510,16,18,1772,Napoli Basketball,0,6142,11,John,Petrucelli,Tiro libero segnato,,,,,,,,A,7,False,0,
25604,228,1,01:30,510,16,19,1772,Napoli Basketball,0,6142,11,John,Petrucelli,Tiro libero segnato,,,,,,,,A,7,False,0,227
25604,229,1,01:30,510,16,19,1762,Maxima Roma,1,536,2,Miro,Bilan,Uscita,,,,,,,,,,False,0,
25604,230,1,01:30,510,16,19,1762,Maxima Roma,1,934,29,Gora,Camara,Ingresso,,,,,,,,,,False,0,229
25604,231,1,01:24,516,16,19,1762,Maxima Roma,1,9376,23,Federico,Bonaccini,Fallo commesso,106,offensivo,,,66,55,1,A,9,False,0,
25604,232,1,01:24,516,16,19,1762,Maxima Roma,1,9376,23,Federico,Bonaccini,Palla persa,,,,,66,55,1,A,9,False,0,231
25604,233,1,01:24,516,16,19,1772,Napoli Basketball,0,6142,11,John,Petrucelli,Fallo Subito,,,,,66,55,1,A,9,False,0,231
25604,234,1,01:09,531,16,21,1772,Napoli Basketball,0,1965,10,Leonardo,Faggian,2 punti segnato,8,Da penetrazione,,,5,51,0,A,3,True,0,
25604,235,1,00:50,550,16,21,1762,Maxima Roma,1,3185,11,Brynton,Lemar,2 punti sbagliato,1,Tiro in sospensione,,,80,69,1,A,2,False,0,
25604,236,1,00:50,550,16,21,1762,Maxima Roma,1,774,100,John,Brown,Rimbalzo offensivo,,,,,80,69,1,A,2,False,0,235
25604,237,1,00:50,550,16,21,1772,Napoli Basketball,0,9355,1,Zac,Seljaas,Fallo commesso,100,personale,,,89,47,0,D,6,False,0,
25604,238,1,00:50,550,16,21,1762,Maxima Roma,1,774,100,John,Brown,Fallo Subito,,,,,89,47,0,D,6,False,0,237
25604,239,1,00:50,550,16,21,1772,Napoli Basketball,0,9355,1,Zac,Seljaas,Uscita,,,,,,,,,,False,0,
25604,240,1,00:50,550,16,21,1772,Napoli Basketball,0,5433,25,Kaleb,Tarczewski,Ingresso,,,,,,,,,,False,0,239
25604,241,1,00:50,550,17,21,1762,Maxima Roma,1,774,100,John,Brown,Tiro libero segnato,,,,,,,,A,7,False,0,
25604,242,1,00:50,550,18,21,1762,Maxima Roma,1,774,100,John,Brown,Tiro libero segnato,,,,,,,,A,7,False,0,241
25604,243,1,00:27,573,18,21,1772,Napoli Basketball,0,1965,10,Leonardo,Faggian,2 punti sbagliato,1,Tiro in sospensione,,,19,65,0,A,4,False,0,
25604,244,1,00:27,573,18,21,1762,Maxima Roma,1,9376,23,Federico,Bonaccini,Rimbalzo difensivo,,,,,19,65,0,A,4,False,0,243
25604,245,1,00:09,591,18,21,1762,Maxima Roma,1,3185,11,Brynton,Lemar,2 punti sbagliato,8,Da penetrazione,,,93,38,1,A,3,False,0,
25604,246,1,00:09,591,18,21,1772,Napoli Basketball,0,5433,25,Kaleb,Tarczewski,Rimbalzo difensivo,,,,,93,38,1,A,3,False,0,245
25604,251,1,00:00,600,18,21,,,,,,,,Fine Tempo,,,,,,,,,,False,0,
25604,252,2,10:00,0,18,21,,,,,,,,Inizio Tempo,,,,,,,,,,False,0,
25604,253,2,09:52,8,18,21,1762,Maxima Roma,1,3185,11,Brynton,Lemar,Palla persa,53,Passi,,,73,82,1,A,8,False,0,
25604,254,2,09:39,21,18,23,1772,Napoli Basketball,0,6142,11,John,Petrucelli,2 punti segnato,7,Appoggio a canestro,,,5,51,0,A,3,True,0,
25604,255,2,09:39,21,18,23,1772,Napoli Basketball,0,5299,0,Marco,Spissu,Assist,,,,,5,51,0,A,3,False,0,254
25604,256,2,09:32,28,18,23,1772,Napoli Basketball,0,,,,,Falli di squadra,201,tecnico allenatore,,,11,27,0,A,2,False,0,
25604,257,2,09:32,28,19,23,1762,Maxima Roma,1,76,5,Mirza,Alibegovic,Tiro libero segnato,,,,,,,,A,7,False,0,
25604,258,2,09:31,29,19,23,1772,Napoli Basketball,0,5433,25,Kaleb,Tarczewski,Fallo commesso,100,personale,,,80,81,0,D,2,False,0,
25604,259,2,09:31,29,19,23,1762,Maxima Roma,1,3185,11,Brynton,Lemar,Fallo Subito,,,,,80,81,0,D,2,False,0,258
25604,260,2,09:11,49,19,23,1762,Maxima Roma,1,774,100,John,Brown,3 punti sbagliato,1,Tiro in sospensione,,,69,26,1,A,9,False,0,
25604,261,2,09:11,49,19,23,1772,Napoli Basketball,0,5299,0,Marco,Spissu,Rimbalzo difensivo,,,,,69,26,1,A,9,False,0,260
25604,262,2,09:04,56,19,23,1772,Napoli Basketball,0,1965,10,Leonardo,Faggian,3 punti sbagliato,1,Tiro in sospensione,,,5,4,0,A,1,False,0,
25604,263,2,09:04,56,19,23,1762,Maxima Roma,1,774,100,John,Brown,Rimbalzo difensivo,,,,,5,4,0,A,1,False,0,262
25604,264,2,08:51,69,19,23,1762,Maxima Roma,1,76,5,Mirza,Alibegovic,Palla persa,50,Passaggio sbagliato,,,66,79,1,A,8,False,0,
25604,266,2,08:34,86,19,26,1772,Napoli Basketball,0,1965,10,Leonardo,Faggian,3 punti segnato,1,Tiro in sospensione,,,19,7,0,A,8,False,0,
25604,267,2,08:34,86,19,26,1772,Napoli Basketball,0,5433,25,Kaleb,Tarczewski,Assist,,,,,19,7,0,A,8,False,0,266
25604,268,2,08:16,104,19,26,1762,Maxima Roma,1,774,100,John,Brown,Palla persa,50,Passaggio sbagliato,,,80,52,1,A,6,False,0,
25604,269,2,08:16,104,19,26,1772,Napoli Basketball,0,1965,10,Leonardo,Faggian,Palla recuperata,,,,,80,52,1,A,6,False,0,268
25604,270,2,08:16,104,19,26,1762,Maxima Roma,1,774,100,John,Brown,Fallo commesso,100,personale,,,87,29,1,A,4,False,0,
25604,271,2,08:16,104,19,26,1772,Napoli Basketball,0,1965,10,Leonardo,Faggian,Fallo Subito,,,,,87,29,1,A,4,False,0,270
25604,272,2,08:16,104,19,26,1762,Maxima Roma,1,9376,23,Federico,Bonaccini,Uscita,,,,,,,,,,False,0,
25604,273,2,08:16,104,19,26,1762,Maxima Roma,1,5913,24,Carl,Wheatle,Ingresso,,,,,,,,,,False,0,272
25604,274,2,07:58,122,19,28,1772,Napoli Basketball,0,5433,25,Kaleb,Tarczewski,2 punti segnato,7,Appoggio a canestro,,,6,53,0,A,3,True,0,
25604,275,2,07:58,122,19,28,1772,Napoli Basketball,0,1965,10,Leonardo,Faggian,Assist,,,,,6,53,0,A,3,False,0,274
25604,276,2,07:57,123,19,28,1762,Maxima Roma,1,,,,,Time Out,,,,,,,1,,,False,0,
25604,277,2,07:57,123,19,28,1762,Maxima Roma,1,9391,4,Hunter,Tyson,Ingresso,,,,,,,,,,False,0,
25604,278,2,07:57,123,19,28,1762,Maxima Roma,1,934,29,Gora,Camara,Uscita,,,,,,,,,,False,0,277
25604,279,2,07:38,142,22,28,1762,Maxima Roma,1,9391,4,Hunter,Tyson,3 punti segnato,1,Tiro in sospensione,,,75,15,1,A,10,False,0,
25604,280,2,07:38,142,22,28,1762,Maxima Roma,1,774,100,John,Brown,Assist,,,,,75,15,1,A,10,False,0,279
25604,281,2,07:37,143,22,28,1772,Napoli Basketball,0,,,,,Time Out,,,,,,,0,,,False,0,
25604,282,2,07:08,172,22,28,1772,Napoli Basketball,0,9357,14,Jack,White,2 punti sbagliato,8,Da penetrazione,,,10,62,0,A,6,False,0,
25604,283,2,07:08,172,22,28,1772,Napoli Basketball,0,5433,25,Kaleb,Tarczewski,Rimbalzo offensivo,,,,,10,62,0,A,6,False,0,282
25604,284,2,07:08,172,22,31,1772,Napoli Basketball,0,6142,11,John,Petrucelli,3 punti segnato,1,Tiro in sospensione,,,28,78,0,A,10,False,0,
25604,285,2,07:08,172,22,31,1772,Napoli Basketball,0,5299,0,Marco,Spissu,Assist,,,,,28,78,0,A,10,False,0,284
25604,286,2,07:00,180,22,31,1772,Napoli Basketball,0,5299,0,Marco,Spissu,Fallo commesso,100,personale,,,74,45,0,D,7,False,0,
25604,287,2,07:00,180,22,31,1762,Maxima Roma,1,3185,11,Brynton,Lemar,Fallo Subito,,,,,74,45,0,D,7,False,0,286
25604,288,2,06:40,200,22,31,1762,Maxima Roma,1,9391,4,Hunter,Tyson,2 punti sbagliato,4,Giro e Tiro,1007,nessun rimbalzo,92,60,1,A,3,False,0,
25604,289,2,06:40,200,22,31,1762,Maxima Roma,1,9374,3,Aaron,Holiday,Ingresso,,,,,,,,,,False,0,
25604,290,2,06:40,200,22,31,1762,Maxima Roma,1,76,5,Mirza,Alibegovic,Uscita,,,,,,,,,,False,0,289
25604,291,2,06:40,200,22,31,1772,Napoli Basketball,0,1965,10,Leonardo,Faggian,Uscita,,,,,,,,,,False,0,289
25604,292,2,06:40,200,22,31,1772,Napoli Basketball,0,6142,11,John,Petrucelli,Uscita,,,,,,,,,,False,0,289
25604,293,2,06:40,200,22,31,1772,Napoli Basketball,0,6605,22,Markel,Brown,Ingresso,,,,,,,,,,False,0,289
25604,294,2,06:40,200,22,31,1772,Napoli Basketball,0,9026,23,Andrej,Jakimovski,Ingresso,,,,,,,,,,False,0,289
25604,295,2,06:40,200,22,31,1772,Napoli Basketball,0,,,,,Rimbalzi difensivi di squadra,,,,,95,57,1,A,3,False,0,
25604,296,2,06:16,224,22,31,1772,Napoli Basketball,0,9357,14,Jack,White,2 punti sbagliato,8,Da penetrazione,1007,nessun rimbalzo,5,47,0,A,3,False,0,
25604,297,2,06:16,224,22,31,1772,Napoli Basketball,0,,,,,Palle perse di squadra,602,24 Secondi,,,6,53,0,A,3,False,0,
25604,298,2,05:56,244,22,31,1762,Maxima Roma,1,9391,4,Hunter,Tyson,Palla persa,51,Palleggio,,,77,70,1,A,7,False,0,
25604,299,2,05:56,244,22,31,1772,Napoli Basketball,0,9357,14,Jack,White,Palla recuperata,,,,,77,70,0,D,7,False,0,298
25604,300,2,05:52,248,22,31,1762,Maxima Roma,1,9391,4,Hunter,Tyson,Fallo commesso,124,flagrant,,,10,55,1,D,6,False,0,
25604,301,2,05:52,248,22,31,1772,Napoli Basketball,0,9026,23,Andrej,Jakimovski,Fallo Subito,,,,,10,55,1,D,6,False,0,300
25604,302,2,05:52,248,22,32,1772,Napoli Basketball,0,9026,23,Andrej,Jakimovski,Tiro libero segnato,,,,,,,,A,7,False,0,
25604,303,2,05:52,248,22,33,1772,Napoli Basketball,0,9026,23,Andrej,Jakimovski,Tiro libero segnato,,,,,,,,A,7,False,0,302
25604,304,2,05:42,258,22,35,1772,Napoli Basketball,0,5433,25,Kaleb,Tarczewski,2 punti segnato,7,Appoggio a canestro,,,7,56,0,A,3,True,0,
25604,305,2,05:42,258,22,35,1772,Napoli Basketball,0,5299,0,Marco,Spissu,Assist,,,,,7,56,0,A,3,False,0,304
25604,306,2,05:29,271,22,35,1762,Maxima Roma,1,3185,11,Brynton,Lemar,3 punti sbagliato,1,Tiro in sospensione,,,98,98,1,A,1,False,0,
25604,307,2,05:29,271,22,35,1772,Napoli Basketball,0,6605,22,Markel,Brown,Rimbalzo difensivo,,,,,98,98,1,A,1,False,0,306
25604,308,2,05:25,275,22,35,1762,Maxima Roma,1,9374,3,Aaron,Holiday,Fallo commesso,100,personale,,,27,25,1,D,8,False,0,
25604,309,2,05:25,275,22,35,1772,Napoli Basketball,0,5299,0,Marco,Spissu,Fallo Subito,,,,,27,25,1,D,8,False,0,308
25604,310,2,05:25,275,22,35,1762,Maxima Roma,1,536,2,Miro,Bilan,Ingresso,,,,,,,,,,False,0,
25604,311,2,05:25,275,22,35,1762,Maxima Roma,1,9391,4,Hunter,Tyson,Uscita,,,,,,,,,,False,0,310
25604,312,2,05:10,290,22,38,1772,Napoli Basketball,0,6605,22,Markel,Brown,3 punti segnato,1,Tiro in sospensione,,,29,71,0,A,9,False,0,
25604,313,2,05:10,290,22,38,1772,Napoli Basketball,0,5299,0,Marco,Spissu,Assist,,,,,29,71,0,A,9,False,0,312
25604,314,2,04:53,307,22,38,1772,Napoli Basketball,0,6605,22,Markel,Brown,Fallo commesso,103,tiro,,,90,47,0,D,6,False,0,
25604,315,2,04:53,307,22,38,1762,Maxima Roma,1,9374,3,Aaron,Holiday,Fallo Subito,,,,,90,47,0,D,6,False,0,314
25604,316,2,04:53,307,22,38,1762,Maxima Roma,1,3185,11,Brynton,Lemar,Uscita,,,,,,,,,,False,0,
25604,317,2,04:53,307,22,38,1762,Maxima Roma,1,5764,16,Giovanni,Veronesi,Ingresso,,,,,,,,,,False,0,316
25604,318,2,04:53,307,23,38,1762,Maxima Roma,1,9374,3,Aaron,Holiday,Tiro libero segnato,,,,,,,,A,7,False,0,
25604,319,2,04:53,307,24,38,1762,Maxima Roma,1,9374,3,Aaron,Holiday,Tiro libero segnato,,,,,,,,A,7,False,0,318
25604,320,2,04:42,318,24,38,1772,Napoli Basketball,0,5299,0,Marco,Spissu,Palla persa,50,Passaggio sbagliato,,,5,65,0,A,4,False,0,
25604,322,2,04:42,318,24,38,1772,Napoli Basketball,0,5299,0,Marco,Spissu,Uscita,,,,,,,,,,False,0,
25604,323,2,04:42,318,24,38,1772,Napoli Basketball,0,9356,3,Jeff,Dowtin,Ingresso,,,,,,,,,,False,0,322
25604,324,2,04:30,330,24,38,1772,Napoli Basketball,0,5433,25,Kaleb,Tarczewski,Fallo commesso,103,tiro,,,93,47,0,D,3,False,0,
25604,325,2,04:30,330,24,38,1762,Maxima Roma,1,536,2,Miro,Bilan,Fallo Subito,,,,,93,47,1,A,3,False,0,324
25604,326,2,04:30,330,25,38,1762,Maxima Roma,1,536,2,Miro,Bilan,Tiro libero segnato,,,,,,,,A,7,False,0,
25604,327,2,04:30,330,26,38,1762,Maxima Roma,1,536,2,Miro,Bilan,Tiro libero segnato,,,,,,,,A,7,False,0,326
25604,328,2,04:16,344,26,41,1772,Napoli Basketball,0,6605,22,Markel,Brown,3 punti segnato,1,Tiro in sospensione,,,6,3,0,A,1,False,0,
25604,329,2,04:16,344,26,41,1772,Napoli Basketball,0,9356,3,Jeff,Dowtin,Assist,,,,,6,3,0,A,1,False,0,328
25604,330,2,04:07,353,29,41,1762,Maxima Roma,1,9374,3,Aaron,Holiday,3 punti segnato,1,Tiro in sospensione,,,70,76,1,A,8,False,0,
25604,331,2,03:57,363,29,41,1772,Napoli Basketball,0,9026,23,Andrej,Jakimovski,3 punti sbagliato,1,Tiro in sospensione,,,24,84,0,A,10,False,0,
25604,332,2,03:57,363,29,41,1762,Maxima Roma,1,774,100,John,Brown,Rimbalzo difensivo,,,,,24,84,1,D,10,False,0,331
25604,333,2,03:53,367,29,41,1772,Napoli Basketball,0,,,,,Time Out,,,,,,,0,,,False,0,
25604,334,2,03:53,367,29,41,1762,Maxima Roma,1,76,5,Mirza,Alibegovic,Ingresso,,,,,,,,,,False,0,
25604,335,2,03:53,367,29,41,1762,Maxima Roma,1,5913,24,Carl,Wheatle,Uscita,,,,,,,,,,False,0,334
25604,336,2,03:53,367,29,41,1772,Napoli Basketball,0,9355,1,Zac,Seljaas,Ingresso,,,,,,,,,,False,0,334
25604,337,2,03:53,367,29,41,1772,Napoli Basketball,0,9356,3,Jeff,Dowtin,Uscita,,,,,,,,,,False,0,334
25604,338,2,03:53,367,29,41,1772,Napoli Basketball,0,1965,10,Leonardo,Faggian,Ingresso,,,,,,,,,,False,0,334
25604,339,2,03:53,367,29,41,1772,Napoli Basketball,0,5433,25,Kaleb,Tarczewski,Uscita,,,,,,,,,,False,0,334
25604,340,2,03:41,379,29,41,1762,Maxima Roma,1,9374,3,Aaron,Holiday,2 punti sbagliato,2,Tiro in corsa,,,92,43,1,A,3,False,0,
25604,341,2,03:41,379,29,41,1772,Napoli Basketball,0,9357,14,Jack,White,Rimbalzo difensivo,,,,,92,43,1,A,3,False,0,340
25604,342,2,03:23,397,29,41,1772,Napoli Basketball,0,6605,22,Markel,Brown,Palla persa,50,Passaggio sbagliato,,,14,42,0,A,6,False,0,
25604,343,2,03:23,397,29,41,1762,Maxima Roma,1,774,100,John,Brown,Palla recuperata,,,,,14,42,0,A,6,False,0,342
25604,344,2,03:17,403,29,41,1762,Maxima Roma,1,5764,16,Giovanni,Veronesi,Palla persa,50,Passaggio sbagliato,,,85,47,1,A,6,False,0,
25604,346,2,03:09,411,29,41,1772,Napoli Basketball,0,9026,23,Andrej,Jakimovski,2 punti sbagliato,8,Da penetrazione,,,6,61,0,A,3,False,0,
25604,347,2,03:09,411,29,41,1762,Maxima Roma,1,5764,16,Giovanni,Veronesi,Stoppata,,,,,6,61,1,D,3,False,0,346
25604,348,2,03:09,411,29,41,1772,Napoli Basketball,0,9026,23,Andrej,Jakimovski,Stoppata subita,,,,,6,61,0,A,3,False,0,346
25604,349,2,03:09,411,29,41,1762,Maxima Roma,1,76,5,Mirza,Alibegovic,Rimbalzo difensivo,,,,,6,61,1,D,3,False,0,346
25604,350,2,03:08,412,29,41,1772,Napoli Basketball,0,9357,14,Jack,White,Fallo commesso,123,tattico,,,19,45,0,A,6,False,0,
25604,351,2,03:08,412,29,41,1762,Maxima Roma,1,76,5,Mirza,Alibegovic,Fallo Subito,,,,,19,45,0,A,6,False,0,350
25604,352,2,03:08,412,29,41,1772,Napoli Basketball,0,6142,11,John,Petrucelli,Ingresso,,,,,,,,,,False,0,
25604,353,2,03:08,412,29,41,1772,Napoli Basketball,0,9026,23,Andrej,Jakimovski,Uscita,,,,,,,,,,False,0,352
25604,354,2,03:08,412,30,41,1762,Maxima Roma,1,76,5,Mirza,Alibegovic,Tiro libero segnato,,,,,,,,A,7,False,0,
25604,355,2,03:08,412,31,41,1762,Maxima Roma,1,76,5,Mirza,Alibegovic,Tiro libero segnato,,,,,,,,A,7,False,0,354
25604,356,2,02:58,422,31,41,1762,Maxima Roma,1,76,5,Mirza,Alibegovic,3 punti sbagliato,1,Tiro in sospensione,,,68,49,1,A,9,False,0,
25604,357,2,02:58,422,31,41,1772,Napoli Basketball,0,6605,22,Markel,Brown,Rimbalzo difensivo,,,,,68,49,1,A,9,False,0,356
25604,358,2,02:27,453,31,41,1772,Napoli Basketball,0,9356,3,Jeff,Dowtin,Ingresso,,,,,,,,,,False,0,
25604,359,2,02:27,453,31,41,1772,Napoli Basketball,0,1965,10,Leonardo,Faggian,Uscita,,,,,,,,,,False,0,358
25604,360,2,02:27,453,31,41,1772,Napoli Basketball,0,9356,3,Jeff,Dowtin,2 punti sbagliato,1,Tiro in sospensione,1007,nessun rimbalzo,7,56,0,A,3,False,0,
25604,361,2,02:21,459,33,41,1762,Maxima Roma,1,774,100,John,Brown,2 punti segnato,1,Tiro in sospensione,,,81,79,1,A,2,False,0,
25604,404,2,02:21,459,33,41,1762,Maxima Roma,1,9374,3,Aaron,Holiday,Assist,,,,,81,79,1,A,2,False,0,361
25604,362,2,02:09,471,33,41,1762,Maxima Roma,1,774,100,John,Brown,Fallo commesso,100,personale,,,10,20,1,D,2,False,0,
25604,363,2,02:09,471,33,41,1772,Napoli Basketball,0,9355,1,Zac,Seljaas,Fallo Subito,,,,,10,20,1,D,2,False,0,362
25604,369,2,02:05,475,33,43,1772,Napoli Basketball,0,9356,3,Jeff,Dowtin,2 punti segnato,1,Tiro in sospensione,,,8,45,0,A,3,True,0,
25604,364,2,02:05,475,33,43,1762,Maxima Roma,1,9377,32,Matt,Ryan,Ingresso,,,,,,,,,,False,0,
25604,365,2,02:05,475,33,43,1762,Maxima Roma,1,774,100,John,Brown,Uscita,,,,,,,,,,False,0,364
25604,366,2,02:05,475,33,43,1772,Napoli Basketball,0,6605,22,Markel,Brown,Palla persa,53,Passi,,,8,54,0,A,3,False,0,
25604,367,2,02:00,480,33,43,1772,Napoli Basketball,0,6605,22,Markel,Brown,Fallo commesso,100,personale,,,79,52,0,D,7,False,0,
25604,368,2,02:00,480,33,43,1762,Maxima Roma,1,9374,3,Aaron,Holiday,Fallo Subito,,,,,79,52,0,D,7,False,0,367
25604,370,2,02:00,480,33,43,1772,Napoli Basketball,0,5299,0,Marco,Spissu,Ingresso,,,,,,,,,,False,0,
25604,371,2,02:00,480,33,43,1772,Napoli Basketball,0,6605,22,Markel,Brown,Uscita,,,,,,,,,,False,0,370
25604,372,2,02:00,480,34,43,1762,Maxima Roma,1,9374,3,Aaron,Holiday,Tiro libero segnato,,,,,,,,A,7,False,0,
25604,373,2,02:00,480,35,43,1762,Maxima Roma,1,9374,3,Aaron,Holiday,Tiro libero segnato,,,,,,,,A,7,False,0,372
25604,374,2,01:49,491,35,43,1772,Napoli Basketball,0,5299,0,Marco,Spissu,Palla persa,50,Passaggio sbagliato,,,23,58,0,A,7,False,0,
25604,376,2,01:36,504,35,43,1772,Napoli Basketball,0,9357,14,Jack,White,Fallo commesso,100,personale,,,86,78,0,D,2,False,0,
25604,377,2,01:36,504,35,43,1762,Maxima Roma,1,536,2,Miro,Bilan,Fallo Subito,,,,,86,78,0,D,2,False,0,376
25604,378,2,01:36,504,36,43,1762,Maxima Roma,1,536,2,Miro,Bilan,Tiro libero segnato,,,,,,,,A,7,False,0,
25604,379,2,01:36,504,37,43,1762,Maxima Roma,1,536,2,Miro,Bilan,Tiro libero segnato,,,,,,,,A,7,False,0,378
25604,380,2,01:24,516,37,43,1772,Napoli Basketball,0,6142,11,John,Petrucelli,Palla persa,51,Palleggio,,,20,70,0,A,4,False,0,
25604,381,2,01:24,516,37,43,1762,Maxima Roma,1,9374,3,Aaron,Holiday,Palla recuperata,,,,,20,70,0,A,4,False,0,380
25604,384,2,01:20,520,38,43,1762,Maxima Roma,1,76,5,Mirza,Alibegovic,Tiro libero segnato,,,,,,,1,A,7,False,0,
25604,385,2,01:20,520,39,43,1762,Maxima Roma,1,76,5,Mirza,Alibegovic,Tiro libero segnato,,,,,,,1,A,7,False,0,384
25604,382,2,01:20,520,39,43,1772,Napoli Basketball,0,5299,0,Marco,Spissu,Fallo commesso,100,personale,,,64,87,0,D,8,False,0,
25604,383,2,01:20,520,39,43,1762,Maxima Roma,1,76,5,Mirza,Alibegovic,Fallo Subito,,,,,64,87,1,A,8,False,0,382
25604,386,2,01:06,534,39,45,1772,Napoli Basketball,0,9356,3,Jeff,Dowtin,2 punti segnato,8,Da penetrazione,,,6,48,0,A,3,True,0,
25604,387,2,01:06,534,39,45,1772,Napoli Basketball,0,9357,14,Jack,White,Assist,,,,,6,48,0,A,3,False,0,386
25604,388,2,00:45,555,39,45,1772,Napoli Basketball,0,9355,1,Zac,Seljaas,Fallo commesso,103,tiro,,,82,7,0,D,10,False,0,
25604,389,2,00:45,555,39,45,1762,Maxima Roma,1,76,5,Mirza,Alibegovic,Fallo Subito,,,,,82,7,0,D,10,False,0,388
25604,390,2,00:45,555,39,45,1762,Maxima Roma,1,5913,24,Carl,Wheatle,Ingresso,,,,,,,,,,False,0,
25604,391,2,00:45,555,39,45,1762,Maxima Roma,1,9377,32,Matt,Ryan,Uscita,,,,,,,,,,False,0,390
25604,392,2,00:45,555,39,45,1772,Napoli Basketball,0,9355,1,Zac,Seljaas,Uscita,,,,,,,,,,False,0,390
25604,393,2,00:45,555,39,45,1772,Napoli Basketball,0,9026,23,Andrej,Jakimovski,Ingresso,,,,,,,,,,False,0,390
25604,394,2,00:45,555,40,45,1762,Maxima Roma,1,76,5,Mirza,Alibegovic,Tiro libero segnato,,,,,,,,A,7,False,0,
25604,395,2,00:45,555,41,45,1762,Maxima Roma,1,76,5,Mirza,Alibegovic,Tiro libero segnato,,,,,,,,A,7,False,0,394
25604,396,2,00:45,555,42,45,1762,Maxima Roma,1,76,5,Mirza,Alibegovic,Tiro libero segnato,,,,,,,,A,7,False,0,394
25604,409,2,00:45,555,42,45,1762,Maxima Roma,1,536,2,Miro,Bilan,Assist,,,,,,,,,,False,0,394
25604,397,2,00:45,555,42,45,1762,Maxima Roma,1,9374,3,Aaron,Holiday,Uscita,,,,,,,,,,False,0,
25604,398,2,00:45,555,42,45,1762,Maxima Roma,1,3185,11,Brynton,Lemar,Ingresso,,,,,,,,,,False,0,397
25604,399,2,00:22,578,42,45,1772,Napoli Basketball,0,5299,0,Marco,Spissu,3 punti sbagliato,1,Tiro in sospensione,,,30,33,0,A,9,False,0,
25604,400,2,00:22,578,42,45,1762,Maxima Roma,1,536,2,Miro,Bilan,Rimbalzo difensivo,,,,,30,33,0,A,9,False,0,399
25604,401,2,00:04,596,42,45,1762,Maxima Roma,1,536,2,Miro,Bilan,2 punti sbagliato,1,Tiro in sospensione,,,93,43,1,A,3,False,0,
25604,402,2,00:04,596,42,45,1772,Napoli Basketball,0,5299,0,Marco,Spissu,Rimbalzo difensivo,,,,,93,43,0,D,3,False,0,401
25604,405,2,00:00,600,42,45,,,,,,,,Fine Tempo,,,,,,,,,,False,0,
25604,410,3,10:00,0,42,45,1762,Maxima Roma,1,9374,3,Aaron,Holiday,Ingresso,,,,,,,,,,False,0,
25604,411,3,10:00,0,42,45,1762,Maxima Roma,1,3185,11,Brynton,Lemar,Uscita,,,,,,,,,,False,0,410
25604,412,3,10:00,0,42,45,1762,Maxima Roma,1,5913,24,Carl,Wheatle,Uscita,,,,,,,,,,False,0,410
25604,413,3,10:00,0,42,45,1762,Maxima Roma,1,9377,32,Matt,Ryan,Ingresso,,,,,,,,,,False,0,410
25604,414,3,10:00,0,42,45,1772,Napoli Basketball,0,5299,0,Marco,Spissu,Uscita,,,,,,,,,,False,0,410
25604,415,3,10:00,0,42,45,1772,Napoli Basketball,0,9355,1,Zac,Seljaas,Ingresso,,,,,,,,,,False,0,410
25604,416,3,10:00,0,42,45,1772,Napoli Basketball,0,9357,14,Jack,White,Uscita,,,,,,,,,,False,0,410
25604,417,3,10:00,0,42,45,1772,Napoli Basketball,0,6186,30,Guglielmo,Caruso,Ingresso,,,,,,,,,,False,0,410
25604,418,3,10:00,0,42,45,,,,,,,,Inizio Tempo,,,,,,,,,,False,0,
25604,419,3,09:47,13,42,45,1762,Maxima Roma,1,9377,32,Matt,Ryan,3 punti sbagliato,1,Tiro in sospensione,,,4,3,0,A,1,False,0,
25604,420,3,09:47,13,42,45,1762,Maxima Roma,1,536,2,Miro,Bilan,Rimbalzo offensivo,,,,,4,3,0,A,1,False,0,419
25604,421,3,09:47,13,44,45,1762,Maxima Roma,1,536,2,Miro,Bilan,2 punti segnato,7,Appoggio a canestro,,,4,3,0,A,2,False,0,
25604,422,3,09:26,34,44,47,1772,Napoli Basketball,0,6142,11,John,Petrucelli,2 punti segnato,8,Da penetrazione,,,94,55,1,A,3,True,0,
25604,423,3,09:07,53,44,47,1762,Maxima Roma,1,9374,3,Aaron,Holiday,3 punti sbagliato,1,Tiro in sospensione,,,29,69,0,A,9,False,0,
25604,424,3,09:07,53,44,47,1772,Napoli Basketball,0,6186,30,Guglielmo,Caruso,Rimbalzo difensivo,,,,,29,69,0,A,9,False,0,423
25604,425,3,08:48,72,44,47,1772,Napoli Basketball,0,9355,1,Zac,Seljaas,3 punti sbagliato,1,Tiro in sospensione,,,77,93,1,A,8,False,0,
25604,426,3,08:48,72,44,47,1762,Maxima Roma,1,76,5,Mirza,Alibegovic,Rimbalzo difensivo,,,,,77,93,1,A,8,False,0,425
25604,427,3,08:36,84,44,47,1762,Maxima Roma,1,9374,3,Aaron,Holiday,2 punti sbagliato,8,Da penetrazione,1005,stoppata,4,49,0,A,3,False,0,
25604,428,3,08:36,84,44,47,1772,Napoli Basketball,0,6186,30,Guglielmo,Caruso,Stoppata,,,,,4,49,0,A,3,False,0,427
25604,429,3,08:36,84,44,47,1762,Maxima Roma,1,9374,3,Aaron,Holiday,Stoppata subita,,,,,4,49,0,A,3,False,0,427
25604,430,3,08:36,84,44,47,1762,Maxima Roma,1,9374,3,Aaron,Holiday,Rimbalzo offensivo,,,,,4,49,0,A,3,False,0,427
25604,431,3,08:36,84,44,47,1762,Maxima Roma,1,9374,3,Aaron,Holiday,2 punti sbagliato,7,Appoggio a canestro,,,4,49,0,A,3,False,0,
25604,432,3,08:36,84,44,47,1762,Maxima Roma,1,536,2,Miro,Bilan,Rimbalzo offensivo,,,,,4,49,0,A,3,False,0,431
25604,433,3,08:19,101,44,49,1772,Napoli Basketball,0,9356,3,Jeff,Dowtin,2 punti segnato,3,Tiro in fadeaway,,,93,45,1,A,3,True,0,
25604,434,3,08:19,101,44,49,1762,Maxima Roma,1,5764,16,Giovanni,Veronesi,Fallo commesso,103,tiro,,,93,45,0,D,3,False,0,
25604,435,3,08:19,101,44,49,1772,Napoli Basketball,0,9356,3,Jeff,Dowtin,Fallo Subito,,,,,93,45,0,D,3,False,0,434
25604,436,3,08:18,102,44,50,1772,Napoli Basketball,0,9356,3,Jeff,Dowtin,Tiro libero segnato,,,,,,,,A,7,False,0,
25604,437,3,08:17,103,44,50,1772,Napoli Basketball,0,6142,11,John,Petrucelli,Fallo commesso,100,personale,,,67,48,1,A,9,False,0,
25604,438,3,08:17,103,44,50,1762,Maxima Roma,1,9374,3,Aaron,Holiday,Fallo Subito,,,,,67,48,1,A,9,False,0,437
25604,439,3,08:06,114,44,50,1762,Maxima Roma,1,9377,32,Matt,Ryan,3 punti sbagliato,1,Tiro in sospensione,,,32,49,0,A,9,False,0,
25604,440,3,08:06,114,44,50,1772,Napoli Basketball,0,9356,3,Jeff,Dowtin,Rimbalzo difensivo,,,,,32,49,0,A,9,False,0,439
25604,441,3,08:02,118,44,50,1772,Napoli Basketball,0,9026,23,Andrej,Jakimovski,Palla persa,54,Fuori dal campo,,,97,29,1,A,4,False,0,
25604,442,3,07:48,132,44,50,1762,Maxima Roma,1,5764,16,Giovanni,Veronesi,Fallo commesso,106,offensivo,,,12,54,0,A,6,False,0,
25604,443,3,07:48,132,44,50,1762,Maxima Roma,1,5764,16,Giovanni,Veronesi,Palla persa,,,,,12,54,0,A,6,False,0,442
25604,444,3,07:48,132,44,50,1772,Napoli Basketball,0,9026,23,Andrej,Jakimovski,Fallo Subito,,,,,12,54,0,A,6,False,0,442
25604,445,3,07:30,150,44,52,1772,Napoli Basketball,0,9356,3,Jeff,Dowtin,2 punti segnato,3,Tiro in fadeaway,,,89,61,1,A,6,True,0,
25604,446,3,07:13,167,44,52,1772,Napoli Basketball,0,6186,30,Guglielmo,Caruso,Fallo commesso,100,personale,,,10,44,1,D,6,False,0,
25604,447,3,07:13,167,44,52,1762,Maxima Roma,1,536,2,Miro,Bilan,Fallo Subito,,,,,10,44,1,D,6,False,0,446
25604,448,3,07:13,167,44,52,1762,Maxima Roma,1,3185,11,Brynton,Lemar,Ingresso,,,,,,,,,,False,0,
25604,449,3,07:13,167,44,52,1762,Maxima Roma,1,5764,16,Giovanni,Veronesi,Uscita,,,,,,,,,,False,0,448
25604,450,3,07:01,179,44,52,1762,Maxima Roma,1,3185,11,Brynton,Lemar,3 punti sbagliato,1,Tiro in sospensione,,,25,80,0,A,10,False,0,
25604,451,3,07:01,179,44,52,1762,Maxima Roma,1,,,,,Rimbalzi offensivi di squadra,,,,,25,80,0,A,10,False,0,450
25604,452,3,06:50,190,46,52,1762,Maxima Roma,1,536,2,Miro,Bilan,2 punti segnato,11,Gancio,,,5,57,0,A,3,True,0,
25604,453,3,06:50,190,46,52,1762,Maxima Roma,1,9374,3,Aaron,Holiday,Assist,,,,,5,57,0,A,3,False,0,452
25604,454,3,06:29,211,46,55,1772,Napoli Basketball,0,6186,30,Guglielmo,Caruso,3 punti segnato,6,Arresto e tiro,,,67,59,1,A,9,False,0,
25604,455,3,06:12,228,46,55,1762,Maxima Roma,1,9374,3,Aaron,Holiday,Fallo commesso,106,offensivo,,,15,23,0,A,2,False,0,
25604,456,3,06:12,228,46,55,1762,Maxima Roma,1,9374,3,Aaron,Holiday,Palla persa,,,,,15,23,0,A,2,False,0,455
25604,457,3,06:12,228,46,55,1772,Napoli Basketball,0,9355,1,Zac,Seljaas,Fallo Subito,,,,,15,23,0,A,2,False,0,455
25604,458,3,05:48,252,46,57,1772,Napoli Basketball,0,9356,3,Jeff,Dowtin,2 punti segnato,3,Tiro in fadeaway,,,87,60,1,A,6,True,0,
25604,459,3,05:29,271,46,57,1762,Maxima Roma,1,3185,11,Brynton,Lemar,3 punti sbagliato,1,Tiro in sospensione,,,30,59,0,A,9,False,0,
25604,460,3,05:29,271,46,57,1762,Maxima Roma,1,536,2,Miro,Bilan,Rimbalzo offensivo,,,,,30,59,0,A,9,False,0,459
25604,461,3,05:22,278,46,57,1772,Napoli Basketball,0,9355,1,Zac,Seljaas,Fallo commesso,100,personale,,,5,76,1,D,4,False,0,
25604,462,3,05:22,278,46,57,1762,Maxima Roma,1,536,2,Miro,Bilan,Fallo Subito,,,,,5,76,1,D,4,False,0,461
25604,463,3,05:22,278,46,57,1762,Maxima Roma,1,9377,32,Matt,Ryan,Uscita,,,,,,,,,,False,0,
25604,464,3,05:22,278,46,57,1762,Maxima Roma,1,774,100,John,Brown,Ingresso,,,,,,,,,,False,0,463
25604,465,3,05:22,278,46,57,1772,Napoli Basketball,0,9355,1,Zac,Seljaas,Uscita,,,,,,,,,,False,0,463
25604,466,3,05:22,278,46,57,1772,Napoli Basketball,0,7097,12,Assane,Sankare,Ingresso,,,,,,,,,,False,0,463
25604,467,3,05:22,278,46,57,1772,Napoli Basketball,0,9357,14,Jack,White,Ingresso,,,,,,,,,,False,0,463
25604,468,3,05:22,278,46,57,1772,Napoli Basketball,0,6186,30,Guglielmo,Caruso,Uscita,,,,,,,,,,False,0,463
25604,469,3,05:10,290,46,57,1762,Maxima Roma,1,3185,11,Brynton,Lemar,Palla persa,51,Palleggio,,,12,49,0,A,6,False,0,
25604,470,3,05:10,290,46,57,1772,Napoli Basketball,0,6142,11,John,Petrucelli,Palla recuperata,,,,,12,49,0,A,6,False,0,469
25604,471,3,05:03,297,46,59,1772,Napoli Basketball,0,9026,23,Andrej,Jakimovski,2 punti segnato,8,Da penetrazione,,,94,51,1,A,3,True,0,
25604,472,3,05:03,297,46,59,1772,Napoli Basketball,0,6142,11,John,Petrucelli,Assist,,,,,94,51,1,A,3,False,0,471
25604,473,3,05:03,297,46,59,1762,Maxima Roma,1,,,,,Time Out,,,,,,,0,,,False,0,
25604,474,3,05:03,297,46,59,1762,Maxima Roma,1,3185,11,Brynton,Lemar,Uscita,,,,,,,,,,False,0,
25604,475,3,05:03,297,46,59,1762,Maxima Roma,1,5913,24,Carl,Wheatle,Ingresso,,,,,,,,,,False,0,474
25604,476,3,04:42,318,46,59,1772,Napoli Basketball,0,9026,23,Andrej,Jakimovski,Fallo commesso,100,personale,,,9,62,1,D,3,False,0,
25604,477,3,04:42,318,46,59,1762,Maxima Roma,1,536,2,Miro,Bilan,Fallo Subito,,,,,9,62,1,D,3,False,0,476
25604,478,3,04:40,320,46,59,1772,Napoli Basketball,0,6142,11,John,Petrucelli,Fallo commesso,103,tiro,,,4,90,1,D,4,False,0,
25604,479,3,04:40,320,46,59,1762,Maxima Roma,1,76,5,Mirza,Alibegovic,Fallo Subito,,,,,4,90,1,D,4,False,0,478
25604,480,3,04:40,320,47,59,1762,Maxima Roma,1,76,5,Mirza,Alibegovic,Tiro libero segnato,,,,,,,,A,7,False,0,
25604,481,3,04:40,320,48,59,1762,Maxima Roma,1,76,5,Mirza,Alibegovic,Tiro libero segnato,,,,,,,,A,7,False,0,480
25604,482,3,04:40,320,48,59,1762,Maxima Roma,1,9374,3,Aaron,Holiday,Assist,,,,,,,,,,False,0,480
25604,483,3,04:15,345,48,59,1772,Napoli Basketball,0,9026,23,Andrej,Jakimovski,2 punti sbagliato,3,Tiro in fadeaway,,,88,62,1,A,2,False,0,
25604,484,3,04:15,345,48,59,1772,Napoli Basketball,0,9357,14,Jack,White,Rimbalzo offensivo,,,,,88,62,1,A,2,False,0,483
25604,485,3,04:04,356,48,62,1772,Napoli Basketball,0,9356,3,Jeff,Dowtin,3 punti segnato,1,Tiro in sospensione,,,71,26,1,A,9,False,0,
25604,486,3,04:04,356,48,62,1772,Napoli Basketball,0,6142,11,John,Petrucelli,Assist,,,,,71,26,1,A,9,False,0,485
25604,487,3,03:53,367,48,62,1762,Maxima Roma,1,9374,3,Aaron,Holiday,Fallo commesso,106,offensivo,,,9,49,0,A,3,False,0,
25604,488,3,03:53,367,48,62,1762,Maxima Roma,1,9374,3,Aaron,Holiday,Palla persa,,,,,9,49,0,A,3,False,0,487
25604,489,3,03:53,367,48,62,1772,Napoli Basketball,0,7097,12,Assane,Sankare,Fallo Subito,,,,,9,49,0,A,3,False,0,487
25604,490,3,03:38,382,48,62,1762,Maxima Roma,1,774,100,John,Brown,Fallo commesso,103,tiro,,,95,60,0,D,3,False,0,
25604,491,3,03:38,382,48,62,1772,Napoli Basketball,0,6142,11,John,Petrucelli,Fallo Subito,,,,,95,60,0,D,3,False,0,490
25604,492,3,03:38,382,48,63,1772,Napoli Basketball,0,6142,11,John,Petrucelli,Tiro libero segnato,,,,,,,,A,7,False,0,
25604,493,3,03:38,382,48,64,1772,Napoli Basketball,0,6142,11,John,Petrucelli,Tiro libero segnato,,,,,,,,A,7,False,0,492
25604,494,3,03:20,400,48,64,1762,Maxima Roma,1,9374,3,Aaron,Holiday,Palla persa,54,Fuori dal campo,,,7,68,0,A,4,False,0,
25604,495,3,02:55,425,48,67,1772,Napoli Basketball,0,7097,12,Assane,Sankare,3 punti segnato,6,Arresto e tiro,,,70,73,1,A,9,False,0,
25604,496,3,02:55,425,48,67,1772,Napoli Basketball,0,9356,3,Jeff,Dowtin,Assist,,,,,70,73,1,A,9,False,0,495
25604,497,3,02:37,443,48,67,1762,Maxima Roma,1,5913,24,Carl,Wheatle,Fallo commesso,106,offensivo,,,15,36,0,A,2,False,0,
25604,498,3,02:37,443,48,67,1762,Maxima Roma,1,5913,24,Carl,Wheatle,Palla persa,,,,,15,36,0,A,2,False,0,497
25604,499,3,02:37,443,48,67,1772,Napoli Basketball,0,9356,3,Jeff,Dowtin,Fallo Subito,,,,,15,36,0,A,2,False,0,497
25604,500,3,02:37,443,48,67,1762,Maxima Roma,1,536,2,Miro,Bilan,Uscita,,,,,,,,,,False,0,
25604,501,3,02:37,443,48,67,1762,Maxima Roma,1,9374,3,Aaron,Holiday,Uscita,,,,,,,,,,False,0,500
25604,502,3,02:37,443,48,67,1762,Maxima Roma,1,9376,23,Federico,Bonaccini,Ingresso,,,,,,,,,,False,0,500
25604,503,3,02:37,443,48,67,1762,Maxima Roma,1,934,29,Gora,Camara,Ingresso,,,,,,,,,,False,0,500
25604,504,3,02:27,453,48,67,1772,Napoli Basketball,0,7097,12,Assane,Sankare,Fallo commesso,106,offensivo,,,86,33,1,A,4,False,0,
25604,505,3,02:27,453,48,67,1772,Napoli Basketball,0,7097,12,Assane,Sankare,Palla persa,,,,,86,33,1,A,4,False,0,504
25604,506,3,02:27,453,48,67,1762,Maxima Roma,1,934,29,Gora,Camara,Fallo Subito,,,,,86,33,1,A,4,False,0,504
25604,507,3,02:18,462,48,67,1762,Maxima Roma,1,774,100,John,Brown,2 punti sbagliato,1,Tiro in sospensione,,,25,44,0,A,7,False,0,
25604,508,3,02:18,462,48,67,1772,Napoli Basketball,0,7097,12,Assane,Sankare,Rimbalzo difensivo,,,,,25,44,0,A,7,False,0,507
25604,509,3,02:07,473,48,67,1772,Napoli Basketball,0,5299,0,Marco,Spissu,Ingresso,,,,,,,,,,False,0,
25604,510,3,02:07,473,48,67,1772,Napoli Basketball,0,9356,3,Jeff,Dowtin,Uscita,,,,,,,,,,False,0,509
25604,511,3,02:07,473,48,67,1772,Napoli Basketball,0,1965,10,Leonardo,Faggian,Ingresso,,,,,,,,,,False,0,
25604,512,3,02:07,473,48,67,1772,Napoli Basketball,0,6142,11,John,Petrucelli,Uscita,,,,,,,,,,False,0,511
25604,513,3,01:55,485,48,70,1772,Napoli Basketball,0,9026,23,Andrej,Jakimovski,3 punti segnato,1,Tiro in sospensione,,,69,62,1,A,9,False,0,
25604,514,3,01:55,485,48,70,1772,Napoli Basketball,0,5299,0,Marco,Spissu,Assist,,,,,69,62,1,A,9,False,0,513
25604,515,3,01:46,494,50,70,1762,Maxima Roma,1,934,29,Gora,Camara,2 punti segnato,8,Da penetrazione,,,4,51,0,A,3,True,0,
25604,516,3,01:46,494,50,70,1762,Maxima Roma,1,9376,23,Federico,Bonaccini,Assist,,,,,4,51,0,A,3,False,0,515
25604,517,3,01:34,506,50,70,1772,Napoli Basketball,0,7097,12,Assane,Sankare,2 punti sbagliato,8,Da penetrazione,1007,nessun rimbalzo,94,49,1,A,3,False,0,
25604,518,3,01:22,518,50,70,1772,Napoli Basketball,0,9026,23,Andrej,Jakimovski,2 punti sbagliato,8,Da penetrazione,,,92,50,1,A,3,False,0,
25604,519,3,01:22,518,50,70,1772,Napoli Basketball,0,1965,10,Leonardo,Faggian,Rimbalzo offensivo,,,,,92,50,1,A,3,False,0,518
25604,520,3,01:20,520,50,70,1762,Maxima Roma,1,,,,,Falli di squadra,201,tecnico allenatore,,,76,37,0,D,7,False,0,
25604,521,3,01:20,520,50,71,1772,Napoli Basketball,0,5299,0,Marco,Spissu,Tiro libero segnato,,,,,,,,A,7,False,0,
25604,522,3,01:14,526,50,71,1772,Napoli Basketball,0,7097,12,Assane,Sankare,Palla persa,50,Passaggio sbagliato,,,70,83,1,A,8,False,0,
25604,523,3,01:14,526,50,71,1762,Maxima Roma,1,9376,23,Federico,Bonaccini,Palla recuperata,,,,,70,83,1,A,8,False,0,522
25604,524,3,01:14,526,50,71,1772,Napoli Basketball,0,9026,23,Andrej,Jakimovski,Fallo commesso,106,offensivo,,,89,43,1,A,6,False,0,
25604,528,3,01:14,526,50,71,1762,Maxima Roma,1,9376,23,Federico,Bonaccini,Fallo Subito,,,,,89,43,0,D,6,False,0,524
25604,525,3,01:14,526,50,71,1772,Napoli Basketball,0,9026,23,Andrej,Jakimovski,Palla persa,,,,,89,43,1,A,6,False,0,524
25604,529,3,01:02,538,52,71,1762,Maxima Roma,1,9376,23,Federico,Bonaccini,2 punti segnato,8,Da penetrazione,,,5,55,0,A,3,True,0,
25604,530,3,01:02,538,52,71,1762,Maxima Roma,1,76,5,Mirza,Alibegovic,Assist,,,,,5,55,0,A,3,False,0,529
25604,531,3,00:46,554,52,71,1772,Napoli Basketball,0,1965,10,Leonardo,Faggian,Palla persa,50,Passaggio sbagliato,,,85,36,1,A,4,False,0,
25604,532,3,00:46,554,52,71,1762,Maxima Roma,1,774,100,John,Brown,Palla recuperata,,,,,85,36,0,D,4,False,0,531
25604,533,3,00:46,554,52,71,1772,Napoli Basketball,0,5299,0,Marco,Spissu,Fallo commesso,100,personale,,,81,31,1,A,4,False,0,
25604,534,3,00:46,554,52,71,1762,Maxima Roma,1,774,100,John,Brown,Fallo Subito,,,,,81,31,0,D,4,False,0,533
25604,535,3,00:46,554,53,71,1762,Maxima Roma,1,774,100,John,Brown,Tiro libero segnato,,,,,,,,A,7,False,0,
25604,536,3,00:46,554,54,71,1762,Maxima Roma,1,774,100,John,Brown,Tiro libero segnato,,,,,,,,A,7,False,0,535
25604,537,3,00:23,577,54,71,1772,Napoli Basketball,0,9026,23,Andrej,Jakimovski,Palla persa,50,Passaggio sbagliato,,,81,92,1,A,8,False,0,
25604,538,3,00:23,577,54,71,1762,Maxima Roma,1,774,100,John,Brown,Palla recuperata,,,,,81,92,1,A,8,False,0,537
25604,539,3,00:04,596,54,71,1762,Maxima Roma,1,5913,24,Carl,Wheatle,3 punti sbagliato,1,Tiro in sospensione,,,31,45,0,A,9,False,0,
25604,540,3,00:04,596,54,71,1762,Maxima Roma,1,774,100,John,Brown,Rimbalzo offensivo,,,,,31,45,0,A,9,False,0,539
25604,541,3,00:00,600,54,71,,,,,,,,Fine Tempo,,,,,,,,,,False,0,
25604,542,4,10:00,0,54,71,,,,,,,,Inizio Tempo,,,,,,,,,,False,0,
25604,543,4,09:44,16,57,71,1762,Maxima Roma,1,76,5,Mirza,Alibegovic,3 punti segnato,1,Tiro in sospensione,,,27,24,0,A,8,False,0,
25604,546,4,09:40,20,57,71,1772,Napoli Basketball,0,9355,1,Zac,Seljaas,Ingresso,,,,,,,,,,False,0,
25604,547,4,09:40,20,57,71,1772,Napoli Basketball,0,7097,12,Assane,Sankare,Uscita,,,,,,,,,,False,0,546
25604,548,4,09:31,29,57,71,1772,Napoli Basketball,0,6605,22,Markel,Brown,Ingresso,,,,,,,,,,False,0,
25604,549,4,09:31,29,57,71,1772,Napoli Basketball,0,9026,23,Andrej,Jakimovski,Uscita,,,,,,,,,,False,0,548
25604,550,4,09:29,31,57,71,1772,Napoli Basketball,0,1965,10,Leonardo,Faggian,Palla persa,54,Fuori dal campo,,,93,26,1,A,4,False,0,
25604,551,4,09:28,32,57,71,1772,Napoli Basketball,0,5299,0,Marco,Spissu,Uscita,,,,,,,,,,False,0,
25604,552,4,09:28,32,57,71,1772,Napoli Basketball,0,9356,3,Jeff,Dowtin,Ingresso,,,,,,,,,,False,0,551
25604,553,4,09:20,40,57,71,1762,Maxima Roma,1,934,29,Gora,Camara,Fallo commesso,106,offensivo,,,14,30,0,A,2,False,0,
25604,554,4,09:20,40,57,71,1762,Maxima Roma,1,934,29,Gora,Camara,Palla persa,,,,,14,30,0,A,2,False,0,553
25604,555,4,09:20,40,57,71,1772,Napoli Basketball,0,6605,22,Markel,Brown,Fallo Subito,,,,,14,30,0,A,2,False,0,553
25604,556,4,09:05,55,57,71,1772,Napoli Basketball,0,9357,14,Jack,White,3 punti sbagliato,1,Tiro in sospensione,,,67,53,1,A,9,False,0,
25604,557,4,09:05,55,57,71,1772,Napoli Basketball,0,6605,22,Markel,Brown,Rimbalzo offensivo,,,,,67,53,1,A,9,False,0,556
25604,558,4,08:58,62,57,71,1772,Napoli Basketball,0,1965,10,Leonardo,Faggian,3 punti sbagliato,1,Tiro in sospensione,,,78,11,1,A,10,False,0,
25604,559,4,08:58,62,57,71,1772,Napoli Basketball,0,9357,14,Jack,White,Rimbalzo offensivo,,,,,78,11,1,A,10,False,0,558
25604,560,4,08:50,70,57,71,1772,Napoli Basketball,0,1965,10,Leonardo,Faggian,3 punti sbagliato,1,Tiro in sospensione,,,66,45,1,A,9,False,0,
25604,561,4,08:50,70,57,71,1762,Maxima Roma,1,774,100,John,Brown,Rimbalzo difensivo,,,,,66,45,1,A,9,False,0,560
25604,562,4,08:41,79,57,71,1772,Napoli Basketball,0,1965,10,Leonardo,Faggian,Uscita,,,,,,,,,,False,0,
25604,563,4,08:41,79,57,71,1772,Napoli Basketball,0,6142,11,John,Petrucelli,Ingresso,,,,,,,,,,False,0,562
25604,564,4,08:41,79,57,71,1772,Napoli Basketball,0,9357,14,Jack,White,Uscita,,,,,,,,,,False,0,
25604,565,4,08:41,79,57,71,1772,Napoli Basketball,0,6186,30,Guglielmo,Caruso,Ingresso,,,,,,,,,,False,0,564
25604,566,4,08:34,86,57,71,1762,Maxima Roma,1,76,5,Mirza,Alibegovic,Palla persa,50,Passaggio sbagliato,,,13,18,0,A,2,False,0,
25604,567,4,08:07,113,57,71,1772,Napoli Basketball,0,9356,3,Jeff,Dowtin,3 punti sbagliato,1,Tiro in sospensione,,,67,47,1,A,9,False,0,
25604,568,4,08:07,113,57,71,1772,Napoli Basketball,0,6186,30,Guglielmo,Caruso,Rimbalzo offensivo,,,,,67,47,1,A,9,False,0,567
25604,570,4,08:03,117,57,71,1772,Napoli Basketball,0,,,,,Time Out,,,,,,,1,,,False,0,
25604,571,4,07:52,128,57,71,1772,Napoli Basketball,0,6605,22,Markel,Brown,3 punti sbagliato,1,Tiro in sospensione,,,86,6,1,A,10,False,0,
25604,572,4,07:52,128,57,71,1772,Napoli Basketball,0,9355,1,Zac,Seljaas,Rimbalzo offensivo,,,,,86,6,1,A,4,False,0,571
25604,573,4,07:52,128,57,73,1772,Napoli Basketball,0,9355,1,Zac,Seljaas,2 punti segnato,7,Appoggio a canestro,,,86,6,1,A,4,False,0,
25604,574,4,07:42,138,57,73,1772,Napoli Basketball,0,6186,30,Guglielmo,Caruso,Fallo commesso,100,personale,,,30,78,1,D,10,False,0,
25604,575,4,07:42,138,57,73,1762,Maxima Roma,1,76,5,Mirza,Alibegovic,Fallo Subito,,,,,30,78,1,D,10,False,0,574
25604,576,4,07:34,146,57,73,1762,Maxima Roma,1,76,5,Mirza,Alibegovic,3 punti sbagliato,1,Tiro in sospensione,1004,tip-in appoggio canestro miss,34,32,0,A,9,False,0,
25604,577,4,07:34,146,57,73,1762,Maxima Roma,1,774,100,John,Brown,Rimbalzo offensivo,,,,,34,32,0,A,9,False,0,576
25604,578,4,07:34,146,57,73,1762,Maxima Roma,1,774,100,John,Brown,3 punti sbagliato,,,,,34,32,0,A,9,False,0,
25604,579,4,07:34,146,57,73,1772,Napoli Basketball,0,9355,1,Zac,Seljaas,Rimbalzo difensivo,,,,,34,32,1,D,9,False,0,578
25604,580,4,07:23,157,57,73,1762,Maxima Roma,1,9376,23,Federico,Bonaccini,Fallo commesso,100,personale,,,86,76,0,D,2,False,0,
25604,581,4,07:23,157,57,73,1772,Napoli Basketball,0,6142,11,John,Petrucelli,Fallo Subito,,,,,86,76,0,D,2,False,0,580
25604,582,4,07:23,157,57,73,1762,Maxima Roma,1,9391,4,Hunter,Tyson,Ingresso,,,,,,,,,,False,0,
25604,583,4,07:23,157,57,73,1762,Maxima Roma,1,774,100,John,Brown,Uscita,,,,,,,,,,False,0,582
25604,584,4,07:19,161,57,73,1772,Napoli Basketball,0,9355,1,Zac,Seljaas,3 punti sbagliato,1,Tiro in sospensione,,,84,95,1,A,8,False,0,
25604,585,4,07:19,161,57,73,1762,Maxima Roma,1,76,5,Mirza,Alibegovic,Rimbalzo difensivo,,,,,84,95,1,A,8,False,0,584
25604,586,4,07:06,174,60,73,1762,Maxima Roma,1,9376,23,Federico,Bonaccini,3 punti segnato,1,Tiro in sospensione,,,21,92,0,A,10,False,0,
25604,587,4,07:06,174,60,73,1762,Maxima Roma,1,76,5,Mirza,Alibegovic,Assist,,,,,21,92,0,A,10,False,0,586
25604,588,4,06:56,184,60,75,1772,Napoli Basketball,0,9356,3,Jeff,Dowtin,2 punti segnato,8,Da penetrazione,,,86,41,1,A,6,True,0,
25604,589,4,06:40,200,60,75,1762,Maxima Roma,1,5913,24,Carl,Wheatle,2 punti sbagliato,1,Tiro in sospensione,,,10,54,0,A,6,False,0,
25604,590,4,06:40,200,60,75,1772,Napoli Basketball,0,9356,3,Jeff,Dowtin,Rimbalzo difensivo,,,,,10,54,0,A,6,False,0,589
25604,591,4,06:25,215,60,75,1772,Napoli Basketball,0,9356,3,Jeff,Dowtin,3 punti sbagliato,1,Tiro in sospensione,1007,nessun rimbalzo,68,66,1,A,9,False,0,
25604,592,4,06:22,218,60,75,1762,Maxima Roma,1,9374,3,Aaron,Holiday,Ingresso,,,,,,,,,,False,0,
25604,593,4,06:22,218,60,75,1762,Maxima Roma,1,76,5,Mirza,Alibegovic,Uscita,,,,,,,,,,False,0,592
25604,594,4,06:09,231,62,75,1762,Maxima Roma,1,9391,4,Hunter,Tyson,2 punti segnato,2,Tiro in corsa,,,9,71,0,A,4,False,0,
25604,596,4,05:48,252,62,75,1772,Napoli Basketball,0,6142,11,John,Petrucelli,2 punti sbagliato,8,Da penetrazione,,,93,44,1,A,3,False,0,
25604,597,4,05:48,252,62,75,1762,Maxima Roma,1,9391,4,Hunter,Tyson,Rimbalzo difensivo,,,,,93,44,1,A,3,False,0,596
25604,598,4,05:42,258,64,75,1762,Maxima Roma,1,934,29,Gora,Camara,2 punti segnato,8,Da penetrazione,,,8,59,0,A,3,True,0,
25604,599,4,05:42,258,64,75,1762,Maxima Roma,1,9376,23,Federico,Bonaccini,Assist,,,,,8,59,0,A,3,False,0,598
25604,600,4,05:28,272,64,75,1762,Maxima Roma,1,9374,3,Aaron,Holiday,Fallo commesso,100,personale,,,73,35,0,D,7,False,0,
25604,601,4,05:28,272,64,75,1772,Napoli Basketball,0,6142,11,John,Petrucelli,Fallo Subito,,,,,73,35,0,D,7,False,0,600
25604,602,4,05:28,272,64,75,1772,Napoli Basketball,0,5299,0,Marco,Spissu,Ingresso,,,,,,,,,,False,0,
25604,603,4,05:28,272,64,75,1772,Napoli Basketball,0,6142,11,John,Petrucelli,Uscita,,,,,,,,,,False,0,602
25604,604,4,05:19,281,64,77,1772,Napoli Basketball,0,6186,30,Guglielmo,Caruso,2 punti segnato,7,Appoggio a canestro,,,95,49,1,A,3,True,0,
25604,605,4,05:19,281,64,77,1772,Napoli Basketball,0,5299,0,Marco,Spissu,Assist,,,,,95,49,1,A,3,False,0,604
25604,606,4,05:03,297,64,77,1762,Maxima Roma,1,9391,4,Hunter,Tyson,3 punti sbagliato,1,Tiro in sospensione,,,29,29,0,A,9,False,0,
25604,607,4,05:03,297,64,77,1772,Napoli Basketball,0,6186,30,Guglielmo,Caruso,Rimbalzo difensivo,,,,,29,29,0,A,9,False,0,606
25604,608,4,04:48,312,64,79,1772,Napoli Basketball,0,6186,30,Guglielmo,Caruso,2 punti segnato,8,Da penetrazione,,,93,48,1,A,3,True,0,
25604,609,4,04:48,312,64,79,1772,Napoli Basketball,0,5299,0,Marco,Spissu,Assist,,,,,93,48,1,A,3,False,0,608
25604,610,4,04:47,313,64,79,1762,Maxima Roma,1,,,,,Time Out,,,,,,,0,,,False,0,
25604,611,4,04:47,313,64,79,1762,Maxima Roma,1,536,2,Miro,Bilan,Ingresso,,,,,,,,,,False,0,
25604,612,4,04:47,313,64,79,1762,Maxima Roma,1,3185,11,Brynton,Lemar,Ingresso,,,,,,,,,,False,0,611
25604,613,4,04:47,313,64,79,1762,Maxima Roma,1,9376,23,Federico,Bonaccini,Uscita,,,,,,,,,,False,0,611
25604,614,4,04:47,313,64,79,1762,Maxima Roma,1,934,29,Gora,Camara,Uscita,,,,,,,,,,False,0,611
25604,615,4,04:47,313,64,79,1772,Napoli Basketball,0,9355,1,Zac,Seljaas,Uscita,,,,,,,,,,False,0,611
25604,616,4,04:47,313,64,79,1772,Napoli Basketball,0,9026,23,Andrej,Jakimovski,Ingresso,,,,,,,,,,False,0,611
25604,617,4,04:27,333,64,79,1762,Maxima Roma,1,9374,3,Aaron,Holiday,3 punti sbagliato,1,Tiro in sospensione,,,27,78,0,A,10,False,0,
25604,618,4,04:27,333,64,79,1772,Napoli Basketball,0,6605,22,Markel,Brown,Rimbalzo difensivo,,,,,27,78,0,A,10,False,0,617
25604,619,4,04:02,358,64,79,1772,Napoli Basketball,0,5299,0,Marco,Spissu,3 punti sbagliato,1,Tiro in sospensione,,,73,80,1,A,8,False,0,
25604,620,4,04:02,358,64,79,1762,Maxima Roma,1,9374,3,Aaron,Holiday,Rimbalzo difensivo,,,,,73,80,1,A,8,False,0,619
25604,621,4,03:54,366,64,79,1762,Maxima Roma,1,5913,24,Carl,Wheatle,Palla persa,51,Palleggio,,,27,77,0,A,10,False,0,
25604,622,4,03:54,366,64,79,1772,Napoli Basketball,0,6605,22,Markel,Brown,Palla recuperata,,,,,27,77,0,A,10,False,0,621
25604,623,4,03:48,372,64,81,1772,Napoli Basketball,0,6605,22,Markel,Brown,2 punti segnato,8,Da penetrazione,500,contropiede,95,52,1,A,3,True,0,
25604,624,4,03:26,394,64,81,1762,Maxima Roma,1,5913,24,Carl,Wheatle,2 punti sbagliato,3,Tiro in fadeaway,1007,nessun rimbalzo,24,43,0,A,7,False,0,
25604,625,4,03:21,399,64,81,1762,Maxima Roma,1,76,5,Mirza,Alibegovic,Ingresso,,,,,,,,,,False,0,
25604,626,4,03:21,399,64,81,1762,Maxima Roma,1,5913,24,Carl,Wheatle,Uscita,,,,,,,,,,False,0,625
25604,627,4,03:05,415,64,83,1772,Napoli Basketball,0,6186,30,Guglielmo,Caruso,2 punti segnato,8,Da penetrazione,,,95,49,1,A,3,True,0,
25604,628,4,03:05,415,64,83,1772,Napoli Basketball,0,6605,22,Markel,Brown,Assist,,,,,95,49,1,A,3,False,0,627
25604,629,4,02:52,428,67,83,1762,Maxima Roma,1,3185,11,Brynton,Lemar,3 punti segnato,1,Tiro in sospensione,,,4,99,0,A,5,False,0,
25604,630,4,02:52,428,67,83,1762,Maxima Roma,1,9374,3,Aaron,Holiday,Assist,,,,,4,99,0,A,5,False,0,629
25604,631,4,02:35,445,67,85,1772,Napoli Basketball,0,9026,23,Andrej,Jakimovski,2 punti segnato,8,Da penetrazione,,,93,57,1,A,3,True,0,
25604,632,4,02:35,445,67,85,1772,Napoli Basketball,0,9356,3,Jeff,Dowtin,Assist,,,,,93,57,1,A,3,False,0,631
25604,633,4,02:27,453,67,85,1772,Napoli Basketball,0,6605,22,Markel,Brown,Fallo commesso,100,personale,,,43,49,1,D,9,False,0,
25604,634,4,02:27,453,67,85,1762,Maxima Roma,1,9374,3,Aaron,Holiday,Fallo Subito,,,,,43,49,1,D,9,False,0,633
25604,635,4,02:27,453,67,85,1762,Maxima Roma,1,9391,4,Hunter,Tyson,Uscita,,,,,,,,,,False,0,
25604,636,4,02:27,453,67,85,1762,Maxima Roma,1,9377,32,Matt,Ryan,Ingresso,,,,,,,,,,False,0,635
25604,637,4,02:26,454,67,85,1772,Napoli Basketball,0,9357,14,Jack,White,Ingresso,,,,,,,,,,False,0,
25604,638,4,02:26,454,67,85,1772,Napoli Basketball,0,6186,30,Guglielmo,Caruso,Uscita,,,,,,,,,,False,0,637
25604,639,4,02:26,454,67,85,1772,Napoli Basketball,0,9357,14,Jack,White,Fallo commesso,100,personale,,,44,48,1,D,9,False,0,
25604,640,4,02:26,454,67,85,1762,Maxima Roma,1,536,2,Miro,Bilan,Fallo Subito,,,,,44,48,1,D,9,False,0,639
25604,641,4,02:26,454,67,85,1762,Maxima Roma,1,3185,11,Brynton,Lemar,2 punti sbagliato,1,Tiro in sospensione,,,10,60,0,A,6,False,0,
25604,642,4,02:26,454,67,85,1772,Napoli Basketball,0,9026,23,Andrej,Jakimovski,Rimbalzo difensivo,,,,,10,60,1,D,6,False,0,641
25604,643,4,02:24,456,67,85,1762,Maxima Roma,1,3185,11,Brynton,Lemar,Fallo commesso,100,personale,,,84,84,0,D,2,False,0,
25604,644,4,02:24,456,67,85,1772,Napoli Basketball,0,9026,23,Andrej,Jakimovski,Fallo Subito,,,,,84,84,0,D,2,False,0,643
25604,645,4,02:11,469,67,88,1772,Napoli Basketball,0,9026,23,Andrej,Jakimovski,3 punti segnato,1,Tiro in sospensione,,,72,21,1,A,10,False,0,
25604,646,4,02:11,469,67,88,1772,Napoli Basketball,0,5299,0,Marco,Spissu,Assist,,,,,72,21,1,A,10,False,0,645
25604,647,4,01:56,484,67,88,1762,Maxima Roma,1,76,5,Mirza,Alibegovic,2 punti sbagliato,6,Arresto e tiro,,,10,51,0,A,6,False,0,
25604,648,4,01:56,484,67,88,1762,Maxima Roma,1,536,2,Miro,Bilan,Rimbalzo offensivo,,,,,10,51,0,A,6,False,0,647
25604,649,4,01:56,484,67,88,1772,Napoli Basketball,0,9357,14,Jack,White,Fallo commesso,103,tiro,,,5,54,1,D,3,False,0,
25604,650,4,01:56,484,67,88,1762,Maxima Roma,1,536,2,Miro,Bilan,Fallo Subito,,,,,5,54,1,D,3,False,0,649
25604,651,4,01:56,484,68,88,1762,Maxima Roma,1,536,2,Miro,Bilan,Tiro libero segnato,,,,,,,,A,7,False,0,
25604,652,4,01:56,484,69,88,1762,Maxima Roma,1,536,2,Miro,Bilan,Tiro libero segnato,,,,,,,,A,7,False,0,651
25604,653,4,01:45,495,69,88,1772,Napoli Basketball,0,9357,14,Jack,White,Palla persa,51,Palleggio,,,90,54,1,A,6,False,0,
25604,654,4,01:22,518,69,88,1762,Maxima Roma,1,536,2,Miro,Bilan,2 punti sbagliato,7,Appoggio a canestro,1003,tip-in appoggio canestro made,5,55,0,A,3,False,0,
25604,655,4,01:22,518,69,88,1762,Maxima Roma,1,536,2,Miro,Bilan,Rimbalzo offensivo,,,,,5,55,0,A,3,False,0,654
25604,656,4,01:22,518,71,88,1762,Maxima Roma,1,536,2,Miro,Bilan,2 punti segnato,7,Appoggio a canestro,,,5,55,0,A,3,True,0,
25604,657,4,01:00,540,71,91,1772,Napoli Basketball,0,9357,14,Jack,White,3 punti segnato,1,Tiro in sospensione,,,76,18,1,A,10,False,0,
25604,658,4,01:00,540,71,91,1772,Napoli Basketball,0,9356,3,Jeff,Dowtin,Assist,,,,,76,18,1,A,10,False,0,657
25604,659,4,00:51,549,71,91,1772,Napoli Basketball,0,9356,3,Jeff,Dowtin,Fallo commesso,100,personale,,,24,31,1,D,7,False,0,
25604,660,4,00:51,549,71,91,1762,Maxima Roma,1,3185,11,Brynton,Lemar,Fallo Subito,,,,,24,31,1,D,7,False,0,659
25604,661,4,00:51,549,72,91,1762,Maxima Roma,1,3185,11,Brynton,Lemar,Tiro libero segnato,,,,,,,,A,7,False,0,
25604,662,4,00:51,549,73,91,1762,Maxima Roma,1,3185,11,Brynton,Lemar,Tiro libero segnato,,,,,,,,A,7,False,0,661
25604,663,4,00:30,570,73,91,1772,Napoli Basketball,0,6605,22,Markel,Brown,3 punti sbagliato,1,Tiro in sospensione,,,95,99,1,A,1,False,0,
25604,664,4,00:30,570,73,91,1772,Napoli Basketball,0,9357,14,Jack,White,Rimbalzo offensivo,,,,,95,99,1,A,1,False,0,663
25604,665,4,00:20,580,73,94,1772,Napoli Basketball,0,6605,22,Markel,Brown,3 punti segnato,1,Tiro in sospensione,,,75,80,1,A,8,False,0,
25604,667,4,00:07,593,75,94,1762,Maxima Roma,1,536,2,Miro,Bilan,2 punti segnato,7,Appoggio a canestro,,,6,53,0,A,3,True,0,
25604,668,4,00:07,593,75,94,1762,Maxima Roma,1,3185,11,Brynton,Lemar,Assist,,,,,6,53,0,A,3,False,0,667
25604,669,4,00:00,600,75,94,,,,,,,,Fine Tempo,,,,,,,,,,False,0,
25605,103,1,10:00,0,0,0,,,,,,,,Inizio Tempo,,,,,,,,,,False,0,
25605,104,1,10:00,0,0,0,1763,Dolomiti Energia Trentino,0,7449,21,Selom,Mawugbe,Palla contesa,,,,,,,1,,,False,0,
25605,105,1,09:47,13,0,0,1763,Dolomiti Energia Trentino,0,7449,21,Selom,Mawugbe,2 punti sbagliato,1,Tiro in sospensione,,,8,73,0,A,4,False,0,
25605,106,1,09:47,13,0,0,1760,UNA Hotels Reggio Emilia,1,7034,34,Derek,Ogbeide,Rimbalzo difensivo,,,,,8,73,0,A,4,False,0,105
25605,107,1,09:30,30,3,0,1760,UNA Hotels Reggio Emilia,1,5125,20,Luca,Severini,3 punti segnato,1,Tiro in sospensione,,,94,97,1,A,1,False,0,
25605,108,1,09:30,30,3,0,1760,UNA Hotels Reggio Emilia,1,7034,34,Derek,Ogbeide,Assist,,,,,94,97,1,A,1,False,0,107
25605,109,1,09:18,42,3,3,1763,Dolomiti Energia Trentino,0,378,26,Jordan,Bayehe,3 punti segnato,1,Tiro in sospensione,,,5,98,0,A,5,False,0,
25605,110,1,09:18,42,3,3,1763,Dolomiti Energia Trentino,0,9329,4,Charles,Brown,Assist,,,,,5,98,0,A,5,False,0,109
25605,111,1,09:08,52,3,3,1760,UNA Hotels Reggio Emilia,1,5125,20,Luca,Severini,3 punti sbagliato,1,Tiro in sospensione,,,69,70,1,A,9,False,0,
25605,112,1,09:08,52,3,3,1763,Dolomiti Energia Trentino,0,9328,8,Quincy,Olivari,Rimbalzo difensivo,,,,,69,70,1,A,9,False,0,111
25605,113,1,08:59,61,3,5,1763,Dolomiti Energia Trentino,0,378,26,Jordan,Bayehe,2 punti segnato,1,Tiro in sospensione,,,6,58,0,A,3,True,0,
25605,114,1,08:59,61,3,5,1763,Dolomiti Energia Trentino,0,9329,4,Charles,Brown,Assist,,,,,6,58,0,A,3,False,0,113
25605,115,1,08:42,78,3,5,1760,UNA Hotels Reggio Emilia,1,9353,44,Speedy,Smith,3 punti sbagliato,1,Tiro in sospensione,,,67,55,1,A,9,False,0,
25605,116,1,08:42,78,3,5,1763,Dolomiti Energia Trentino,0,9328,8,Quincy,Olivari,Rimbalzo difensivo,,,,,67,55,1,A,9,False,0,115
25605,117,1,08:33,87,3,5,1760,UNA Hotels Reggio Emilia,1,314,0,Jaylen,Barford,Fallo commesso,103,tiro,,,8,38,1,D,2,False,0,
25605,118,1,08:33,87,3,5,1763,Dolomiti Energia Trentino,0,9328,8,Quincy,Olivari,Fallo Subito,,,,,8,38,1,D,2,False,0,117
25605,119,1,08:33,87,3,6,1763,Dolomiti Energia Trentino,0,9328,8,Quincy,Olivari,Tiro libero segnato,500,contropiede,,,,,,A,7,False,0,
25605,120,1,08:33,87,3,7,1763,Dolomiti Energia Trentino,0,9328,8,Quincy,Olivari,Tiro libero segnato,500,contropiede,,,,,,A,7,False,0,119
25605,121,1,08:15,105,5,7,1760,UNA Hotels Reggio Emilia,1,314,0,Jaylen,Barford,2 punti segnato,1,Tiro in sospensione,,,82,27,1,A,4,False,0,
25605,122,1,08:04,116,5,7,1763,Dolomiti Energia Trentino,0,7449,21,Selom,Mawugbe,Palla persa,51,Palleggio,,,14,53,0,A,6,False,0,
25605,123,1,07:46,134,5,7,1760,UNA Hotels Reggio Emilia,1,314,0,Jaylen,Barford,2 punti sbagliato,1,Tiro in sospensione,,,90,77,1,A,2,False,0,
25605,124,1,07:46,134,5,7,1760,UNA Hotels Reggio Emilia,1,,,,,Rimbalzi offensivi di squadra,,,,,90,77,1,A,2,False,0,123
25605,125,1,07:38,142,8,7,1760,UNA Hotels Reggio Emilia,1,5823,9,Riccardo,Visconti,3 punti segnato,1,Tiro in sospensione,,,71,77,1,A,8,False,0,
25605,126,1,07:38,142,8,7,1760,UNA Hotels Reggio Emilia,1,5125,20,Luca,Severini,Assist,,,,,71,77,1,A,8,False,0,125
25605,127,1,07:25,155,8,7,1763,Dolomiti Energia Trentino,0,9330,0,Darius,Brown,2 punti sbagliato,1,Tiro in sospensione,,,7,69,0,A,4,False,0,
25605,128,1,07:25,155,8,7,1760,UNA Hotels Reggio Emilia,1,7034,34,Derek,Ogbeide,Rimbalzo difensivo,,,,,7,69,0,A,4,False,0,127
25605,129,1,07:17,163,8,7,1760,UNA Hotels Reggio Emilia,1,,,,,Palle perse di squadra,601,8 Secondi,,,62,51,1,A,9,False,0,
25605,130,1,07:12,168,8,7,1760,UNA Hotels Reggio Emilia,1,7034,34,Derek,Ogbeide,Fallo commesso,103,tiro,,,10,53,1,D,6,False,0,
25605,131,1,07:12,168,8,7,1763,Dolomiti Energia Trentino,0,7449,21,Selom,Mawugbe,Fallo Subito,,,,,10,53,1,D,6,False,0,130
25605,132,1,07:12,168,8,8,1763,Dolomiti Energia Trentino,0,7449,21,Selom,Mawugbe,Tiro libero segnato,,,,,,,,A,7,False,0,
25605,133,1,07:12,168,8,9,1763,Dolomiti Energia Trentino,0,7449,21,Selom,Mawugbe,Tiro libero segnato,,,,,,,,A,7,False,0,132
25605,134,1,06:55,185,8,9,1760,UNA Hotels Reggio Emilia,1,314,0,Jaylen,Barford,3 punti sbagliato,1,Tiro in sospensione,,,75,13,1,A,10,False,0,
25605,135,1,06:55,185,8,9,1763,Dolomiti Energia Trentino,0,9329,4,Charles,Brown,Rimbalzo difensivo,,,,,75,13,1,A,10,False,0,134
25605,136,1,06:49,191,8,11,1763,Dolomiti Energia Trentino,0,378,26,Jordan,Bayehe,2 punti segnato,9,Schiacciata,500,contropiede,7,49,0,A,3,True,1,
25605,137,1,06:49,191,8,11,1763,Dolomiti Energia Trentino,0,9329,4,Charles,Brown,Assist,,,,,7,49,0,A,3,False,0,136
25605,138,1,06:24,216,8,11,1760,UNA Hotels Reggio Emilia,1,5823,9,Riccardo,Visconti,2 punti sbagliato,1,Tiro in sospensione,,,85,76,1,A,2,False,0,
25605,139,1,06:24,216,8,11,1763,Dolomiti Energia Trentino,0,9329,4,Charles,Brown,Rimbalzo difensivo,,,,,85,76,1,A,2,False,0,138
25605,140,1,06:14,226,8,11,1763,Dolomiti Energia Trentino,0,378,26,Jordan,Bayehe,2 punti sbagliato,1,Tiro in sospensione,,,16,53,0,A,6,False,0,
25605,141,1,06:14,226,8,11,1760,UNA Hotels Reggio Emilia,1,314,0,Jaylen,Barford,Rimbalzo difensivo,,,,,16,53,0,A,6,False,0,140
25605,142,1,06:10,230,8,11,1763,Dolomiti Energia Trentino,0,9330,0,Darius,Brown,Fallo commesso,100,personale,,,67,84,0,D,8,False,0,
25605,143,1,06:10,230,8,11,1760,UNA Hotels Reggio Emilia,1,314,0,Jaylen,Barford,Fallo Subito,,,,,67,84,0,D,8,False,0,142
25605,144,1,06:10,230,8,11,1760,UNA Hotels Reggio Emilia,1,9352,2,Rob,Edwards,Ingresso,,,,,,,,,,False,0,
25605,145,1,06:10,230,8,11,1760,UNA Hotels Reggio Emilia,1,5823,9,Riccardo,Visconti,Uscita,,,,,,,,,,False,0,144
25605,146,1,06:10,230,8,11,1763,Dolomiti Energia Trentino,0,9330,0,Darius,Brown,Uscita,,,,,,,,,,False,0,144
25605,147,1,06:10,230,8,11,1763,Dolomiti Energia Trentino,0,7279,7,Cheickh,Niang,Ingresso,,,,,,,,,,False,0,144
25605,148,1,06:10,230,8,11,1763,Dolomiti Energia Trentino,0,9327,24,Isaiah,Bigelow,Ingresso,,,,,,,,,,False,0,144
25605,149,1,06:10,230,8,11,1763,Dolomiti Energia Trentino,0,378,26,Jordan,Bayehe,Uscita,,,,,,,,,,False,0,144
25605,150,1,05:59,241,8,11,1760,UNA Hotels Reggio Emilia,1,5125,20,Luca,Severini,2 punti sbagliato,1,Tiro in sospensione,,,82,60,1,A,6,False,0,
25605,151,1,05:59,241,8,11,1763,Dolomiti Energia Trentino,0,7279,7,Cheickh,Niang,Rimbalzo difensivo,,,,,82,60,1,A,6,False,0,150
25605,152,1,05:46,254,8,14,1763,Dolomiti Energia Trentino,0,9328,8,Quincy,Olivari,3 punti segnato,1,Tiro in sospensione,,,27,18,0,A,8,False,0,
25605,153,1,05:44,256,8,14,1760,UNA Hotels Reggio Emilia,1,,,,,Time Out,,,,,,,1,,,False,0,
25605,154,1,05:44,256,8,14,1760,UNA Hotels Reggio Emilia,1,6640,6,Riccardo,Rossato,Ingresso,,,,,,,,,,False,0,
25605,155,1,05:44,256,8,14,1760,UNA Hotels Reggio Emilia,1,9353,44,Speedy,Smith,Uscita,,,,,,,,,,False,0,154
25605,156,1,05:32,268,10,14,1760,UNA Hotels Reggio Emilia,1,7034,34,Derek,Ogbeide,2 punti segnato,9,Schiacciata,,,93,56,1,A,3,True,1,
25605,157,1,05:32,268,10,14,1760,UNA Hotels Reggio Emilia,1,9352,2,Rob,Edwards,Assist,,,,,93,56,1,A,3,False,0,156
25605,158,1,05:20,280,10,14,1763,Dolomiti Energia Trentino,0,9328,8,Quincy,Olivari,Palla persa,53,Passi,,,31,13,0,A,8,False,0,
25605,161,1,05:14,286,10,14,1760,UNA Hotels Reggio Emilia,1,7034,34,Derek,Ogbeide,Fallo commesso,106,offensivo,,,87,68,1,A,2,False,0,
25605,162,1,05:14,286,10,14,1760,UNA Hotels Reggio Emilia,1,7034,34,Derek,Ogbeide,Palla persa,,,,,87,68,1,A,2,False,0,161
25605,163,1,05:14,286,10,14,1763,Dolomiti Energia Trentino,0,9329,4,Charles,Brown,Fallo Subito,,,,,87,68,1,A,2,False,0,161
25605,164,1,05:14,286,10,14,1760,UNA Hotels Reggio Emilia,1,9139,4,JT,Thor,Ingresso,,,,,,,,,,False,0,
25605,165,1,05:14,286,10,14,1760,UNA Hotels Reggio Emilia,1,5125,20,Luca,Severini,Uscita,,,,,,,,,,False,0,164
25605,166,1,05:14,286,10,14,1760,UNA Hotels Reggio Emilia,1,9036,26,Jaime,Echenique,Ingresso,,,,,,,,,,False,0,164
25605,167,1,05:14,286,10,14,1760,UNA Hotels Reggio Emilia,1,7034,34,Derek,Ogbeide,Uscita,,,,,,,,,,False,0,164
25605,168,1,05:07,293,10,14,1760,UNA Hotels Reggio Emilia,1,9036,26,Jaime,Echenique,Fallo commesso,103,tiro,,,9,53,1,D,3,False,0,
25605,169,1,05:07,293,10,14,1763,Dolomiti Energia Trentino,0,9327,24,Isaiah,Bigelow,Fallo Subito,,,,,9,53,1,D,3,False,0,168
25605,170,1,05:07,293,10,14,1763,Dolomiti Energia Trentino,0,9327,24,Isaiah,Bigelow,Tiro libero sbagliato,,,,,,,,A,7,False,0,
25605,171,1,05:07,293,10,15,1763,Dolomiti Energia Trentino,0,9327,24,Isaiah,Bigelow,Tiro libero segnato,,,,,,,,A,7,False,0,170
25605,172,1,05:07,293,10,15,1763,Dolomiti Energia Trentino,0,9328,8,Quincy,Olivari,Assist,,,,,,,,,,False,0,170
25605,173,1,04:55,305,10,15,1763,Dolomiti Energia Trentino,0,9329,4,Charles,Brown,Fallo commesso,100,personale,,,76,72,0,D,7,False,0,
25605,174,1,04:55,305,10,15,1760,UNA Hotels Reggio Emilia,1,6640,6,Riccardo,Rossato,Fallo Subito,,,,,76,72,0,D,7,False,0,173
25605,175,1,04:48,312,10,15,1760,UNA Hotels Reggio Emilia,1,9036,26,Jaime,Echenique,Palla persa,51,Palleggio,,,93,61,1,A,3,False,0,
25605,177,1,04:48,312,10,15,1763,Dolomiti Energia Trentino,0,7449,21,Selom,Mawugbe,Palla recuperata,,,,,93,61,0,D,3,False,0,175
25605,178,1,04:39,321,10,15,1763,Dolomiti Energia Trentino,0,9329,4,Charles,Brown,Palla persa,53,Passi,,,9,58,0,A,3,False,0,
25605,179,1,04:22,338,10,15,1760,UNA Hotels Reggio Emilia,1,314,0,Jaylen,Barford,3 punti sbagliato,1,Tiro in sospensione,,,76,90,1,A,8,False,0,
25605,180,1,04:22,338,10,15,1763,Dolomiti Energia Trentino,0,9327,24,Isaiah,Bigelow,Rimbalzo difensivo,,,,,76,90,1,A,8,False,0,179
25605,181,1,04:10,350,10,15,1763,Dolomiti Energia Trentino,0,9328,8,Quincy,Olivari,3 punti sbagliato,1,Tiro in sospensione,,,26,16,0,A,8,False,0,
25605,182,1,04:10,350,10,15,1760,UNA Hotels Reggio Emilia,1,314,0,Jaylen,Barford,Rimbalzo difensivo,,,,,26,16,0,A,8,False,0,181
25605,183,1,04:01,359,10,15,1760,UNA Hotels Reggio Emilia,1,6640,6,Riccardo,Rossato,2 punti sbagliato,1,Tiro in sospensione,,,86,63,1,A,2,False,0,
25605,184,1,04:01,359,10,15,1763,Dolomiti Energia Trentino,0,9327,24,Isaiah,Bigelow,Rimbalzo difensivo,,,,,86,63,1,A,2,False,0,183
25605,185,1,03:53,367,10,15,1760,UNA Hotels Reggio Emilia,1,314,0,Jaylen,Barford,Uscita,,,,,,,,,,False,0,
25605,186,1,03:53,367,10,15,1760,UNA Hotels Reggio Emilia,1,9353,44,Speedy,Smith,Ingresso,,,,,,,,,,False,0,185
25605,187,1,03:53,367,10,15,1763,Dolomiti Energia Trentino,0,9330,0,Darius,Brown,Ingresso,,,,,,,,,,False,0,185
25605,188,1,03:53,367,10,15,1763,Dolomiti Energia Trentino,0,9329,4,Charles,Brown,Uscita,,,,,,,,,,False,0,185
25605,189,1,03:53,367,10,15,1763,Dolomiti Energia Trentino,0,439,5,Alessandro,Bertini,Ingresso,,,,,,,,,,False,0,185
25605,190,1,03:53,367,10,15,1763,Dolomiti Energia Trentino,0,9328,8,Quincy,Olivari,Uscita,,,,,,,,,,False,0,185
25605,191,1,03:53,367,10,15,1763,Dolomiti Energia Trentino,0,7449,21,Selom,Mawugbe,Uscita,,,,,,,,,,False,0,185
25605,192,1,03:53,367,10,15,1763,Dolomiti Energia Trentino,0,378,26,Jordan,Bayehe,Ingresso,,,,,,,,,,False,0,185
25605,193,1,03:51,369,10,15,1760,UNA Hotels Reggio Emilia,1,6640,6,Riccardo,Rossato,Fallo commesso,100,personale,,,20,33,1,D,2,False,0,
25605,194,1,03:51,369,10,15,1763,Dolomiti Energia Trentino,0,9330,0,Darius,Brown,Fallo Subito,,,,,20,33,1,D,2,False,0,193
25605,195,1,03:51,369,10,16,1763,Dolomiti Energia Trentino,0,9330,0,Darius,Brown,Tiro libero segnato,,,,,,,,A,7,False,0,
25605,196,1,03:51,369,10,17,1763,Dolomiti Energia Trentino,0,9330,0,Darius,Brown,Tiro libero segnato,,,,,,,,A,7,False,0,195
25605,197,1,03:26,394,10,17,1760,UNA Hotels Reggio Emilia,1,9353,44,Speedy,Smith,3 punti sbagliato,1,Tiro in sospensione,,,70,27,1,A,9,False,0,
25605,198,1,03:26,394,10,17,1760,UNA Hotels Reggio Emilia,1,6640,6,Riccardo,Rossato,Rimbalzo offensivo,,,,,70,27,1,A,9,False,0,197
25605,199,1,03:21,399,10,17,1760,UNA Hotels Reggio Emilia,1,6640,6,Riccardo,Rossato,2 punti sbagliato,1,Tiro in sospensione,1003,tip-in appoggio canestro made,93,47,1,A,3,False,0,
25605,200,1,03:21,399,10,17,1760,UNA Hotels Reggio Emilia,1,9036,26,Jaime,Echenique,Rimbalzo offensivo,,,,,93,47,1,A,3,False,0,199
25605,201,1,03:21,399,12,17,1760,UNA Hotels Reggio Emilia,1,9036,26,Jaime,Echenique,2 punti segnato,7,Appoggio a canestro,,,93,47,1,A,3,True,0,
25605,202,1,03:14,406,12,17,1760,UNA Hotels Reggio Emilia,1,9036,26,Jaime,Echenique,Fallo commesso,100,personale,,,13,33,1,D,2,False,0,
25605,203,1,03:14,406,12,17,1763,Dolomiti Energia Trentino,0,378,26,Jordan,Bayehe,Fallo Subito,,,,,13,33,1,D,2,False,0,202
25605,204,1,03:14,406,12,18,1763,Dolomiti Energia Trentino,0,378,26,Jordan,Bayehe,Tiro libero segnato,,,,,,,,A,7,False,0,
25605,205,1,03:14,406,12,19,1763,Dolomiti Energia Trentino,0,378,26,Jordan,Bayehe,Tiro libero segnato,,,,,,,,A,7,False,0,204
25605,206,1,03:08,412,12,19,1763,Dolomiti Energia Trentino,0,7279,7,Cheickh,Niang,Fallo commesso,100,personale,,,54,23,0,D,10,False,0,
25605,207,1,03:08,412,12,19,1760,UNA Hotels Reggio Emilia,1,9353,44,Speedy,Smith,Fallo Subito,,,,,54,23,0,D,10,False,0,206
25605,208,1,03:08,412,12,19,1763,Dolomiti Energia Trentino,0,7279,7,Cheickh,Niang,Uscita,,,,,,,,,,False,0,
25605,209,1,03:08,412,12,19,1763,Dolomiti Energia Trentino,0,2148,10,Toto,Forray,Ingresso,,,,,,,,,,False,0,208
25605,210,1,03:01,419,14,19,1760,UNA Hotels Reggio Emilia,1,9352,2,Rob,Edwards,2 punti segnato,7,Appoggio a canestro,,,93,56,1,A,3,True,0,
25605,211,1,02:47,433,14,19,1763,Dolomiti Energia Trentino,0,9327,24,Isaiah,Bigelow,2 punti sbagliato,1,Tiro in sospensione,1005,stoppata,8,46,0,A,3,False,0,
25605,212,1,02:47,433,14,19,1760,UNA Hotels Reggio Emilia,1,9139,4,JT,Thor,Stoppata,,,,,8,46,0,A,3,False,0,211
25605,213,1,02:47,433,14,19,1763,Dolomiti Energia Trentino,0,9327,24,Isaiah,Bigelow,Stoppata subita,,,,,8,46,0,A,3,False,0,211
25605,214,1,02:47,433,14,19,1763,Dolomiti Energia Trentino,0,,,,,Rimbalzi offensivi di squadra,,,,,8,46,0,A,3,False,0,211
25605,215,1,02:37,443,14,22,1763,Dolomiti Energia Trentino,0,9327,24,Isaiah,Bigelow,3 punti segnato,1,Tiro in sospensione,,,29,78,0,A,10,False,0,
25605,216,1,02:37,443,14,22,1763,Dolomiti Energia Trentino,0,2148,10,Toto,Forray,Assist,,,,,29,78,0,A,10,False,0,215
25605,217,1,02:18,462,14,22,1760,UNA Hotels Reggio Emilia,1,9353,44,Speedy,Smith,Fallo commesso,106,offensivo,,,81,8,1,A,10,False,0,
25605,218,1,02:18,462,14,22,1760,UNA Hotels Reggio Emilia,1,9353,44,Speedy,Smith,Palla persa,,,,,81,8,1,A,10,False,0,217
25605,219,1,02:18,462,14,22,1763,Dolomiti Energia Trentino,0,439,5,Alessandro,Bertini,Fallo Subito,,,,,81,8,1,A,10,False,0,217
25605,220,1,01:55,485,14,22,1760,UNA Hotels Reggio Emilia,1,9353,44,Speedy,Smith,Fallo commesso,100,personale,,,10,25,1,D,2,False,0,
25605,221,1,01:55,485,14,22,1763,Dolomiti Energia Trentino,0,9327,24,Isaiah,Bigelow,Fallo Subito,,,,,10,25,1,D,2,False,0,220
25605,222,1,01:55,485,14,23,1763,Dolomiti Energia Trentino,0,9327,24,Isaiah,Bigelow,Tiro libero segnato,,,,,,,,A,7,False,0,
25605,223,1,01:55,485,14,24,1763,Dolomiti Energia Trentino,0,9327,24,Isaiah,Bigelow,Tiro libero segnato,,,,,,,,A,7,False,0,222
25605,224,1,01:43,497,14,24,1760,UNA Hotels Reggio Emilia,1,6640,6,Riccardo,Rossato,Palla persa,51,Palleggio,,,72,22,1,A,10,False,0,
25605,225,1,01:43,497,14,24,1763,Dolomiti Energia Trentino,0,2148,10,Toto,Forray,Palla recuperata,,,,,72,22,1,A,10,False,0,224
25605,226,1,01:38,502,14,24,1763,Dolomiti Energia Trentino,0,9330,0,Darius,Brown,3 punti sbagliato,1,Tiro in sospensione,,,13,4,0,A,8,False,0,
25605,227,1,01:38,502,14,24,1763,Dolomiti Energia Trentino,0,378,26,Jordan,Bayehe,Rimbalzo offensivo,,,,,13,4,0,A,8,False,0,226
25605,228,1,01:32,508,14,24,1763,Dolomiti Energia Trentino,0,9330,0,Darius,Brown,Fallo commesso,106,offensivo,,,11,43,0,A,6,False,0,
25605,229,1,01:32,508,14,24,1763,Dolomiti Energia Trentino,0,9330,0,Darius,Brown,Palla persa,,,,,11,43,0,A,6,False,0,228
25605,230,1,01:32,508,14,24,1760,UNA Hotels Reggio Emilia,1,9036,26,Jaime,Echenique,Fallo Subito,,,,,11,43,0,A,6,False,0,228
25605,231,1,01:32,508,14,24,1760,UNA Hotels Reggio Emilia,1,5125,20,Luca,Severini,Ingresso,,,,,,,,,,False,0,
25605,232,1,01:32,508,14,24,1760,UNA Hotels Reggio Emilia,1,9036,26,Jaime,Echenique,Uscita,,,,,,,,,,False,0,231
25605,233,1,01:32,508,14,24,1763,Dolomiti Energia Trentino,0,9330,0,Darius,Brown,Uscita,,,,,,,,,,False,0,231
25605,234,1,01:32,508,14,24,1763,Dolomiti Energia Trentino,0,9328,8,Quincy,Olivari,Ingresso,,,,,,,,,,False,0,231
25605,235,1,01:32,508,14,24,1763,Dolomiti Energia Trentino,0,9327,24,Isaiah,Bigelow,Uscita,,,,,,,,,,False,0,231
25605,236,1,01:32,508,14,24,1763,Dolomiti Energia Trentino,0,9170,30,Josè Alfred,Medina Bouza,Ingresso,,,,,,,,,,False,0,231
25605,237,1,01:27,513,14,24,1763,Dolomiti Energia Trentino,0,9328,8,Quincy,Olivari,Fallo commesso,100,personale,,,90,21,0,D,4,False,0,
25605,238,1,01:27,513,14,24,1760,UNA Hotels Reggio Emilia,1,9353,44,Speedy,Smith,Fallo Subito,,,,,90,21,0,D,4,False,0,237
25605,239,1,01:27,513,15,24,1760,UNA Hotels Reggio Emilia,1,9353,44,Speedy,Smith,Tiro libero segnato,,,,,,,,A,7,False,0,
25605,240,1,01:27,513,16,24,1760,UNA Hotels Reggio Emilia,1,9353,44,Speedy,Smith,Tiro libero segnato,,,,,,,,A,7,False,0,239
25605,241,1,01:27,513,16,24,1760,UNA Hotels Reggio Emilia,1,5663,16,Lorenzo,Uglietti,Ingresso,,,,,,,,,,False,0,
25605,242,1,01:27,513,16,24,1760,UNA Hotels Reggio Emilia,1,9353,44,Speedy,Smith,Uscita,,,,,,,,,,False,0,241
25605,243,1,01:07,533,16,24,1763,Dolomiti Energia Trentino,0,2148,10,Toto,Forray,Palla persa,50,Passaggio sbagliato,,,12,93,0,A,4,False,0,
25605,244,1,01:07,533,16,24,1760,UNA Hotels Reggio Emilia,1,5663,16,Lorenzo,Uglietti,Palla recuperata,,,,,12,93,0,A,4,False,0,243
25605,245,1,00:57,543,16,24,1760,UNA Hotels Reggio Emilia,1,6640,6,Riccardo,Rossato,3 punti sbagliato,1,Tiro in sospensione,,,68,37,1,A,9,False,0,
25605,246,1,00:57,543,16,24,1760,UNA Hotels Reggio Emilia,1,,,,,Rimbalzi offensivi di squadra,,,,,68,37,1,A,9,False,0,245
25605,247,1,00:48,552,18,24,1760,UNA Hotels Reggio Emilia,1,5125,20,Luca,Severini,2 punti segnato,1,Tiro in sospensione,,,94,53,1,A,3,True,0,
25605,248,1,00:48,552,18,24,1760,UNA Hotels Reggio Emilia,1,6640,6,Riccardo,Rossato,Assist,,,,,94,53,1,A,3,False,0,247
25605,249,1,00:31,569,18,26,1763,Dolomiti Energia Trentino,0,9328,8,Quincy,Olivari,2 punti segnato,1,Tiro in sospensione,,,6,59,0,A,3,True,0,
25605,250,1,00:07,593,18,26,1760,UNA Hotels Reggio Emilia,1,9352,2,Rob,Edwards,2 punti sbagliato,1,Tiro in sospensione,,,84,28,1,A,4,False,0,
25605,251,1,00:07,593,18,26,1763,Dolomiti Energia Trentino,0,9328,8,Quincy,Olivari,Rimbalzo difensivo,,,,,84,28,1,A,4,False,0,250
25605,252,1,00:02,598,18,26,1763,Dolomiti Energia Trentino,0,9328,8,Quincy,Olivari,3 punti sbagliato,1,Tiro in sospensione,1007,nessun rimbalzo,32,74,0,A,9,False,0,
25605,253,1,00:00,600,18,26,,,,,,,,Fine Tempo,,,,,,,,,,False,0,
25605,254,2,10:00,0,18,26,1763,Dolomiti Energia Trentino,0,7449,21,Selom,Mawugbe,Ingresso,,,,,,,,,,False,0,
25605,255,2,10:00,0,18,26,1763,Dolomiti Energia Trentino,0,378,26,Jordan,Bayehe,Uscita,,,,,,,,,,False,0,254
25605,256,2,10:00,0,18,26,,,,,,,,Inizio Tempo,,,,,,,,,,False,0,
25605,257,2,09:53,7,20,26,1760,UNA Hotels Reggio Emilia,1,5663,16,Lorenzo,Uglietti,2 punti segnato,1,Tiro in sospensione,,,93,45,1,A,3,True,0,
25605,258,2,09:31,29,20,26,1763,Dolomiti Energia Trentino,0,9170,30,Josè Alfred,Medina Bouza,3 punti sbagliato,1,Tiro in sospensione,,,29,76,0,A,10,False,0,
25605,259,2,09:31,29,20,26,1760,UNA Hotels Reggio Emilia,1,5663,16,Lorenzo,Uglietti,Rimbalzo difensivo,,,,,29,76,0,A,10,False,0,258
25605,260,2,09:28,32,20,26,1760,UNA Hotels Reggio Emilia,1,9352,2,Rob,Edwards,Palla persa,54,Fuori dal campo,,,75,91,1,A,8,False,0,
25605,261,2,09:28,32,20,26,1763,Dolomiti Energia Trentino,0,7279,7,Cheickh,Niang,Ingresso,,,,,,,,,,False,0,
25605,262,2,09:28,32,20,26,1763,Dolomiti Energia Trentino,0,2148,10,Toto,Forray,Uscita,,,,,,,,,,False,0,261
25605,263,2,09:23,37,20,28,1763,Dolomiti Energia Trentino,0,9328,8,Quincy,Olivari,2 punti segnato,7,Appoggio a canestro,,,7,42,0,A,3,True,0,
25605,264,2,08:56,64,20,28,1760,UNA Hotels Reggio Emilia,1,6640,6,Riccardo,Rossato,3 punti sbagliato,1,Tiro in sospensione,,,65,45,1,A,9,False,0,
25605,265,2,08:56,64,20,28,1763,Dolomiti Energia Trentino,0,,,,,Rimbalzi difensivi di squadra,,,,,65,45,1,A,9,False,0,264
25605,266,2,08:53,67,20,28,1763,Dolomiti Energia Trentino,0,9328,8,Quincy,Olivari,Palla persa,53,Passi,,,13,64,0,A,4,False,0,
25605,267,2,08:41,79,20,28,1763,Dolomiti Energia Trentino,0,439,5,Alessandro,Bertini,Fallo commesso,103,tiro,,,92,27,0,D,4,False,0,
25605,268,2,08:41,79,20,28,1760,UNA Hotels Reggio Emilia,1,9352,2,Rob,Edwards,Fallo Subito,,,,,92,27,0,D,4,False,0,267
25605,269,2,08:41,79,21,28,1760,UNA Hotels Reggio Emilia,1,9352,2,Rob,Edwards,Tiro libero segnato,,,,,,,,A,7,False,0,
25605,270,2,08:41,79,22,28,1760,UNA Hotels Reggio Emilia,1,9352,2,Rob,Edwards,Tiro libero segnato,,,,,,,,A,7,False,0,269
25605,271,2,08:25,95,22,28,1763,Dolomiti Energia Trentino,0,439,5,Alessandro,Bertini,3 punti sbagliato,1,Tiro in sospensione,,,30,25,0,A,8,False,0,
25605,272,2,08:25,95,22,28,1763,Dolomiti Energia Trentino,0,,,,,Rimbalzi offensivi di squadra,,,,,30,25,0,A,8,False,0,271
25605,273,2,08:25,95,22,28,1760,UNA Hotels Reggio Emilia,1,9352,2,Rob,Edwards,Fallo commesso,103,tiro,,,8,45,1,D,3,False,0,
25605,274,2,08:25,95,22,28,1763,Dolomiti Energia Trentino,0,9170,30,Josè Alfred,Medina Bouza,Fallo Subito,,,,,8,45,1,D,3,False,0,273
25605,275,2,08:25,95,22,28,1763,Dolomiti Energia Trentino,0,9170,30,Josè Alfred,Medina Bouza,Tiro libero sbagliato,,,,,,,,A,7,False,0,
25605,276,2,08:25,95,22,29,1763,Dolomiti Energia Trentino,0,9170,30,Josè Alfred,Medina Bouza,Tiro libero segnato,,,,,,,,A,7,False,0,275
25605,277,2,08:10,110,22,29,1760,UNA Hotels Reggio Emilia,1,9352,2,Rob,Edwards,2 punti sbagliato,7,Appoggio a canestro,,,93,41,1,A,3,False,0,
25605,278,2,08:10,110,22,29,1763,Dolomiti Energia Trentino,0,439,5,Alessandro,Bertini,Rimbalzo difensivo,,,,,93,41,1,A,3,False,0,277
25605,279,2,08:04,116,22,29,1760,UNA Hotels Reggio Emilia,1,5125,20,Luca,Severini,Fallo commesso,100,personale,,,32,77,1,D,10,False,0,
25605,280,2,08:04,116,22,29,1763,Dolomiti Energia Trentino,0,9328,8,Quincy,Olivari,Fallo Subito,,,,,32,77,1,D,10,False,0,279
25605,281,2,08:04,116,22,29,1760,UNA Hotels Reggio Emilia,1,314,0,Jaylen,Barford,Ingresso,,,,,,,,,,False,0,
25605,282,2,08:04,116,22,29,1760,UNA Hotels Reggio Emilia,1,9352,2,Rob,Edwards,Uscita,,,,,,,,,,False,0,281
25605,283,2,07:59,121,22,29,1763,Dolomiti Energia Trentino,0,7279,7,Cheickh,Niang,3 punti sbagliato,1,Tiro in sospensione,,,14,97,0,A,10,False,0,
25605,284,2,07:59,121,22,29,1760,UNA Hotels Reggio Emilia,1,9139,4,JT,Thor,Rimbalzo difensivo,,,,,14,97,0,A,10,False,0,283
25605,285,2,07:55,125,22,29,1760,UNA Hotels Reggio Emilia,1,9139,4,JT,Thor,Palla persa,54,Fuori dal campo,,,4,73,1,D,4,False,0,
25605,286,2,07:55,125,22,29,1760,UNA Hotels Reggio Emilia,1,9139,4,JT,Thor,Uscita,,,,,,,,,,False,0,
25605,287,2,07:55,125,22,29,1760,UNA Hotels Reggio Emilia,1,5823,9,Riccardo,Visconti,Ingresso,,,,,,,,,,False,0,286
25605,288,2,07:53,127,22,29,1763,Dolomiti Energia Trentino,0,7279,7,Cheickh,Niang,Palla persa,51,Palleggio,,,7,50,0,A,3,False,0,
25605,289,2,07:53,127,22,29,1760,UNA Hotels Reggio Emilia,1,6640,6,Riccardo,Rossato,Palla recuperata,,,,,7,50,0,A,3,False,0,288
25605,290,2,07:47,133,22,29,1760,UNA Hotels Reggio Emilia,1,314,0,Jaylen,Barford,3 punti sbagliato,1,Tiro in sospensione,,,86,96,1,A,8,False,0,
25605,291,2,07:47,133,22,29,1763,Dolomiti Energia Trentino,0,439,5,Alessandro,Bertini,Rimbalzo difensivo,,,,,86,96,1,A,8,False,0,290
25605,292,2,07:39,141,22,29,1763,Dolomiti Energia Trentino,0,9328,8,Quincy,Olivari,3 punti sbagliato,1,Tiro in sospensione,,,10,4,0,A,8,False,0,
25605,293,2,07:39,141,22,29,1760,UNA Hotels Reggio Emilia,1,5663,16,Lorenzo,Uglietti,Rimbalzo difensivo,,,,,10,4,0,A,8,False,0,292
25605,294,2,07:29,151,22,29,1763,Dolomiti Energia Trentino,0,9328,8,Quincy,Olivari,Fallo commesso,100,personale,,,75,16,0,D,10,False,0,
25605,295,2,07:29,151,22,29,1760,UNA Hotels Reggio Emilia,1,5663,16,Lorenzo,Uglietti,Fallo Subito,,,,,75,16,0,D,10,False,0,294
25605,296,2,07:29,151,22,29,1763,Dolomiti Energia Trentino,0,9329,4,Charles,Brown,Ingresso,,,,,,,,,,False,0,
25605,297,2,07:29,151,22,29,1763,Dolomiti Energia Trentino,0,9328,8,Quincy,Olivari,Uscita,,,,,,,,,,False,0,296
25605,298,2,07:29,151,22,29,1763,Dolomiti Energia Trentino,0,9327,24,Isaiah,Bigelow,Ingresso,,,,,,,,,,False,0,296
25605,299,2,07:29,151,22,29,1763,Dolomiti Energia Trentino,0,9170,30,Josè Alfred,Medina Bouza,Uscita,,,,,,,,,,False,0,296
25605,300,2,07:23,157,22,29,1760,UNA Hotels Reggio Emilia,1,5663,16,Lorenzo,Uglietti,Palla persa,51,Palleggio,,,64,66,1,A,9,False,0,
25605,301,2,07:23,157,22,29,1763,Dolomiti Energia Trentino,0,439,5,Alessandro,Bertini,Palla recuperata,,,,,64,66,1,A,9,False,0,300
25605,302,2,07:17,163,22,31,1763,Dolomiti Energia Trentino,0,439,5,Alessandro,Bertini,2 punti segnato,1,Tiro in sospensione,500,contropiede,8,51,0,A,3,True,0,
25605,303,2,07:05,175,22,31,1760,UNA Hotels Reggio Emilia,1,6640,6,Riccardo,Rossato,Palla persa,50,Passaggio sbagliato,,,66,43,1,A,9,False,0,
25605,304,2,07:05,175,22,31,1763,Dolomiti Energia Trentino,0,9329,4,Charles,Brown,Palla recuperata,,,,,66,43,1,A,9,False,0,303
25605,305,2,06:49,191,22,31,1763,Dolomiti Energia Trentino,0,7279,7,Cheickh,Niang,2 punti sbagliato,1,Tiro in sospensione,,,17,52,0,A,6,False,0,
25605,306,2,06:49,191,22,31,1760,UNA Hotels Reggio Emilia,1,6640,6,Riccardo,Rossato,Rimbalzo difensivo,,,,,17,52,0,A,6,False,0,305
25605,307,2,06:36,204,24,31,1760,UNA Hotels Reggio Emilia,1,5125,20,Luca,Severini,2 punti segnato,1,Tiro in sospensione,,,91,51,1,A,3,True,0,
25605,308,2,06:36,204,24,31,1760,UNA Hotels Reggio Emilia,1,6640,6,Riccardo,Rossato,Assist,,,,,91,51,1,A,3,False,0,307
25605,309,2,06:33,207,24,31,1763,Dolomiti Energia Trentino,0,,,,,Time Out,,,,,,,0,,,False,0,
25605,310,2,06:33,207,24,31,1760,UNA Hotels Reggio Emilia,1,9352,2,Rob,Edwards,Ingresso,,,,,,,,,,False,0,
25605,311,2,06:33,207,24,31,1760,UNA Hotels Reggio Emilia,1,6640,6,Riccardo,Rossato,Uscita,,,,,,,,,,False,0,310
25605,312,2,06:33,207,24,31,1763,Dolomiti Energia Trentino,0,9330,0,Darius,Brown,Ingresso,,,,,,,,,,False,0,310
25605,313,2,06:33,207,24,31,1763,Dolomiti Energia Trentino,0,439,5,Alessandro,Bertini,Uscita,,,,,,,,,,False,0,310
25605,314,2,06:18,222,24,34,1763,Dolomiti Energia Trentino,0,7279,7,Cheickh,Niang,3 punti segnato,1,Tiro in sospensione,,,4,4,0,A,1,False,0,
25605,315,2,06:18,222,24,34,1763,Dolomiti Energia Trentino,0,9327,24,Isaiah,Bigelow,Assist,,,,,4,4,0,A,1,False,0,314
25605,316,2,05:53,247,27,34,1760,UNA Hotels Reggio Emilia,1,314,0,Jaylen,Barford,3 punti segnato,1,Tiro in sospensione,,,68,64,1,A,9,False,0,
25605,317,2,05:53,247,27,34,1763,Dolomiti Energia Trentino,0,9329,4,Charles,Brown,Fallo commesso,103,tiro,,,70,67,0,D,9,False,0,
25605,318,2,05:53,247,27,34,1760,UNA Hotels Reggio Emilia,1,314,0,Jaylen,Barford,Fallo Subito,,,,,70,67,0,D,9,False,0,317
25605,319,2,05:53,247,27,34,1763,Dolomiti Energia Trentino,0,7449,21,Selom,Mawugbe,Uscita,,,,,,,,,,False,0,
25605,320,2,05:53,247,27,34,1763,Dolomiti Energia Trentino,0,378,26,Jordan,Bayehe,Ingresso,,,,,,,,,,False,0,319
25605,321,2,05:53,247,27,34,1760,UNA Hotels Reggio Emilia,1,314,0,Jaylen,Barford,Tiro libero sbagliato,,,,,,,,A,7,False,0,
25605,322,2,05:53,247,27,34,1763,Dolomiti Energia Trentino,0,9327,24,Isaiah,Bigelow,Rimbalzo difensivo,,,,,,,,,,False,0,321
25605,323,2,05:38,262,27,34,1763,Dolomiti Energia Trentino,0,378,26,Jordan,Bayehe,Palla persa,50,Passaggio sbagliato,,,22,72,0,A,7,False,0,
25605,324,2,05:38,262,27,34,1760,UNA Hotels Reggio Emilia,1,5125,20,Luca,Severini,Palla recuperata,,,,,22,72,0,A,7,False,0,323
25605,325,2,05:32,268,27,34,1760,UNA Hotels Reggio Emilia,1,314,0,Jaylen,Barford,2 punti sbagliato,1,Tiro in sospensione,,,91,62,1,A,2,False,0,
25605,326,2,05:32,268,27,34,1763,Dolomiti Energia Trentino,0,,,,,Rimbalzi difensivi di squadra,,,,,91,62,1,A,2,False,0,325
25605,327,2,05:15,285,27,34,1760,UNA Hotels Reggio Emilia,1,5125,20,Luca,Severini,Uscita,,,,,,,,,,False,0,
25605,328,2,05:15,285,27,34,1760,UNA Hotels Reggio Emilia,1,7034,34,Derek,Ogbeide,Ingresso,,,,,,,,,,False,0,327
25605,329,2,05:08,292,27,34,1760,UNA Hotels Reggio Emilia,1,5823,9,Riccardo,Visconti,Fallo commesso,103,tiro,,,8,27,1,D,2,False,0,
25605,330,2,05:08,292,27,34,1763,Dolomiti Energia Trentino,0,9327,24,Isaiah,Bigelow,Fallo Subito,,,,,8,27,1,D,2,False,0,329
25605,331,2,05:08,292,27,35,1763,Dolomiti Energia Trentino,0,9327,24,Isaiah,Bigelow,Tiro libero segnato,,,,,,,,A,7,False,0,
25605,332,2,05:08,292,27,36,1763,Dolomiti Energia Trentino,0,9327,24,Isaiah,Bigelow,Tiro libero segnato,,,,,,,,A,7,False,0,331
25605,333,2,04:46,314,27,36,1760,UNA Hotels Reggio Emilia,1,5663,16,Lorenzo,Uglietti,3 punti sbagliato,1,Tiro in sospensione,,,82,9,1,A,10,False,0,
25605,334,2,04:46,314,27,36,1763,Dolomiti Energia Trentino,0,9327,24,Isaiah,Bigelow,Rimbalzo difensivo,,,,,82,9,1,A,10,False,0,333
25605,335,2,04:39,321,27,36,1763,Dolomiti Energia Trentino,0,9327,24,Isaiah,Bigelow,Fallo commesso,106,offensivo,,,31,54,0,A,9,False,0,
25605,336,2,04:39,321,27,36,1763,Dolomiti Energia Trentino,0,9327,24,Isaiah,Bigelow,Palla persa,,,,,31,54,0,A,9,False,0,335
25605,337,2,04:39,321,27,36,1760,UNA Hotels Reggio Emilia,1,5823,9,Riccardo,Visconti,Fallo Subito,,,,,31,54,0,A,9,False,0,335
25605,338,2,04:39,321,27,36,1760,UNA Hotels Reggio Emilia,1,9139,4,JT,Thor,Ingresso,,,,,,,,,,False,0,
25605,339,2,04:39,321,27,36,1760,UNA Hotels Reggio Emilia,1,5823,9,Riccardo,Visconti,Uscita,,,,,,,,,,False,0,338
25605,340,2,04:39,321,27,36,1760,UNA Hotels Reggio Emilia,1,5663,16,Lorenzo,Uglietti,Uscita,,,,,,,,,,False,0,338
25605,341,2,04:39,321,27,36,1760,UNA Hotels Reggio Emilia,1,9353,44,Speedy,Smith,Ingresso,,,,,,,,,,False,0,338
25605,342,2,04:28,332,29,36,1760,UNA Hotels Reggio Emilia,1,314,0,Jaylen,Barford,2 punti segnato,1,Tiro in sospensione,,,77,51,1,A,7,False,0,
25605,343,2,04:16,344,29,39,1763,Dolomiti Energia Trentino,0,9329,4,Charles,Brown,3 punti segnato,1,Tiro in sospensione,,,20,7,0,A,8,False,0,
25605,344,2,04:16,344,29,39,1763,Dolomiti Energia Trentino,0,9330,0,Darius,Brown,Assist,,,,,20,7,0,A,8,False,0,343
25605,345,2,04:04,356,29,39,1760,UNA Hotels Reggio Emilia,1,9352,2,Rob,Edwards,3 punti sbagliato,1,Tiro in sospensione,,,68,52,1,A,9,False,0,
25605,346,2,04:04,356,29,39,1760,UNA Hotels Reggio Emilia,1,7034,34,Derek,Ogbeide,Rimbalzo offensivo,,,,,68,52,1,A,9,False,0,345
25605,347,2,03:56,364,32,39,1760,UNA Hotels Reggio Emilia,1,314,0,Jaylen,Barford,3 punti segnato,1,Tiro in sospensione,,,74,20,1,A,10,False,0,
25605,348,2,03:56,364,32,39,1760,UNA Hotels Reggio Emilia,1,9353,44,Speedy,Smith,Assist,,,,,74,20,1,A,10,False,0,347
25605,349,2,03:47,373,32,39,1763,Dolomiti Energia Trentino,0,9329,4,Charles,Brown,3 punti sbagliato,1,Tiro in sospensione,,,23,86,0,A,10,False,0,
25605,350,2,03:47,373,32,39,1760,UNA Hotels Reggio Emilia,1,314,0,Jaylen,Barford,Rimbalzo difensivo,,,,,23,86,0,A,10,False,0,349
25605,351,2,03:42,378,32,39,1763,Dolomiti Energia Trentino,0,9327,24,Isaiah,Bigelow,Fallo commesso,103,tiro,,,95,42,0,D,3,False,0,
25605,352,2,03:42,378,32,39,1760,UNA Hotels Reggio Emilia,1,9139,4,JT,Thor,Fallo Subito,,,,,95,42,0,D,3,False,0,351
25605,353,2,03:42,378,32,39,1763,Dolomiti Energia Trentino,0,,,,,Time Out,,,,,,,0,,,False,0,
25605,354,2,03:42,378,32,39,1763,Dolomiti Energia Trentino,0,9329,4,Charles,Brown,Uscita,,,,,,,,,,False,0,
25605,355,2,03:42,378,32,39,1763,Dolomiti Energia Trentino,0,2148,10,Toto,Forray,Ingresso,,,,,,,,,,False,0,354
25605,356,2,03:42,378,32,39,1760,UNA Hotels Reggio Emilia,1,9139,4,JT,Thor,Tiro libero sbagliato,500,contropiede,,,,,,A,7,False,0,
25605,357,2,03:42,378,33,39,1760,UNA Hotels Reggio Emilia,1,9139,4,JT,Thor,Tiro libero segnato,500,contropiede,,,,,,A,7,False,0,356
25605,358,2,03:30,390,33,39,1760,UNA Hotels Reggio Emilia,1,7034,34,Derek,Ogbeide,Fallo commesso,100,personale,,,33,51,1,D,9,False,0,
25605,359,2,03:30,390,33,39,1763,Dolomiti Energia Trentino,0,9330,0,Darius,Brown,Fallo Subito,,,,,33,51,1,D,9,False,0,358
25605,360,2,03:20,400,33,39,1763,Dolomiti Energia Trentino,0,9327,24,Isaiah,Bigelow,3 punti sbagliato,1,Tiro in sospensione,,,32,37,0,A,9,False,0,
25605,361,2,03:20,400,33,39,1760,UNA Hotels Reggio Emilia,1,7034,34,Derek,Ogbeide,Rimbalzo difensivo,,,,,32,37,0,A,9,False,0,360
25605,362,2,03:07,413,33,39,1760,UNA Hotels Reggio Emilia,1,314,0,Jaylen,Barford,Palla persa,51,Palleggio,,,67,43,1,A,9,False,0,
25605,363,2,03:07,413,33,39,1763,Dolomiti Energia Trentino,0,9330,0,Darius,Brown,Palla recuperata,,,,,67,43,1,A,9,False,0,362
25605,364,2,03:03,417,33,41,1763,Dolomiti Energia Trentino,0,9330,0,Darius,Brown,2 punti segnato,7,Appoggio a canestro,500,contropiede,7,47,0,A,3,True,0,
25605,365,2,03:03,417,33,41,1760,UNA Hotels Reggio Emilia,1,5125,20,Luca,Severini,Ingresso,,,,,,,,,,False,0,
25605,366,2,03:03,417,33,41,1760,UNA Hotels Reggio Emilia,1,7034,34,Derek,Ogbeide,Uscita,,,,,,,,,,False,0,365
25605,367,2,03:03,417,33,41,1763,Dolomiti Energia Trentino,0,7279,7,Cheickh,Niang,Uscita,,,,,,,,,,False,0,365
25605,368,2,03:03,417,33,41,1763,Dolomiti Energia Trentino,0,9328,8,Quincy,Olivari,Ingresso,,,,,,,,,,False,0,365
25605,369,2,02:43,437,36,41,1760,UNA Hotels Reggio Emilia,1,9353,44,Speedy,Smith,3 punti segnato,1,Tiro in sospensione,,,85,4,1,A,10,False,0,
25605,370,2,02:43,437,36,41,1760,UNA Hotels Reggio Emilia,1,314,0,Jaylen,Barford,Assist,,,,,85,4,1,A,10,False,0,369
25605,371,2,02:28,452,36,41,1763,Dolomiti Energia Trentino,0,9328,8,Quincy,Olivari,3 punti sbagliato,1,Tiro in sospensione,,,23,11,0,A,8,False,0,
25605,372,2,02:28,452,36,41,1760,UNA Hotels Reggio Emilia,1,314,0,Jaylen,Barford,Rimbalzo difensivo,,,,,23,11,0,A,8,False,0,371
25605,373,2,02:07,473,36,41,1763,Dolomiti Energia Trentino,0,378,26,Jordan,Bayehe,Fallo commesso,103,tiro,,,88,75,0,D,2,False,0,
25605,374,2,02:07,473,36,41,1760,UNA Hotels Reggio Emilia,1,314,0,Jaylen,Barford,Fallo Subito,,,,,88,75,0,D,2,False,0,373
25605,375,2,02:07,473,36,41,1760,UNA Hotels Reggio Emilia,1,9352,2,Rob,Edwards,Uscita,,,,,,,,,,False,0,
25605,376,2,02:07,473,36,41,1760,UNA Hotels Reggio Emilia,1,6640,6,Riccardo,Rossato,Ingresso,,,,,,,,,,False,0,375
25605,377,2,02:07,473,36,41,1763,Dolomiti Energia Trentino,0,9330,0,Darius,Brown,Uscita,,,,,,,,,,False,0,375
25605,378,2,02:07,473,36,41,1763,Dolomiti Energia Trentino,0,439,5,Alessandro,Bertini,Ingresso,,,,,,,,,,False,0,375
25605,379,2,02:07,473,37,41,1760,UNA Hotels Reggio Emilia,1,314,0,Jaylen,Barford,Tiro libero segnato,,,,,,,,A,7,False,0,
25605,380,2,02:07,473,38,41,1760,UNA Hotels Reggio Emilia,1,314,0,Jaylen,Barford,Tiro libero segnato,,,,,,,,A,7,False,0,379
25605,381,2,01:45,495,38,43,1763,Dolomiti Energia Trentino,0,378,26,Jordan,Bayehe,2 punti segnato,9,Schiacciata,,,7,49,0,A,3,True,1,
25605,382,2,01:45,495,38,43,1763,Dolomiti Energia Trentino,0,2148,10,Toto,Forray,Assist,,,,,7,49,0,A,3,False,0,381
25605,383,2,01:28,512,38,43,1760,UNA Hotels Reggio Emilia,1,6640,6,Riccardo,Rossato,Fallo commesso,106,offensivo,,,79,48,1,A,7,False,0,
25605,384,2,01:28,512,38,43,1760,UNA Hotels Reggio Emilia,1,6640,6,Riccardo,Rossato,Palla persa,,,,,79,48,1,A,7,False,0,383
25605,385,2,01:28,512,38,43,1763,Dolomiti Energia Trentino,0,2148,10,Toto,Forray,Fallo Subito,,,,,79,48,1,A,7,False,0,383
25605,386,2,01:28,512,38,43,1763,Dolomiti Energia Trentino,0,7449,21,Selom,Mawugbe,Ingresso,,,,,,,,,,False,0,
25605,387,2,01:28,512,38,43,1763,Dolomiti Energia Trentino,0,9327,24,Isaiah,Bigelow,Uscita,,,,,,,,,,False,0,386
25605,388,2,01:10,530,38,43,1763,Dolomiti Energia Trentino,0,439,5,Alessandro,Bertini,3 punti sbagliato,1,Tiro in sospensione,,,24,15,0,A,8,False,0,
25605,389,2,01:10,530,38,43,1763,Dolomiti Energia Trentino,0,7449,21,Selom,Mawugbe,Rimbalzo offensivo,,,,,24,15,0,A,8,False,0,388
25605,390,2,01:05,535,38,46,1763,Dolomiti Energia Trentino,0,439,5,Alessandro,Bertini,3 punti segnato,1,Tiro in sospensione,,,22,12,0,A,8,False,0,
25605,391,2,01:05,535,38,46,1763,Dolomiti Energia Trentino,0,9328,8,Quincy,Olivari,Assist,,,,,22,12,0,A,8,False,0,390
25605,392,2,01:05,535,38,46,1760,UNA Hotels Reggio Emilia,1,,,,,Time Out,,,,,,,1,,,False,0,
25605,393,2,01:05,535,38,46,1760,UNA Hotels Reggio Emilia,1,9139,4,JT,Thor,Uscita,,,,,,,,,,False,0,
25605,394,2,01:05,535,38,46,1760,UNA Hotels Reggio Emilia,1,9036,26,Jaime,Echenique,Ingresso,,,,,,,,,,False,0,393
25605,395,2,00:54,546,41,46,1760,UNA Hotels Reggio Emilia,1,6640,6,Riccardo,Rossato,3 punti segnato,1,Tiro in sospensione,,,79,92,1,A,8,False,0,
25605,396,2,00:54,546,41,46,1760,UNA Hotels Reggio Emilia,1,5125,20,Luca,Severini,Assist,,,,,79,92,1,A,8,False,0,395
25605,397,2,00:32,568,41,46,1763,Dolomiti Energia Trentino,0,9328,8,Quincy,Olivari,3 punti sbagliato,1,Tiro in sospensione,,,29,30,0,A,9,False,0,
25605,398,2,00:32,568,41,46,1760,UNA Hotels Reggio Emilia,1,5125,20,Luca,Severini,Rimbalzo difensivo,,,,,29,30,0,A,9,False,0,397
25605,399,2,00:10,590,43,46,1760,UNA Hotels Reggio Emilia,1,9036,26,Jaime,Echenique,2 punti segnato,1,Tiro in sospensione,,,92,46,1,A,3,True,0,
25605,400,2,00:10,590,43,46,1760,UNA Hotels Reggio Emilia,1,9353,44,Speedy,Smith,Assist,,,,,92,46,1,A,3,False,0,399
25605,401,2,00:10,590,43,46,1760,UNA Hotels Reggio Emilia,1,9139,4,JT,Thor,Ingresso,,,,,,,,,,False,0,
25605,402,2,00:10,590,43,46,1760,UNA Hotels Reggio Emilia,1,6640,6,Riccardo,Rossato,Uscita,,,,,,,,,,False,0,401
25605,403,2,00:10,590,43,46,1760,UNA Hotels Reggio Emilia,1,5823,9,Riccardo,Visconti,Ingresso,,,,,,,,,,False,0,401
25605,404,2,00:10,590,43,46,1760,UNA Hotels Reggio Emilia,1,5663,16,Lorenzo,Uglietti,Ingresso,,,,,,,,,,False,0,401
25605,405,2,00:10,590,43,46,1760,UNA Hotels Reggio Emilia,1,9036,26,Jaime,Echenique,Uscita,,,,,,,,,,False,0,401
25605,406,2,00:10,590,43,46,1760,UNA Hotels Reggio Emilia,1,9353,44,Speedy,Smith,Uscita,,,,,,,,,,False,0,401
25605,407,2,00:10,590,43,46,1763,Dolomiti Energia Trentino,0,9330,0,Darius,Brown,Ingresso,,,,,,,,,,False,0,401
25605,408,2,00:10,590,43,46,1763,Dolomiti Energia Trentino,0,9329,4,Charles,Brown,Ingresso,,,,,,,,,,False,0,401
25605,409,2,00:10,590,43,46,1763,Dolomiti Energia Trentino,0,439,5,Alessandro,Bertini,Uscita,,,,,,,,,,False,0,401
25605,410,2,00:10,590,43,46,1763,Dolomiti Energia Trentino,0,7449,21,Selom,Mawugbe,Uscita,,,,,,,,,,False,0,401
25605,411,2,00:02,598,43,46,1763,Dolomiti Energia Trentino,0,9328,8,Quincy,Olivari,3 punti sbagliato,1,Tiro in sospensione,1007,nessun rimbalzo,51,51,0,D,9,False,0,
25605,412,2,00:00,600,43,46,,,,,,,,Fine Tempo,,,,,,,,,,False,0,
25605,413,3,10:00,0,43,46,1760,UNA Hotels Reggio Emilia,1,9352,2,Rob,Edwards,Ingresso,,,,,,,,,,False,0,
25605,414,3,10:00,0,43,46,1760,UNA Hotels Reggio Emilia,1,5823,9,Riccardo,Visconti,Uscita,,,,,,,,,,False,0,413
25605,415,3,10:00,0,43,46,1760,UNA Hotels Reggio Emilia,1,5663,16,Lorenzo,Uglietti,Uscita,,,,,,,,,,False,0,413
25605,416,3,10:00,0,43,46,1760,UNA Hotels Reggio Emilia,1,5125,20,Luca,Severini,Uscita,,,,,,,,,,False,0,413
25605,417,3,10:00,0,43,46,1760,UNA Hotels Reggio Emilia,1,9036,26,Jaime,Echenique,Ingresso,,,,,,,,,,False,0,413
25605,418,3,10:00,0,43,46,1760,UNA Hotels Reggio Emilia,1,9353,44,Speedy,Smith,Ingresso,,,,,,,,,,False,0,413
25605,419,3,10:00,0,43,46,1763,Dolomiti Energia Trentino,0,2148,10,Toto,Forray,Uscita,,,,,,,,,,False,0,413
25605,420,3,10:00,0,43,46,1763,Dolomiti Energia Trentino,0,7449,21,Selom,Mawugbe,Ingresso,,,,,,,,,,False,0,413
25605,421,3,10:00,0,43,46,,,,,,,,Inizio Tempo,,,,,,,,,,False,0,
25605,422,3,09:41,19,43,46,1763,Dolomiti Energia Trentino,0,9329,4,Charles,Brown,3 punti sbagliato,1,Tiro in sospensione,,,74,88,1,A,8,False,0,
25605,423,3,09:41,19,43,46,1760,UNA Hotels Reggio Emilia,1,,,,,Rimbalzi difensivi di squadra,,,,,74,88,1,A,8,False,0,422
25605,424,3,09:24,36,43,46,1760,UNA Hotels Reggio Emilia,1,9353,44,Speedy,Smith,3 punti sbagliato,1,Tiro in sospensione,,,30,76,0,A,10,False,0,
25605,425,3,09:24,36,43,46,1760,UNA Hotels Reggio Emilia,1,,,,,Rimbalzi offensivi di squadra,,,,,30,76,0,A,10,False,0,424
25605,426,3,09:20,40,43,46,1763,Dolomiti Energia Trentino,0,7449,21,Selom,Mawugbe,Fallo commesso,100,personale,,,15,60,1,D,6,False,0,
25605,427,3,09:20,40,43,46,1760,UNA Hotels Reggio Emilia,1,9036,26,Jaime,Echenique,Fallo Subito,,,,,15,60,1,D,6,False,0,426
25605,428,3,09:19,41,45,46,1760,UNA Hotels Reggio Emilia,1,314,0,Jaylen,Barford,2 punti segnato,1,Tiro in sospensione,,,10,77,0,A,4,False,0,
25605,429,3,09:19,41,45,46,1760,UNA Hotels Reggio Emilia,1,9139,4,JT,Thor,Assist,,,,,10,77,0,A,4,False,0,428
25605,430,3,09:05,55,45,46,1763,Dolomiti Energia Trentino,0,9330,0,Darius,Brown,3 punti sbagliato,1,Tiro in sospensione,,,69,32,1,A,9,False,0,
25605,431,3,09:05,55,45,46,1760,UNA Hotels Reggio Emilia,1,9139,4,JT,Thor,Rimbalzo difensivo,,,,,69,32,1,A,9,False,0,430
25605,432,3,08:53,67,45,46,1760,UNA Hotels Reggio Emilia,1,314,0,Jaylen,Barford,2 punti sbagliato,1,Tiro in sospensione,,,8,78,0,A,4,False,0,
25605,433,3,08:53,67,45,46,1763,Dolomiti Energia Trentino,0,378,26,Jordan,Bayehe,Rimbalzo difensivo,,,,,8,78,0,A,4,False,0,432
25605,434,3,08:46,74,45,48,1763,Dolomiti Energia Trentino,0,7449,21,Selom,Mawugbe,2 punti segnato,9,Schiacciata,500,contropiede,91,52,1,A,3,True,1,
25605,435,3,08:46,74,45,48,1763,Dolomiti Energia Trentino,0,9330,0,Darius,Brown,Assist,,,500,contropiede,91,52,1,A,3,False,0,434
25605,436,3,08:26,94,45,48,1760,UNA Hotels Reggio Emilia,1,9352,2,Rob,Edwards,Palla persa,53,Passi,,,21,41,0,A,7,False,0,
25605,437,3,08:16,104,45,48,1763,Dolomiti Energia Trentino,0,378,26,Jordan,Bayehe,3 punti sbagliato,1,Tiro in sospensione,,,79,92,1,A,8,False,0,
25605,438,3,08:16,104,45,48,1760,UNA Hotels Reggio Emilia,1,9036,26,Jaime,Echenique,Rimbalzo difensivo,,,,,79,92,1,A,8,False,0,437
25605,439,3,08:02,118,45,48,1760,UNA Hotels Reggio Emilia,1,9352,2,Rob,Edwards,Palla persa,54,Fuori dal campo,,,12,41,0,A,6,False,0,
25605,440,3,07:47,133,45,50,1763,Dolomiti Energia Trentino,0,9329,4,Charles,Brown,2 punti segnato,1,Tiro in sospensione,,,89,60,1,A,6,True,0,
25605,441,3,07:47,133,45,50,1760,UNA Hotels Reggio Emilia,1,9352,2,Rob,Edwards,Fallo commesso,103,tiro,,,86,59,0,D,6,False,0,
25605,442,3,07:47,133,45,50,1763,Dolomiti Energia Trentino,0,9329,4,Charles,Brown,Fallo Subito,,,,,86,59,0,D,6,False,0,441
25605,443,3,07:47,133,45,50,1760,UNA Hotels Reggio Emilia,1,9352,2,Rob,Edwards,Uscita,,,,,,,,,,False,0,
25605,444,3,07:47,133,45,50,1760,UNA Hotels Reggio Emilia,1,6640,6,Riccardo,Rossato,Ingresso,,,,,,,,,,False,0,443
25605,445,3,07:47,133,45,51,1763,Dolomiti Energia Trentino,0,9329,4,Charles,Brown,Tiro libero segnato,,,,,,,,A,7,False,0,
25605,446,3,07:30,150,48,51,1760,UNA Hotels Reggio Emilia,1,9139,4,JT,Thor,3 punti segnato,1,Tiro in sospensione,,,23,89,0,A,10,False,0,
25605,447,3,07:30,150,48,51,1760,UNA Hotels Reggio Emilia,1,9353,44,Speedy,Smith,Assist,,,,,23,89,0,A,10,False,0,446
25605,448,3,07:11,169,48,54,1763,Dolomiti Energia Trentino,0,9330,0,Darius,Brown,3 punti segnato,1,Tiro in sospensione,,,76,10,1,A,10,False,0,
25605,449,3,07:11,169,48,54,1763,Dolomiti Energia Trentino,0,9329,4,Charles,Brown,Assist,,,,,76,10,1,A,10,False,0,448
25605,450,3,06:55,185,48,54,1760,UNA Hotels Reggio Emilia,1,314,0,Jaylen,Barford,3 punti sbagliato,1,Tiro in sospensione,,,24,90,0,A,10,False,0,
25605,451,3,06:55,185,48,54,1763,Dolomiti Energia Trentino,0,7449,21,Selom,Mawugbe,Rimbalzo difensivo,,,,,24,90,0,A,10,False,0,450
25605,452,3,06:42,198,48,54,1763,Dolomiti Energia Trentino,0,378,26,Jordan,Bayehe,3 punti sbagliato,1,Tiro in sospensione,,,91,97,1,A,1,False,0,
25605,453,3,06:42,198,48,54,1760,UNA Hotels Reggio Emilia,1,9353,44,Speedy,Smith,Rimbalzo difensivo,,,,,91,97,1,A,1,False,0,452
25605,454,3,06:31,209,48,54,1760,UNA Hotels Reggio Emilia,1,9139,4,JT,Thor,3 punti sbagliato,1,Tiro in sospensione,,,32,64,0,A,9,False,0,
25605,455,3,06:31,209,48,54,1763,Dolomiti Energia Trentino,0,9329,4,Charles,Brown,Rimbalzo difensivo,,,,,32,64,0,A,9,False,0,454
25605,456,3,06:24,216,48,54,1760,UNA Hotels Reggio Emilia,1,9139,4,JT,Thor,Fallo commesso,100,personale,,,91,51,0,D,3,False,0,
25605,457,3,06:24,216,48,54,1763,Dolomiti Energia Trentino,0,378,26,Jordan,Bayehe,Fallo Subito,,,,,91,51,0,D,3,False,0,456
25605,458,3,06:24,216,48,54,1763,Dolomiti Energia Trentino,0,9327,24,Isaiah,Bigelow,Ingresso,,,,,,,,,,False,0,
25605,459,3,06:24,216,48,54,1763,Dolomiti Energia Trentino,0,378,26,Jordan,Bayehe,Uscita,,,,,,,,,,False,0,458
25605,460,3,06:23,217,48,54,1763,Dolomiti Energia Trentino,0,9330,0,Darius,Brown,2 punti sbagliato,1,Tiro in sospensione,,,84,54,1,A,6,False,0,
25605,461,3,06:23,217,48,54,1760,UNA Hotels Reggio Emilia,1,9353,44,Speedy,Smith,Rimbalzo difensivo,,,,,84,54,1,A,6,False,0,460
25605,462,3,06:15,225,48,54,1760,UNA Hotels Reggio Emilia,1,9036,26,Jaime,Echenique,Uscita,,,,,,,,,,False,0,
25605,463,3,06:15,225,48,54,1760,UNA Hotels Reggio Emilia,1,7034,34,Derek,Ogbeide,Ingresso,,,,,,,,,,False,0,462
25605,464,3,06:13,227,48,54,1760,UNA Hotels Reggio Emilia,1,9139,4,JT,Thor,2 punti sbagliato,1,Tiro in sospensione,,,16,55,0,A,6,False,0,
25605,465,3,06:13,227,48,54,1763,Dolomiti Energia Trentino,0,9327,24,Isaiah,Bigelow,Rimbalzo difensivo,,,,,16,55,0,A,6,False,0,464
25605,466,3,06:08,232,48,56,1763,Dolomiti Energia Trentino,0,9328,8,Quincy,Olivari,2 punti segnato,1,Tiro in sospensione,500,contropiede,89,56,1,A,6,True,0,
25605,467,3,06:08,232,48,56,1763,Dolomiti Energia Trentino,0,9329,4,Charles,Brown,Assist,,,500,contropiede,89,56,1,A,6,False,0,466
25605,468,3,05:41,259,48,56,1760,UNA Hotels Reggio Emilia,1,314,0,Jaylen,Barford,2 punti sbagliato,1,Tiro in sospensione,,,12,58,0,A,6,False,0,
25605,469,3,05:41,259,48,56,1760,UNA Hotels Reggio Emilia,1,7034,34,Derek,Ogbeide,Rimbalzo offensivo,,,,,12,58,0,A,6,False,0,468
25605,470,3,05:35,265,50,56,1760,UNA Hotels Reggio Emilia,1,9139,4,JT,Thor,2 punti segnato,1,Tiro in sospensione,,,13,59,0,A,6,True,0,
25605,471,3,05:31,269,50,56,1760,UNA Hotels Reggio Emilia,1,7034,34,Derek,Ogbeide,Fallo commesso,103,tiro,,,88,50,0,D,6,False,0,
25605,472,3,05:31,269,50,56,1763,Dolomiti Energia Trentino,0,9329,4,Charles,Brown,Fallo Subito,,,,,88,50,0,D,6,False,0,471
25605,473,3,05:31,269,50,56,1760,UNA Hotels Reggio Emilia,1,9139,4,JT,Thor,Uscita,,,,,,,,,,False,0,
25605,474,3,05:31,269,50,56,1760,UNA Hotels Reggio Emilia,1,5663,16,Lorenzo,Uglietti,Ingresso,,,,,,,,,,False,0,473
25605,475,3,05:31,269,50,56,1760,UNA Hotels Reggio Emilia,1,5125,20,Luca,Severini,Ingresso,,,,,,,,,,False,0,473
25605,476,3,05:31,269,50,56,1760,UNA Hotels Reggio Emilia,1,9353,44,Speedy,Smith,Uscita,,,,,,,,,,False,0,473
25605,477,3,05:31,269,50,57,1763,Dolomiti Energia Trentino,0,9329,4,Charles,Brown,Tiro libero segnato,,,,,,,,A,7,False,0,
25605,478,3,05:31,269,50,58,1763,Dolomiti Energia Trentino,0,9329,4,Charles,Brown,Tiro libero segnato,,,,,,,,A,7,False,0,477
25605,479,3,05:31,269,50,58,1763,Dolomiti Energia Trentino,0,7279,7,Cheickh,Niang,Ingresso,,,,,,,,,,False,0,
25605,480,3,05:31,269,50,58,1763,Dolomiti Energia Trentino,0,9328,8,Quincy,Olivari,Uscita,,,,,,,,,,False,0,479
25605,481,3,05:06,294,50,58,1760,UNA Hotels Reggio Emilia,1,5125,20,Luca,Severini,3 punti sbagliato,1,Tiro in sospensione,,,18,5,0,A,8,False,0,
25605,482,3,05:06,294,50,58,1763,Dolomiti Energia Trentino,0,9329,4,Charles,Brown,Rimbalzo difensivo,,,,,18,5,0,A,8,False,0,481
25605,483,3,04:58,302,50,58,1763,Dolomiti Energia Trentino,0,9329,4,Charles,Brown,3 punti sbagliato,1,Tiro in sospensione,,,69,80,1,A,8,False,0,
25605,484,3,04:58,302,50,58,1760,UNA Hotels Reggio Emilia,1,7034,34,Derek,Ogbeide,Rimbalzo difensivo,,,,,69,80,1,A,8,False,0,483
25605,485,3,04:42,318,50,58,1760,UNA Hotels Reggio Emilia,1,6640,6,Riccardo,Rossato,3 punti sbagliato,1,Tiro in sospensione,,,32,39,0,A,9,False,0,
25605,486,3,04:42,318,50,58,1763,Dolomiti Energia Trentino,0,,,,,Rimbalzi difensivi di squadra,,,,,32,39,0,A,9,False,0,485
25605,487,3,04:14,346,50,58,1763,Dolomiti Energia Trentino,0,9329,4,Charles,Brown,Palla persa,50,Passaggio sbagliato,,,67,50,1,A,9,False,0,
25605,488,3,04:14,346,50,58,1760,UNA Hotels Reggio Emilia,1,7034,34,Derek,Ogbeide,Palla recuperata,,,,,67,50,1,A,9,False,0,487
25605,489,3,04:01,359,53,58,1760,UNA Hotels Reggio Emilia,1,6640,6,Riccardo,Rossato,3 punti segnato,1,Tiro in sospensione,,,7,98,0,A,5,False,0,
25605,490,3,04:01,359,53,58,1760,UNA Hotels Reggio Emilia,1,5663,16,Lorenzo,Uglietti,Assist,,,,,7,98,0,A,5,False,0,489
25605,491,3,03:48,372,53,58,1763,Dolomiti Energia Trentino,0,9327,24,Isaiah,Bigelow,3 punti sbagliato,1,Tiro in sospensione,,,72,86,1,A,8,False,0,
25605,492,3,03:48,372,53,58,1763,Dolomiti Energia Trentino,0,7449,21,Selom,Mawugbe,Rimbalzo offensivo,,,,,72,86,1,A,8,False,0,491
25605,493,3,03:33,387,53,58,1763,Dolomiti Energia Trentino,0,,,,,Palle perse di squadra,602,24 Secondi,,,75,45,1,A,7,False,0,
25605,494,3,03:31,389,53,58,1760,UNA Hotels Reggio Emilia,1,9139,4,JT,Thor,Ingresso,,,,,,,,,,False,0,
25605,495,3,03:31,389,53,58,1760,UNA Hotels Reggio Emilia,1,7034,34,Derek,Ogbeide,Uscita,,,,,,,,,,False,0,494
25605,496,3,03:31,389,53,58,1763,Dolomiti Energia Trentino,0,9330,0,Darius,Brown,Uscita,,,,,,,,,,False,0,494
25605,497,3,03:31,389,53,58,1763,Dolomiti Energia Trentino,0,439,5,Alessandro,Bertini,Ingresso,,,,,,,,,,False,0,494
25605,498,3,03:31,389,53,58,1763,Dolomiti Energia Trentino,0,7449,21,Selom,Mawugbe,Uscita,,,,,,,,,,False,0,494
25605,499,3,03:31,389,53,58,1763,Dolomiti Energia Trentino,0,378,26,Jordan,Bayehe,Ingresso,,,,,,,,,,False,0,494
25605,500,3,03:08,412,53,58,1763,Dolomiti Energia Trentino,0,9329,4,Charles,Brown,Fallo commesso,103,tiro,,,28,86,1,D,10,False,0,
25605,501,3,03:08,412,53,58,1760,UNA Hotels Reggio Emilia,1,314,0,Jaylen,Barford,Fallo Subito,,,,,28,86,1,D,10,False,0,500
25605,502,3,03:08,412,54,58,1760,UNA Hotels Reggio Emilia,1,314,0,Jaylen,Barford,Tiro libero segnato,,,,,,,,A,7,False,0,
25605,503,3,03:08,412,54,58,1760,UNA Hotels Reggio Emilia,1,314,0,Jaylen,Barford,Tiro libero sbagliato,,,,,,,,A,7,False,0,502
25605,504,3,03:08,412,55,58,1760,UNA Hotels Reggio Emilia,1,314,0,Jaylen,Barford,Tiro libero segnato,,,,,,,,A,7,False,0,502
25605,526,3,03:08,412,55,58,1760,UNA Hotels Reggio Emilia,1,5663,16,Lorenzo,Uglietti,Assist,,,,,,,,,,False,0,502
25605,505,3,03:08,412,55,58,1760,UNA Hotels Reggio Emilia,1,314,0,Jaylen,Barford,Uscita,,,,,,,,,,False,0,
25605,506,3,03:08,412,55,58,1760,UNA Hotels Reggio Emilia,1,9353,44,Speedy,Smith,Ingresso,,,,,,,,,,False,0,505
25605,507,3,02:57,423,55,58,1763,Dolomiti Energia Trentino,0,9327,24,Isaiah,Bigelow,Palla persa,53,Passi,,,86,45,1,A,6,False,0,
25605,508,3,02:57,423,55,58,1763,Dolomiti Energia Trentino,0,9329,4,Charles,Brown,Uscita,,,,,,,,,,False,0,
25605,509,3,02:57,423,55,58,1763,Dolomiti Energia Trentino,0,9328,8,Quincy,Olivari,Ingresso,,,,,,,,,,False,0,508
25605,510,3,02:35,445,55,58,1760,UNA Hotels Reggio Emilia,1,9139,4,JT,Thor,3 punti sbagliato,1,Tiro in sospensione,,,28,18,0,A,8,False,0,
25605,511,3,02:35,445,55,58,1763,Dolomiti Energia Trentino,0,9328,8,Quincy,Olivari,Rimbalzo difensivo,,,,,28,18,0,A,8,False,0,510
25605,512,3,02:27,453,55,58,1760,UNA Hotels Reggio Emilia,1,5663,16,Lorenzo,Uglietti,Fallo commesso,100,personale,,,84,63,0,D,2,False,0,
25605,513,3,02:27,453,55,58,1763,Dolomiti Energia Trentino,0,9328,8,Quincy,Olivari,Fallo Subito,,,,,84,63,0,D,2,False,0,512
25605,514,3,02:27,453,55,58,1763,Dolomiti Energia Trentino,0,9327,24,Isaiah,Bigelow,Palla persa,50,Passaggio sbagliato,,,83,86,1,A,2,False,0,
25605,515,3,02:27,453,55,58,1760,UNA Hotels Reggio Emilia,1,5663,16,Lorenzo,Uglietti,Palla recuperata,,,,,83,86,1,A,2,False,0,514
25605,516,3,02:26,454,55,58,1760,UNA Hotels Reggio Emilia,1,5663,16,Lorenzo,Uglietti,2 punti sbagliato,1,Tiro in sospensione,,,11,51,0,A,6,False,0,
25605,517,3,02:26,454,55,58,1763,Dolomiti Energia Trentino,0,9327,24,Isaiah,Bigelow,Rimbalzo difensivo,,,,,11,51,0,A,6,False,0,516
25605,518,3,02:22,458,55,58,1760,UNA Hotels Reggio Emilia,1,5663,16,Lorenzo,Uglietti,Fallo commesso,100,personale,,,86,53,0,D,6,False,0,
25605,519,3,02:22,458,55,58,1763,Dolomiti Energia Trentino,0,9327,24,Isaiah,Bigelow,Fallo Subito,,,,,86,53,0,D,6,False,0,518
25605,520,3,02:15,465,55,59,1763,Dolomiti Energia Trentino,0,9327,24,Isaiah,Bigelow,Tiro libero segnato,,,,,,,,A,7,False,0,
25605,521,3,02:15,465,55,60,1763,Dolomiti Energia Trentino,0,9327,24,Isaiah,Bigelow,Tiro libero segnato,,,,,,,,A,7,False,0,520
25605,522,3,02:15,465,55,60,1760,UNA Hotels Reggio Emilia,1,,,,,Time Out,,,,,,,0,,,False,0,
25605,527,3,01:59,481,58,60,1760,UNA Hotels Reggio Emilia,1,6640,6,Riccardo,Rossato,3 punti segnato,1,Tiro in sospensione,,,30,26,0,A,9,False,0,
25605,528,3,01:59,481,58,60,1760,UNA Hotels Reggio Emilia,1,5663,16,Lorenzo,Uglietti,Assist,,,,,30,26,0,A,9,False,0,527
25605,529,3,01:43,497,58,60,1763,Dolomiti Energia Trentino,0,7279,7,Cheickh,Niang,3 punti sbagliato,1,Tiro in sospensione,,,66,65,1,A,9,False,0,
25605,530,3,01:43,497,58,60,1763,Dolomiti Energia Trentino,0,9327,24,Isaiah,Bigelow,Rimbalzo offensivo,,,,,66,65,1,A,9,False,0,529
25605,531,3,01:38,502,58,60,1763,Dolomiti Energia Trentino,0,9327,24,Isaiah,Bigelow,Palla persa,50,Passaggio sbagliato,,,85,81,1,A,2,False,0,
25605,532,3,01:38,502,58,60,1760,UNA Hotels Reggio Emilia,1,9139,4,JT,Thor,Palla recuperata,,,,,85,81,1,A,2,False,0,531
25605,533,3,01:21,519,61,60,1760,UNA Hotels Reggio Emilia,1,6640,6,Riccardo,Rossato,3 punti segnato,1,Tiro in sospensione,,,33,69,0,A,9,False,0,
25605,534,3,01:21,519,61,60,1760,UNA Hotels Reggio Emilia,1,9353,44,Speedy,Smith,Assist,,,,,33,69,0,A,9,False,0,533
25605,535,3,01:03,537,61,60,1763,Dolomiti Energia Trentino,0,9327,24,Isaiah,Bigelow,3 punti sbagliato,1,Tiro in sospensione,,,72,74,1,A,9,False,0,
25605,536,3,01:03,537,61,60,1763,Dolomiti Energia Trentino,0,378,26,Jordan,Bayehe,Rimbalzo offensivo,,,,,72,74,1,A,9,False,0,535
25605,537,3,00:58,542,61,60,1760,UNA Hotels Reggio Emilia,1,5663,16,Lorenzo,Uglietti,Fallo commesso,103,tiro,,,86,61,0,D,6,False,0,
25605,538,3,00:58,542,61,60,1763,Dolomiti Energia Trentino,0,9327,24,Isaiah,Bigelow,Fallo Subito,,,,,86,61,0,D,6,False,0,537
25605,539,3,00:58,542,61,61,1763,Dolomiti Energia Trentino,0,9327,24,Isaiah,Bigelow,Tiro libero segnato,,,,,,,,A,7,False,0,
25605,540,3,00:58,542,61,62,1763,Dolomiti Energia Trentino,0,9327,24,Isaiah,Bigelow,Tiro libero segnato,,,,,,,,A,7,False,0,539
25605,541,3,00:49,551,61,62,1760,UNA Hotels Reggio Emilia,1,5663,16,Lorenzo,Uglietti,Fallo commesso,106,offensivo,,,26,82,0,A,10,False,0,
25605,542,3,00:49,551,61,62,1760,UNA Hotels Reggio Emilia,1,5663,16,Lorenzo,Uglietti,Palla persa,,,,,26,82,0,A,10,False,0,541
25605,543,3,00:49,551,61,62,1763,Dolomiti Energia Trentino,0,7279,7,Cheickh,Niang,Fallo Subito,,,,,26,82,0,A,10,False,0,541
25605,544,3,00:49,551,61,62,1760,UNA Hotels Reggio Emilia,1,314,0,Jaylen,Barford,Ingresso,,,,,,,,,,False,0,
25605,545,3,00:49,551,61,62,1760,UNA Hotels Reggio Emilia,1,5663,16,Lorenzo,Uglietti,Uscita,,,,,,,,,,False,0,544
25605,546,3,00:30,570,61,62,1763,Dolomiti Energia Trentino,0,7279,7,Cheickh,Niang,3 punti sbagliato,1,Tiro in sospensione,,,71,81,1,A,8,False,0,
25605,547,3,00:30,570,61,62,1763,Dolomiti Energia Trentino,0,439,5,Alessandro,Bertini,Rimbalzo offensivo,,,,,71,81,1,A,8,False,0,546
25605,548,3,00:17,583,61,62,1763,Dolomiti Energia Trentino,0,9328,8,Quincy,Olivari,2 punti sbagliato,1,Tiro in sospensione,,,85,48,1,A,6,False,0,
25605,549,3,00:17,583,61,62,1760,UNA Hotels Reggio Emilia,1,314,0,Jaylen,Barford,Rimbalzo difensivo,,,,,85,48,1,A,6,False,0,548
25605,550,3,00:10,590,61,62,1760,UNA Hotels Reggio Emilia,1,314,0,Jaylen,Barford,2 punti sbagliato,1,Tiro in sospensione,,,12,42,0,A,6,False,0,
25605,551,3,00:10,590,61,62,1760,UNA Hotels Reggio Emilia,1,9139,4,JT,Thor,Rimbalzo offensivo,,,,,12,42,0,A,6,False,0,550
25605,552,3,00:10,590,61,62,1760,UNA Hotels Reggio Emilia,1,9139,4,JT,Thor,2 punti sbagliato,1,Tiro in sospensione,,,13,58,0,A,6,False,0,
25605,553,3,00:10,590,61,62,1760,UNA Hotels Reggio Emilia,1,9353,44,Speedy,Smith,Rimbalzo offensivo,,,,,13,58,0,A,6,False,0,552
25605,554,3,00:10,590,61,62,1760,UNA Hotels Reggio Emilia,1,9353,44,Speedy,Smith,3 punti sbagliato,1,Tiro in sospensione,1007,nessun rimbalzo,34,47,0,A,9,False,0,
25605,555,3,00:00,600,61,62,,,,,,,,Fine Tempo,,,,,,,,,,False,0,
25605,556,4,10:00,0,61,62,1760,UNA Hotels Reggio Emilia,1,5125,20,Luca,Severini,Uscita,,,,,,,,,,False,0,
25605,557,4,10:00,0,61,62,1760,UNA Hotels Reggio Emilia,1,9036,26,Jaime,Echenique,Ingresso,,,,,,,,,,False,0,556
25605,558,4,10:00,0,61,62,1763,Dolomiti Energia Trentino,0,9330,0,Darius,Brown,Ingresso,,,,,,,,,,False,0,556
25605,559,4,10:00,0,61,62,1763,Dolomiti Energia Trentino,0,7279,7,Cheickh,Niang,Uscita,,,,,,,,,,False,0,556
25605,560,4,10:00,0,61,62,1763,Dolomiti Energia Trentino,0,9327,24,Isaiah,Bigelow,Uscita,,,,,,,,,,False,0,556
25605,561,4,10:00,0,61,62,1763,Dolomiti Energia Trentino,0,9170,30,Josè Alfred,Medina Bouza,Ingresso,,,,,,,,,,False,0,556
25605,562,4,10:00,0,61,62,,,,,,,,Inizio Tempo,,,,,,,,,,False,0,
25605,563,4,09:46,14,63,62,1760,UNA Hotels Reggio Emilia,1,6640,6,Riccardo,Rossato,2 punti segnato,1,Tiro in sospensione,,,6,63,0,A,4,True,0,
25605,564,4,09:46,14,63,62,1760,UNA Hotels Reggio Emilia,1,9353,44,Speedy,Smith,Assist,,,,,6,63,0,A,4,False,0,563
25605,565,4,09:28,32,63,62,1763,Dolomiti Energia Trentino,0,9330,0,Darius,Brown,3 punti sbagliato,1,Tiro in sospensione,,,70,77,1,A,8,False,0,
25605,566,4,09:28,32,63,62,1760,UNA Hotels Reggio Emilia,1,9036,26,Jaime,Echenique,Rimbalzo difensivo,,,,,70,77,1,A,8,False,0,565
25605,567,4,09:13,47,63,62,1760,UNA Hotels Reggio Emilia,1,9353,44,Speedy,Smith,2 punti sbagliato,1,Tiro in sospensione,,,16,64,0,A,4,False,0,
25605,568,4,09:13,47,63,62,1763,Dolomiti Energia Trentino,0,439,5,Alessandro,Bertini,Rimbalzo difensivo,,,,,16,64,0,A,4,False,0,567
25605,569,4,09:04,56,63,65,1763,Dolomiti Energia Trentino,0,9328,8,Quincy,Olivari,3 punti segnato,1,Tiro in sospensione,500,contropiede,73,18,1,A,10,False,0,
25605,570,4,09:04,56,63,65,1763,Dolomiti Energia Trentino,0,439,5,Alessandro,Bertini,Assist,,,500,contropiede,73,18,1,A,10,False,0,569
25605,571,4,08:51,69,66,65,1760,UNA Hotels Reggio Emilia,1,314,0,Jaylen,Barford,3 punti segnato,1,Tiro in sospensione,,,29,81,0,A,10,False,0,
25605,572,4,08:31,89,66,68,1763,Dolomiti Energia Trentino,0,9170,30,Josè Alfred,Medina Bouza,3 punti segnato,1,Tiro in sospensione,,,79,9,1,A,10,False,0,
25605,573,4,08:31,89,66,68,1763,Dolomiti Energia Trentino,0,9330,0,Darius,Brown,Assist,,,,,79,9,1,A,10,False,0,572
25605,574,4,08:14,106,66,68,1760,UNA Hotels Reggio Emilia,1,9139,4,JT,Thor,3 punti sbagliato,1,Tiro in sospensione,,,32,75,0,A,10,False,0,
25605,575,4,08:14,106,66,68,1763,Dolomiti Energia Trentino,0,9328,8,Quincy,Olivari,Rimbalzo difensivo,,,,,32,75,0,A,10,False,0,574
25605,576,4,08:08,112,66,68,1763,Dolomiti Energia Trentino,0,9328,8,Quincy,Olivari,2 punti sbagliato,1,Tiro in sospensione,,,83,48,1,A,6,False,0,
25605,577,4,08:08,112,66,68,1760,UNA Hotels Reggio Emilia,1,9139,4,JT,Thor,Rimbalzo difensivo,,,,,83,48,1,A,6,False,0,576
25605,578,4,08:04,116,66,68,1763,Dolomiti Energia Trentino,0,439,5,Alessandro,Bertini,Fallo commesso,100,personale,,,25,47,1,D,7,False,0,
25605,579,4,08:04,116,66,68,1760,UNA Hotels Reggio Emilia,1,9353,44,Speedy,Smith,Fallo Subito,,,,,25,47,1,D,7,False,0,578
25605,580,4,08:04,116,66,68,1760,UNA Hotels Reggio Emilia,1,6640,6,Riccardo,Rossato,Uscita,,,,,,,,,,False,0,
25605,581,4,08:04,116,66,68,1760,UNA Hotels Reggio Emilia,1,5663,16,Lorenzo,Uglietti,Ingresso,,,,,,,,,,False,0,580
25605,582,4,07:50,130,66,68,1760,UNA Hotels Reggio Emilia,1,9353,44,Speedy,Smith,3 punti sbagliato,1,Tiro in sospensione,,,34,77,0,A,10,False,0,
25605,583,4,07:50,130,66,68,1763,Dolomiti Energia Trentino,0,439,5,Alessandro,Bertini,Rimbalzo difensivo,,,,,34,77,0,A,10,False,0,582
25605,584,4,07:35,145,66,68,1763,Dolomiti Energia Trentino,0,9329,4,Charles,Brown,Ingresso,,,,,,,,,,False,0,
25605,585,4,07:35,145,66,68,1763,Dolomiti Energia Trentino,0,9328,8,Quincy,Olivari,Uscita,,,,,,,,,,False,0,584
25605,586,4,07:29,151,66,68,1763,Dolomiti Energia Trentino,0,9170,30,Josè Alfred,Medina Bouza,Palla persa,51,Palleggio,,,69,47,1,A,9,False,0,
25605,587,4,07:29,151,66,68,1760,UNA Hotels Reggio Emilia,1,314,0,Jaylen,Barford,Palla recuperata,,,,,69,47,1,A,9,False,0,586
25605,588,4,07:23,157,68,68,1760,UNA Hotels Reggio Emilia,1,9139,4,JT,Thor,2 punti segnato,10,Alley-oop,500,contropiede,13,54,0,A,6,True,0,
25605,589,4,07:23,157,68,68,1760,UNA Hotels Reggio Emilia,1,314,0,Jaylen,Barford,Assist,,,,,13,54,0,A,6,False,0,588
25605,590,4,07:10,170,68,68,1763,Dolomiti Energia Trentino,0,9329,4,Charles,Brown,Palla persa,50,Passaggio sbagliato,,,84,77,1,A,2,False,0,
25605,591,4,07:10,170,68,68,1760,UNA Hotels Reggio Emilia,1,9353,44,Speedy,Smith,Palla recuperata,,,,,84,77,1,A,2,False,0,590
25605,592,4,07:03,177,70,68,1760,UNA Hotels Reggio Emilia,1,9139,4,JT,Thor,2 punti segnato,9,Schiacciata,500,contropiede,8,52,0,A,3,True,1,
25605,593,4,07:03,177,70,68,1760,UNA Hotels Reggio Emilia,1,9353,44,Speedy,Smith,Assist,,,500,contropiede,8,52,0,A,3,False,0,592
25605,594,4,06:56,184,70,68,1763,Dolomiti Energia Trentino,0,,,,,Time Out,,,,,,,1,,,False,0,
25605,595,4,06:56,184,70,68,1760,UNA Hotels Reggio Emilia,1,6640,6,Riccardo,Rossato,Ingresso,,,,,,,,,,False,0,
25605,596,4,06:56,184,70,68,1760,UNA Hotels Reggio Emilia,1,5663,16,Lorenzo,Uglietti,Uscita,,,,,,,,,,False,0,595
25605,597,4,06:56,184,70,68,1763,Dolomiti Energia Trentino,0,7449,21,Selom,Mawugbe,Ingresso,,,,,,,,,,False,0,595
25605,598,4,06:56,184,70,68,1763,Dolomiti Energia Trentino,0,9170,30,Josè Alfred,Medina Bouza,Uscita,,,,,,,,,,False,0,595
25605,599,4,06:56,184,70,68,1760,UNA Hotels Reggio Emilia,1,6640,6,Riccardo,Rossato,Fallo commesso,100,personale,,,66,56,0,D,9,False,0,
25605,600,4,06:56,184,70,68,1763,Dolomiti Energia Trentino,0,9330,0,Darius,Brown,Fallo Subito,,,,,66,56,0,D,9,False,0,599
25605,601,4,06:48,192,70,70,1763,Dolomiti Energia Trentino,0,439,5,Alessandro,Bertini,2 punti segnato,1,Tiro in sospensione,,,85,54,1,A,6,True,0,
25605,602,4,06:26,214,70,70,1763,Dolomiti Energia Trentino,0,7449,21,Selom,Mawugbe,Fallo commesso,100,personale,,,13,49,1,D,6,False,0,
25605,603,4,06:26,214,70,70,1760,UNA Hotels Reggio Emilia,1,9036,26,Jaime,Echenique,Fallo Subito,,,,,13,49,1,D,6,False,0,602
25605,604,4,06:26,214,70,70,1760,UNA Hotels Reggio Emilia,1,314,0,Jaylen,Barford,3 punti sbagliato,1,Tiro in sospensione,,,17,3,0,A,8,False,0,
25605,605,4,06:26,214,70,70,1763,Dolomiti Energia Trentino,0,9330,0,Darius,Brown,Rimbalzo difensivo,,,,,17,3,0,A,8,False,0,604
25605,606,4,06:26,214,70,70,1760,UNA Hotels Reggio Emilia,1,9036,26,Jaime,Echenique,Fallo commesso,103,tiro,,,89,55,0,D,6,False,0,
25605,607,4,06:26,214,70,70,1763,Dolomiti Energia Trentino,0,9329,4,Charles,Brown,Fallo Subito,,,,,89,55,0,D,6,False,0,606
25605,608,4,06:26,214,70,70,1760,UNA Hotels Reggio Emilia,1,9139,4,JT,Thor,Uscita,,,,,,,,,,False,0,
25605,609,4,06:26,214,70,70,1760,UNA Hotels Reggio Emilia,1,5125,20,Luca,Severini,Ingresso,,,,,,,,,,False,0,608
25605,610,4,06:26,214,70,70,1763,Dolomiti Energia Trentino,0,9329,4,Charles,Brown,Tiro libero sbagliato,,,,,,,,A,7,False,0,
25605,611,4,06:26,214,70,71,1763,Dolomiti Energia Trentino,0,9329,4,Charles,Brown,Tiro libero segnato,,,,,,,,A,7,False,0,610
25605,612,4,06:18,222,70,71,1760,UNA Hotels Reggio Emilia,1,6640,6,Riccardo,Rossato,2 punti sbagliato,1,Tiro in sospensione,,,15,80,0,A,4,False,0,
25605,613,4,06:18,222,70,71,1763,Dolomiti Energia Trentino,0,9329,4,Charles,Brown,Rimbalzo difensivo,,,,,15,80,0,A,4,False,0,612
25605,614,4,06:04,236,70,71,1763,Dolomiti Energia Trentino,0,378,26,Jordan,Bayehe,Palla persa,50,Passaggio sbagliato,,,73,39,1,A,7,False,0,
25605,615,4,06:04,236,70,71,1760,UNA Hotels Reggio Emilia,1,6640,6,Riccardo,Rossato,Palla recuperata,,,,,73,39,1,A,7,False,0,614
25605,616,4,06:00,240,70,71,1760,UNA Hotels Reggio Emilia,1,314,0,Jaylen,Barford,Palla persa,50,Passaggio sbagliato,,,12,42,0,A,6,False,0,
25605,617,4,06:00,240,70,71,1763,Dolomiti Energia Trentino,0,,,,,Palle recuperate di squadra,,,,,12,42,0,A,6,False,0,616
25605,618,4,06:00,240,70,71,1763,Dolomiti Energia Trentino,0,439,5,Alessandro,Bertini,Fallo commesso,106,offensivo,,,83,42,1,A,6,False,0,
25605,619,4,06:00,240,70,71,1763,Dolomiti Energia Trentino,0,439,5,Alessandro,Bertini,Palla persa,,,,,83,42,1,A,6,False,0,618
25605,620,4,06:00,240,70,71,1760,UNA Hotels Reggio Emilia,1,6640,6,Riccardo,Rossato,Fallo Subito,,,,,83,42,1,A,6,False,0,618
25605,621,4,06:00,240,70,71,1760,UNA Hotels Reggio Emilia,1,9352,2,Rob,Edwards,Ingresso,,,,,,,,,,False,0,
25605,622,4,06:00,240,70,71,1760,UNA Hotels Reggio Emilia,1,6640,6,Riccardo,Rossato,Uscita,,,,,,,,,,False,0,621
25605,623,4,06:00,240,70,71,1763,Dolomiti Energia Trentino,0,439,5,Alessandro,Bertini,Uscita,,,,,,,,,,False,0,
25605,624,4,06:00,240,70,71,1763,Dolomiti Energia Trentino,0,9328,8,Quincy,Olivari,Ingresso,,,,,,,,,,False,0,623
25605,625,4,05:50,250,73,71,1760,UNA Hotels Reggio Emilia,1,314,0,Jaylen,Barford,3 punti segnato,1,Tiro in sospensione,,,26,85,0,A,10,False,0,
25605,626,4,05:50,250,73,71,1760,UNA Hotels Reggio Emilia,1,9036,26,Jaime,Echenique,Assist,,,,,26,85,0,A,10,False,0,625
25605,627,4,05:25,275,73,71,1763,Dolomiti Energia Trentino,0,9329,4,Charles,Brown,3 punti sbagliato,1,Tiro in sospensione,1006,violazione 24sec,73,90,1,A,8,False,0,
25605,628,4,05:25,275,73,71,1763,Dolomiti Energia Trentino,0,,,,,Palle perse di squadra,1006,violazione 24sec,,,73,90,1,A,8,False,0,
25605,629,4,05:17,283,73,71,1763,Dolomiti Energia Trentino,0,9327,24,Isaiah,Bigelow,Ingresso,,,,,,,,,,False,0,
25605,630,4,05:17,283,73,71,1763,Dolomiti Energia Trentino,0,378,26,Jordan,Bayehe,Uscita,,,,,,,,,,False,0,629
25605,631,4,05:00,300,73,71,1763,Dolomiti Energia Trentino,0,7449,21,Selom,Mawugbe,Fallo commesso,103,tiro,,,10,49,1,D,6,False,0,
25605,632,4,05:00,300,73,71,1760,UNA Hotels Reggio Emilia,1,9036,26,Jaime,Echenique,Fallo Subito,,,,,10,49,1,D,6,False,0,631
25605,633,4,05:00,300,73,71,1760,UNA Hotels Reggio Emilia,1,9036,26,Jaime,Echenique,Tiro libero sbagliato,,,,,,,,A,7,False,0,
25605,634,4,05:00,300,73,71,1760,UNA Hotels Reggio Emilia,1,9036,26,Jaime,Echenique,Tiro libero sbagliato,,,,,,,,A,7,False,0,633
25605,635,4,05:00,300,73,71,1763,Dolomiti Energia Trentino,0,9328,8,Quincy,Olivari,Rimbalzo difensivo,,,,,,,,,,False,0,633
25605,636,4,04:49,311,73,71,1763,Dolomiti Energia Trentino,0,9328,8,Quincy,Olivari,3 punti sbagliato,1,Tiro in sospensione,,,90,98,1,A,8,False,0,
25605,637,4,04:49,311,73,71,1760,UNA Hotels Reggio Emilia,1,9352,2,Rob,Edwards,Rimbalzo difensivo,,,,,90,98,1,A,8,False,0,636
25605,638,4,04:42,318,73,71,1760,UNA Hotels Reggio Emilia,1,9353,44,Speedy,Smith,Palla persa,50,Passaggio sbagliato,,,8,55,0,A,3,False,0,
25605,639,4,04:42,318,73,71,1763,Dolomiti Energia Trentino,0,9328,8,Quincy,Olivari,Palla recuperata,,,,,8,55,0,A,3,False,0,638
25605,640,4,04:36,324,73,71,1760,UNA Hotels Reggio Emilia,1,5125,20,Luca,Severini,Fallo commesso,100,personale,,,67,37,0,D,9,False,0,
25605,641,4,04:36,324,73,71,1763,Dolomiti Energia Trentino,0,9329,4,Charles,Brown,Fallo Subito,,,,,67,37,0,D,9,False,0,640
25605,642,4,04:36,324,73,71,1760,UNA Hotels Reggio Emilia,1,6640,6,Riccardo,Rossato,Ingresso,,,,,,,,,,False,0,
25605,643,4,04:36,324,73,71,1760,UNA Hotels Reggio Emilia,1,9353,44,Speedy,Smith,Uscita,,,,,,,,,,False,0,642
25605,644,4,04:29,331,73,74,1763,Dolomiti Energia Trentino,0,9328,8,Quincy,Olivari,3 punti segnato,1,Tiro in sospensione,,,76,89,1,A,8,False,0,
25605,645,4,04:29,331,73,74,1763,Dolomiti Energia Trentino,0,9330,0,Darius,Brown,Assist,,,,,76,89,1,A,8,False,0,644
25605,646,4,04:07,353,73,74,1760,UNA Hotels Reggio Emilia,1,6640,6,Riccardo,Rossato,Palla persa,54,Fuori dal campo,,,9,83,0,A,4,False,0,
25605,647,4,03:51,369,73,74,1763,Dolomiti Energia Trentino,0,7449,21,Selom,Mawugbe,Uscita,,,,,,,,,,False,0,
25605,648,4,03:51,369,73,74,1763,Dolomiti Energia Trentino,0,378,26,Jordan,Bayehe,Ingresso,,,,,,,,,,False,0,647
25605,649,4,03:47,373,73,77,1763,Dolomiti Energia Trentino,0,9328,8,Quincy,Olivari,3 punti segnato,1,Tiro in sospensione,,,72,85,1,A,8,False,0,
25605,650,4,03:47,373,73,77,1763,Dolomiti Energia Trentino,0,378,26,Jordan,Bayehe,Assist,,,,,72,85,1,A,8,False,0,649
25605,651,4,03:37,383,75,77,1760,UNA Hotels Reggio Emilia,1,6640,6,Riccardo,Rossato,2 punti segnato,1,Tiro in sospensione,,,15,60,0,A,6,True,0,
25605,652,4,03:18,402,75,77,1760,UNA Hotels Reggio Emilia,1,6640,6,Riccardo,Rossato,Fallo commesso,100,personale,,,82,54,0,D,6,False,0,
25605,653,4,03:18,402,75,77,1763,Dolomiti Energia Trentino,0,9329,4,Charles,Brown,Fallo Subito,,,,,82,54,0,D,6,False,0,652
25605,654,4,03:18,402,75,77,1760,UNA Hotels Reggio Emilia,1,9139,4,JT,Thor,Ingresso,,,,,,,,,,False,0,
25605,655,4,03:18,402,75,77,1760,UNA Hotels Reggio Emilia,1,9036,26,Jaime,Echenique,Uscita,,,,,,,,,,False,0,654
25605,656,4,03:12,408,75,77,1763,Dolomiti Energia Trentino,0,9329,4,Charles,Brown,Palla persa,54,Fuori dal campo,,,81,26,1,A,4,False,0,
25605,657,4,03:07,413,78,77,1760,UNA Hotels Reggio Emilia,1,5125,20,Luca,Severini,3 punti segnato,1,Tiro in sospensione,,,29,24,0,A,8,False,0,
25605,658,4,03:07,413,78,77,1760,UNA Hotels Reggio Emilia,1,9139,4,JT,Thor,Assist,,,,,29,24,0,A,8,False,0,657
25605,659,4,02:52,428,78,77,1760,UNA Hotels Reggio Emilia,1,9352,2,Rob,Edwards,Uscita,,,,,,,,,,False,0,
25605,660,4,02:52,428,78,77,1760,UNA Hotels Reggio Emilia,1,5663,16,Lorenzo,Uglietti,Ingresso,,,,,,,,,,False,0,659
25605,661,4,02:38,442,78,77,1763,Dolomiti Energia Trentino,0,,,,,Time Out,,,,,,,1,,,False,0,
25605,662,4,02:37,443,78,77,1763,Dolomiti Energia Trentino,0,9330,0,Darius,Brown,2 punti sbagliato,1,Tiro in sospensione,,,89,54,1,A,6,False,0,
25605,663,4,02:37,443,78,77,1763,Dolomiti Energia Trentino,0,9330,0,Darius,Brown,Rimbalzo offensivo,,,,,89,54,1,A,6,False,0,662
25605,664,4,02:26,454,78,77,1763,Dolomiti Energia Trentino,0,9329,4,Charles,Brown,3 punti sbagliato,1,Tiro in sospensione,,,74,16,1,A,10,False,0,
25605,665,4,02:26,454,78,77,1763,Dolomiti Energia Trentino,0,9330,0,Darius,Brown,Rimbalzo offensivo,,,,,74,16,1,A,10,False,0,664
25605,666,4,02:17,463,78,80,1763,Dolomiti Energia Trentino,0,9328,8,Quincy,Olivari,3 punti segnato,1,Tiro in sospensione,,,65,42,1,A,9,False,0,
25605,667,4,01:56,484,78,80,1760,UNA Hotels Reggio Emilia,1,314,0,Jaylen,Barford,3 punti sbagliato,1,Tiro in sospensione,,,35,50,0,A,9,False,0,
25605,668,4,01:56,484,78,80,1760,UNA Hotels Reggio Emilia,1,314,0,Jaylen,Barford,Rimbalzo offensivo,,,,,35,50,0,A,9,False,0,667
25605,669,4,01:51,489,78,80,1760,UNA Hotels Reggio Emilia,1,314,0,Jaylen,Barford,Palla persa,50,Passaggio sbagliato,,,13,30,0,A,2,False,0,
25605,670,4,01:51,489,78,80,1763,Dolomiti Energia Trentino,0,9329,4,Charles,Brown,Palla recuperata,,,,,13,30,0,A,2,False,0,669
25605,671,4,01:46,494,78,80,1760,UNA Hotels Reggio Emilia,1,9139,4,JT,Thor,Fallo commesso,103,tiro,,,88,49,0,D,6,False,0,
25605,672,4,01:46,494,78,80,1763,Dolomiti Energia Trentino,0,9327,24,Isaiah,Bigelow,Fallo Subito,,,,,88,49,0,D,6,False,0,671
25605,673,4,01:46,494,78,80,1763,Dolomiti Energia Trentino,0,9327,24,Isaiah,Bigelow,Tiro libero sbagliato,,,,,,,,A,7,False,0,
25605,674,4,01:46,494,78,81,1763,Dolomiti Energia Trentino,0,9327,24,Isaiah,Bigelow,Tiro libero segnato,,,,,,,,A,7,False,0,673
25605,675,4,01:46,494,78,81,1760,UNA Hotels Reggio Emilia,1,,,,,Time Out,,,,,,,0,,,False,0,
25605,676,4,01:46,494,78,81,1763,Dolomiti Energia Trentino,0,7449,21,Selom,Mawugbe,Ingresso,,,,,,,,,,False,0,
25605,677,4,01:46,494,78,81,1763,Dolomiti Energia Trentino,0,9327,24,Isaiah,Bigelow,Uscita,,,,,,,,,,False,0,676
25605,678,4,01:37,503,78,81,1760,UNA Hotels Reggio Emilia,1,5125,20,Luca,Severini,Palla persa,50,Passaggio sbagliato,,,16,52,0,A,6,False,0,
25605,679,4,01:37,503,78,81,1763,Dolomiti Energia Trentino,0,,,,,Palle recuperate di squadra,,,,,16,52,0,A,6,False,0,678
25605,680,4,01:22,518,78,81,1763,Dolomiti Energia Trentino,0,9329,4,Charles,Brown,Palla persa,50,Passaggio sbagliato,,,85,42,1,A,6,False,0,
25605,681,4,01:22,518,78,81,1760,UNA Hotels Reggio Emilia,1,,,,,Palle recuperate di squadra,,,,,85,42,1,A,6,False,0,680
25605,682,4,01:22,518,78,81,1760,UNA Hotels Reggio Emilia,1,5663,16,Lorenzo,Uglietti,Uscita,,,,,,,,,,False,0,
25605,683,4,01:22,518,78,81,1760,UNA Hotels Reggio Emilia,1,9353,44,Speedy,Smith,Ingresso,,,,,,,,,,False,0,682
25605,684,4,01:22,518,78,81,1760,UNA Hotels Reggio Emilia,1,5125,20,Luca,Severini,Uscita,,,,,,,,,,False,0,
25605,685,4,01:22,518,78,81,1760,UNA Hotels Reggio Emilia,1,7034,34,Derek,Ogbeide,Ingresso,,,,,,,,,,False,0,684
25605,686,4,01:05,535,78,81,1760,UNA Hotels Reggio Emilia,1,314,0,Jaylen,Barford,2 punti sbagliato,1,Tiro in sospensione,,,18,48,0,A,6,False,0,
25605,687,4,01:05,535,78,81,1763,Dolomiti Energia Trentino,0,9328,8,Quincy,Olivari,Rimbalzo difensivo,,,,,18,48,0,A,6,False,0,686
25605,688,4,00:43,557,78,81,1763,Dolomiti Energia Trentino,0,9328,8,Quincy,Olivari,2 punti sbagliato,1,Tiro in sospensione,,,93,52,1,A,3,False,0,
25605,689,4,00:43,557,78,81,1760,UNA Hotels Reggio Emilia,1,,,,,Rimbalzi difensivi di squadra,,,,,93,52,1,A,3,False,0,688
25605,690,4,00:35,565,78,81,1760,UNA Hotels Reggio Emilia,1,5663,16,Lorenzo,Uglietti,Ingresso,,,,,,,,,,False,0,
25605,691,4,00:35,565,78,81,1760,UNA Hotels Reggio Emilia,1,9353,44,Speedy,Smith,Uscita,,,,,,,,,,False,0,690
25605,692,4,00:35,565,78,81,1760,UNA Hotels Reggio Emilia,1,314,0,Jaylen,Barford,3 punti sbagliato,1,Tiro in sospensione,,,35,48,0,A,9,False,0,
25605,693,4,00:35,565,78,81,1760,UNA Hotels Reggio Emilia,1,6640,6,Riccardo,Rossato,Rimbalzo offensivo,,,,,35,48,0,A,9,False,0,692
25605,694,4,00:30,570,78,81,1760,UNA Hotels Reggio Emilia,1,9139,4,JT,Thor,3 punti sbagliato,1,Tiro in sospensione,,,34,35,0,A,9,False,0,
25605,695,4,00:30,570,78,81,1763,Dolomiti Energia Trentino,0,9329,4,Charles,Brown,Rimbalzo difensivo,,,,,34,35,0,A,9,False,0,694
25605,696,4,00:19,581,78,83,1763,Dolomiti Energia Trentino,0,9330,0,Darius,Brown,2 punti segnato,1,Tiro in sospensione,,,85,45,1,A,6,True,0,
25605,697,4,00:00,600,78,83,,,,,,,,Fine Tempo,,,,,,,,,,False,0,
25606,102,1,10:00,0,0,0,,,,,,,,Inizio Tempo,,,,,,,,,,False,0,
25606,103,1,10:00,0,0,0,1766,Openjobmetis Varese,1,7428,15,Nate,Renfro,Palla contesa,,,,,,,1,,,False,0,
25606,104,1,09:49,11,3,0,1766,Openjobmetis Varese,1,97,2,Davide,Alviti,3 punti segnato,1,Tiro in sospensione,,,81,5,1,A,10,False,0,
25606,105,1,09:49,11,3,0,1766,Openjobmetis Varese,1,9337,3,David,Duke,Assist,,,,,81,5,1,A,10,False,0,104
25606,106,1,09:24,36,3,3,1750,Virtus Costa Bologna,0,9371,9,Kessler,Edwards,3 punti segnato,1,Tiro in sospensione,,,17,94,0,A,10,False,0,
25606,107,1,09:24,36,3,3,1750,Virtus Costa Bologna,0,9367,1,Trent,Frazier,Assist,,,,,17,94,0,A,10,False,0,106
25606,108,1,08:55,65,3,3,1750,Virtus Costa Bologna,0,9367,1,Trent,Frazier,Fallo commesso,103,tiro,,,70,63,0,D,9,False,0,
25606,109,1,08:55,65,3,3,1766,Openjobmetis Varese,1,9334,12,Hunter,Hale,Fallo Subito,,,,,70,63,0,D,9,False,0,108
25606,110,1,08:55,65,4,3,1766,Openjobmetis Varese,1,9334,12,Hunter,Hale,Tiro libero segnato,,,,,,,,A,7,False,0,
25606,111,1,08:55,65,4,3,1766,Openjobmetis Varese,1,9334,12,Hunter,Hale,Tiro libero sbagliato,,,,,,,,A,7,False,0,110
25606,112,1,08:55,65,5,3,1766,Openjobmetis Varese,1,9334,12,Hunter,Hale,Tiro libero segnato,,,,,,,,A,7,False,0,110
25606,113,1,08:43,77,5,3,1750,Virtus Costa Bologna,0,9004,21,Derrick,Alston,2 punti sbagliato,8,Da penetrazione,,,6,40,0,A,3,False,0,
25606,114,1,08:43,77,5,3,1750,Virtus Costa Bologna,0,1774,35,Mouhamet Rassoul,Diouf,Rimbalzo offensivo,,,,,6,40,0,A,3,False,0,113
25606,115,1,08:38,82,5,3,1766,Openjobmetis Varese,1,9337,3,David,Duke,Fallo commesso,100,personale,,,7,48,1,D,3,False,0,
25606,116,1,08:38,82,5,3,1750,Virtus Costa Bologna,0,1774,35,Mouhamet Rassoul,Diouf,Fallo Subito,,,,,7,48,1,D,3,False,0,115
25606,117,1,08:31,89,5,5,1750,Virtus Costa Bologna,0,1774,35,Mouhamet Rassoul,Diouf,2 punti segnato,9,Schiacciata,,,10,49,0,A,6,True,1,
25606,118,1,08:09,111,5,5,1766,Openjobmetis Varese,1,9337,3,David,Duke,2 punti sbagliato,6,Arresto e tiro,,,82,70,1,A,2,False,0,
25606,119,1,08:09,111,5,5,1750,Virtus Costa Bologna,0,9004,21,Derrick,Alston,Rimbalzo difensivo,,,,,82,70,1,A,2,False,0,118
25606,120,1,08:02,118,5,5,1750,Virtus Costa Bologna,0,9004,21,Derrick,Alston,Palla persa,50,Passaggio sbagliato,,,13,35,0,A,2,False,0,
25606,121,1,08:02,118,5,5,1766,Openjobmetis Varese,1,9337,3,David,Duke,Palla recuperata,,,,,13,35,0,A,2,False,0,120
25606,122,1,07:50,130,5,5,1766,Openjobmetis Varese,1,9334,12,Hunter,Hale,3 punti sbagliato,1,Tiro in sospensione,,,74,83,1,A,8,False,0,
25606,123,1,07:50,130,5,5,1750,Virtus Costa Bologna,0,9371,9,Kessler,Edwards,Rimbalzo difensivo,,,,,74,83,1,A,8,False,0,122
25606,124,1,07:40,140,5,5,1750,Virtus Costa Bologna,0,9371,9,Kessler,Edwards,3 punti sbagliato,1,Tiro in sospensione,,,32,83,0,A,10,False,0,
25606,125,1,07:40,140,5,5,1766,Openjobmetis Varese,1,97,2,Davide,Alviti,Rimbalzo difensivo,,,,,32,83,0,A,10,False,0,124
25606,126,1,07:23,157,7,5,1766,Openjobmetis Varese,1,7428,15,Nate,Renfro,2 punti segnato,7,Appoggio a canestro,,,94,54,1,A,3,True,0,
25606,127,1,07:23,157,7,5,1766,Openjobmetis Varese,1,9334,12,Hunter,Hale,Assist,,,,,94,54,1,A,3,False,0,126
25606,128,1,07:08,172,7,8,1750,Virtus Costa Bologna,0,9368,2,Marcus,Carr,3 punti segnato,1,Tiro in sospensione,,,22,91,0,A,10,False,0,
25606,129,1,07:08,172,7,8,1750,Virtus Costa Bologna,0,9367,1,Trent,Frazier,Assist,,,,,22,91,0,A,10,False,0,128
25606,130,1,06:56,184,7,8,1766,Openjobmetis Varese,1,9334,12,Hunter,Hale,Palla persa,50,Passaggio sbagliato,,,68,35,1,A,9,False,0,
25606,131,1,06:56,184,7,8,1750,Virtus Costa Bologna,0,1774,35,Mouhamet Rassoul,Diouf,Palla recuperata,,,,,68,35,1,A,9,False,0,130
25606,132,1,06:49,191,7,10,1750,Virtus Costa Bologna,0,9004,21,Derrick,Alston,2 punti segnato,7,Appoggio a canestro,500,contropiede,7,54,0,A,3,True,0,
25606,133,1,06:49,191,7,10,1750,Virtus Costa Bologna,0,9368,2,Marcus,Carr,Assist,,,500,contropiede,7,54,0,A,3,False,0,132
25606,134,1,06:39,201,7,10,1766,Openjobmetis Varese,1,9334,12,Hunter,Hale,2 punti sbagliato,8,Da penetrazione,,,92,54,1,A,3,False,0,
25606,135,1,06:39,201,7,10,1750,Virtus Costa Bologna,0,9368,2,Marcus,Carr,Rimbalzo difensivo,,,,,92,54,1,A,3,False,0,134
25606,136,1,06:34,206,7,10,1766,Openjobmetis Varese,1,7428,15,Nate,Renfro,Fallo commesso,103,tiro,,,5,50,1,D,3,False,0,
25606,137,1,06:34,206,7,10,1750,Virtus Costa Bologna,0,9004,21,Derrick,Alston,Fallo Subito,,,,,5,50,1,D,3,False,0,136
25606,138,1,06:34,206,7,10,1766,Openjobmetis Varese,1,9337,3,David,Duke,Uscita,,,,,,,,,,False,0,
25606,139,1,06:34,206,7,10,1766,Openjobmetis Varese,1,4034,11,Stefan,Nikolic,Uscita,,,,,,,,,,False,0,138
25606,140,1,06:34,206,7,10,1766,Openjobmetis Varese,1,3207,13,Matteo,Librizzi,Ingresso,,,,,,,,,,False,0,138
25606,141,1,06:34,206,7,10,1766,Openjobmetis Varese,1,9335,22,Isaiah,Roby,Ingresso,,,,,,,,,,False,0,138
25606,142,1,06:34,206,7,11,1750,Virtus Costa Bologna,0,9004,21,Derrick,Alston,Tiro libero segnato,,,,,,,,A,7,False,0,
25606,143,1,06:34,206,7,12,1750,Virtus Costa Bologna,0,9004,21,Derrick,Alston,Tiro libero segnato,,,,,,,,A,7,False,0,142
25606,144,1,06:34,206,7,12,1750,Virtus Costa Bologna,0,9368,2,Marcus,Carr,Assist,,,,,,,,,,False,0,142
25606,145,1,06:34,206,7,12,1750,Virtus Costa Bologna,0,9043,31,Aliou,Diarra,Ingresso,,,,,,,,,,False,0,
25606,146,1,06:34,206,7,12,1750,Virtus Costa Bologna,0,1774,35,Mouhamet Rassoul,Diouf,Uscita,,,,,,,,,,False,0,145
25606,147,1,06:15,225,9,12,1766,Openjobmetis Varese,1,3207,13,Matteo,Librizzi,2 punti segnato,8,Da penetrazione,,,95,63,1,A,2,True,0,
25606,148,1,06:07,233,9,12,1750,Virtus Costa Bologna,0,9368,2,Marcus,Carr,3 punti sbagliato,1,Tiro in sospensione,,,20,11,0,A,8,False,0,
25606,149,1,06:07,233,9,12,1750,Virtus Costa Bologna,0,,,,,Rimbalzi offensivi di squadra,,,,,20,11,0,A,8,False,0,148
25606,150,1,06:03,237,9,12,1766,Openjobmetis Varese,1,7428,15,Nate,Renfro,Uscita,,,,,,,,,,False,0,
25606,151,1,06:03,237,9,12,1766,Openjobmetis Varese,1,7014,17,Ismael,Kamagate,Ingresso,,,,,,,,,,False,0,150
25606,152,1,06:03,237,9,12,1750,Virtus Costa Bologna,0,9004,21,Derrick,Alston,Uscita,,,,,,,,,,False,0,150
25606,153,1,06:03,237,9,12,1750,Virtus Costa Bologna,0,2608,23,Daniel,Hackett,Ingresso,,,,,,,,,,False,0,150
25606,154,1,05:54,246,9,15,1750,Virtus Costa Bologna,0,2608,23,Daniel,Hackett,3 punti segnato,1,Tiro in sospensione,,,31,78,0,A,10,False,0,
25606,155,1,05:54,246,9,15,1750,Virtus Costa Bologna,0,9368,2,Marcus,Carr,Assist,,,,,31,78,0,A,10,False,0,154
25606,156,1,05:39,261,9,15,1766,Openjobmetis Varese,1,7014,17,Ismael,Kamagate,Fallo commesso,106,offensivo,,,76,51,1,A,7,False,0,
25606,157,1,05:39,261,9,15,1766,Openjobmetis Varese,1,7014,17,Ismael,Kamagate,Palla persa,,,,,76,51,1,A,7,False,0,156
25606,158,1,05:39,261,9,15,1750,Virtus Costa Bologna,0,9367,1,Trent,Frazier,Fallo Subito,,,,,76,51,1,A,7,False,0,156
25606,159,1,05:39,261,9,15,1750,Virtus Costa Bologna,0,9367,1,Trent,Frazier,Uscita,,,,,,,,,,False,0,
25606,160,1,05:39,261,9,15,1750,Virtus Costa Bologna,0,274,11,Tommaso,Baldasso,Ingresso,,,,,,,,,,False,0,159
25606,161,1,05:19,281,9,15,1750,Virtus Costa Bologna,0,9043,31,Aliou,Diarra,Palla persa,56,3 secondi,,,9,48,0,A,3,False,0,
25606,162,1,05:19,281,9,15,1766,Openjobmetis Varese,1,97,2,Davide,Alviti,Uscita,,,,,,,,,,False,0,
25606,163,1,05:19,281,9,15,1766,Openjobmetis Varese,1,2790,35,Iris,Ikangi,Ingresso,,,,,,,,,,False,0,162
25606,164,1,04:59,301,9,15,1766,Openjobmetis Varese,1,9334,12,Hunter,Hale,2 punti sbagliato,6,Arresto e tiro,,,76,47,1,A,7,False,0,
25606,165,1,04:59,301,9,15,1766,Openjobmetis Varese,1,9335,22,Isaiah,Roby,Rimbalzo offensivo,,,,,76,47,1,A,7,False,0,164
25606,166,1,04:54,306,9,15,1766,Openjobmetis Varese,1,9334,12,Hunter,Hale,3 punti sbagliato,1,Tiro in sospensione,,,67,63,1,A,9,False,0,
25606,167,1,04:54,306,9,15,1750,Virtus Costa Bologna,0,9371,9,Kessler,Edwards,Rimbalzo difensivo,,,,,67,63,1,A,9,False,0,166
25606,168,1,04:48,312,9,15,1750,Virtus Costa Bologna,0,2608,23,Daniel,Hackett,3 punti sbagliato,1,Tiro in sospensione,,,18,6,0,A,8,False,0,
25606,169,1,04:48,312,9,15,1766,Openjobmetis Varese,1,,,,,Rimbalzi difensivi di squadra,,,,,18,6,0,A,8,False,0,168
25606,170,1,04:44,316,9,15,1750,Virtus Costa Bologna,0,9371,9,Kessler,Edwards,Uscita,,,,,,,,,,False,0,
25606,171,1,04:44,316,9,15,1750,Virtus Costa Bologna,0,9372,34,Bo,Klintman,Ingresso,,,,,,,,,,False,0,170
25606,172,1,04:34,326,12,15,1766,Openjobmetis Varese,1,3207,13,Matteo,Librizzi,3 punti segnato,6,Arresto e tiro,,,70,25,1,A,10,False,0,
25606,173,1,04:26,334,12,15,1750,Virtus Costa Bologna,0,9043,31,Aliou,Diarra,2 punti sbagliato,10,Alley-oop,,,5,48,0,A,3,False,0,
25606,174,1,04:26,334,12,15,1766,Openjobmetis Varese,1,7014,17,Ismael,Kamagate,Rimbalzo difensivo,,,,,5,48,0,A,3,False,0,173
25606,175,1,04:17,343,12,15,1766,Openjobmetis Varese,1,9337,3,David,Duke,Ingresso,,,,,,,,,,False,0,
25606,176,1,04:17,343,12,15,1766,Openjobmetis Varese,1,9334,12,Hunter,Hale,Uscita,,,,,,,,,,False,0,175
25606,177,1,04:17,343,12,15,1750,Virtus Costa Bologna,0,9368,2,Marcus,Carr,Uscita,,,,,,,,,,False,0,175
25606,178,1,04:17,343,12,15,1750,Virtus Costa Bologna,0,1051,7,Davide,Casarin,Ingresso,,,,,,,,,,False,0,175
25606,179,1,04:17,343,12,15,1750,Virtus Costa Bologna,0,9043,31,Aliou,Diarra,Uscita,,,,,,,,,,False,0,
25606,180,1,04:17,343,12,15,1750,Virtus Costa Bologna,0,1774,35,Mouhamet Rassoul,Diouf,Ingresso,,,,,,,,,,False,0,179
25606,181,1,04:09,351,12,15,1766,Openjobmetis Varese,1,3207,13,Matteo,Librizzi,Palla persa,55,Infrazione di campo,,,26,35,1,D,7,False,0,
25606,182,1,04:09,351,12,15,1750,Virtus Costa Bologna,0,9043,31,Aliou,Diarra,Ingresso,,,,,,,,,,False,0,
25606,183,1,04:09,351,12,15,1750,Virtus Costa Bologna,0,1774,35,Mouhamet Rassoul,Diouf,Uscita,,,,,,,,,,False,0,182
25606,184,1,04:01,359,12,15,1750,Virtus Costa Bologna,0,274,11,Tommaso,Baldasso,3 punti sbagliato,1,Tiro in sospensione,,,28,17,0,A,8,False,0,
25606,185,1,04:01,359,12,15,1766,Openjobmetis Varese,1,3207,13,Matteo,Librizzi,Rimbalzo difensivo,,,,,28,17,0,A,8,False,0,184
25606,186,1,03:50,370,12,15,1766,Openjobmetis Varese,1,9335,22,Isaiah,Roby,3 punti sbagliato,1,Tiro in sospensione,,,86,6,1,A,10,False,0,
25606,187,1,03:50,370,12,15,1750,Virtus Costa Bologna,0,,,,,Rimbalzi difensivi di squadra,,,,,86,6,1,A,4,False,0,186
25606,188,1,03:48,372,12,15,1766,Openjobmetis Varese,1,7014,17,Ismael,Kamagate,Fallo commesso,100,personale,,,96,33,1,A,4,False,0,
25606,189,1,03:48,372,12,15,1750,Virtus Costa Bologna,0,9043,31,Aliou,Diarra,Fallo Subito,,,,,96,33,1,A,4,False,0,188
25606,190,1,03:36,384,12,17,1750,Virtus Costa Bologna,0,9372,34,Bo,Klintman,2 punti segnato,11,Gancio,,,14,39,0,A,6,True,0,
25606,191,1,03:36,384,12,17,1750,Virtus Costa Bologna,0,2608,23,Daniel,Hackett,Assist,,,,,14,39,0,A,6,False,0,190
25606,192,1,03:12,408,14,17,1766,Openjobmetis Varese,1,7014,17,Ismael,Kamagate,2 punti segnato,2,Tiro in corsa,,,85,45,1,A,6,True,0,
25606,193,1,03:12,408,14,17,1766,Openjobmetis Varese,1,2790,35,Iris,Ikangi,Assist,,,,,85,45,1,A,6,False,0,192
25606,194,1,02:53,427,14,17,1766,Openjobmetis Varese,1,9335,22,Isaiah,Roby,Fallo commesso,100,personale,,,34,50,1,D,9,False,0,
25606,195,1,02:53,427,14,17,1750,Virtus Costa Bologna,0,274,11,Tommaso,Baldasso,Fallo Subito,,,,,34,50,1,D,9,False,0,194
25606,196,1,02:53,427,14,17,1766,Openjobmetis Varese,1,4034,11,Stefan,Nikolic,Ingresso,,,,,,,,,,False,0,
25606,197,1,02:53,427,14,17,1766,Openjobmetis Varese,1,7014,17,Ismael,Kamagate,Uscita,,,,,,,,,,False,0,196
25606,198,1,02:53,427,14,17,1750,Virtus Costa Bologna,0,9004,21,Derrick,Alston,Ingresso,,,,,,,,,,False,0,
25606,199,1,02:53,427,14,17,1750,Virtus Costa Bologna,0,2608,23,Daniel,Hackett,Uscita,,,,,,,,,,False,0,198
25606,200,1,02:53,427,14,18,1750,Virtus Costa Bologna,0,274,11,Tommaso,Baldasso,Tiro libero segnato,,,,,,,,A,7,False,0,
25606,201,1,02:53,427,14,19,1750,Virtus Costa Bologna,0,274,11,Tommaso,Baldasso,Tiro libero segnato,,,,,,,,A,7,False,0,200
25606,202,1,02:46,434,14,19,1750,Virtus Costa Bologna,0,1051,7,Davide,Casarin,Fallo commesso,100,personale,,,55,56,0,D,9,False,0,
25606,203,1,02:46,434,14,19,1766,Openjobmetis Varese,1,3207,13,Matteo,Librizzi,Fallo Subito,,,,,55,56,0,D,9,False,0,202
25606,204,1,02:35,445,14,19,1766,Openjobmetis Varese,1,9337,3,David,Duke,2 punti sbagliato,2,Tiro in corsa,1005,stoppata,83,49,1,A,6,False,0,
25606,205,1,02:35,445,14,19,1750,Virtus Costa Bologna,0,9372,34,Bo,Klintman,Stoppata,,,,,83,49,1,A,6,False,0,204
25606,206,1,02:35,445,14,19,1766,Openjobmetis Varese,1,9337,3,David,Duke,Stoppata subita,,,,,83,49,1,A,6,False,0,204
25606,207,1,02:35,445,14,19,1750,Virtus Costa Bologna,0,9043,31,Aliou,Diarra,Rimbalzo difensivo,,,,,83,49,1,A,6,False,0,204
25606,208,1,02:29,451,14,19,1750,Virtus Costa Bologna,0,9043,31,Aliou,Diarra,Palla persa,54,Fuori dal campo,,,45,52,0,A,9,False,0,
25606,209,1,02:18,462,14,19,1766,Openjobmetis Varese,1,9335,22,Isaiah,Roby,Palla persa,53,Passi,,,64,47,1,A,9,False,0,
25606,210,1,02:06,474,14,19,1750,Virtus Costa Bologna,0,274,11,Tommaso,Baldasso,3 punti sbagliato,1,Tiro in sospensione,,,14,95,0,A,10,False,0,
25606,211,1,02:06,474,14,19,1766,Openjobmetis Varese,1,3207,13,Matteo,Librizzi,Rimbalzo difensivo,,,,,14,95,0,A,10,False,0,210
25606,212,1,01:51,489,14,19,1766,Openjobmetis Varese,1,3207,13,Matteo,Librizzi,3 punti sbagliato,6,Arresto e tiro,,,68,43,1,A,9,False,0,
25606,213,1,01:51,489,14,19,1750,Virtus Costa Bologna,0,9372,34,Bo,Klintman,Rimbalzo difensivo,,,,,68,43,1,A,9,False,0,212
25606,214,1,01:44,496,14,21,1750,Virtus Costa Bologna,0,274,11,Tommaso,Baldasso,2 punti segnato,8,Da penetrazione,,,7,53,0,A,3,True,0,
25606,215,1,01:44,496,14,21,1766,Openjobmetis Varese,1,3207,13,Matteo,Librizzi,Fallo commesso,103,tiro,,,7,53,1,D,3,False,0,
25606,216,1,01:44,496,14,21,1750,Virtus Costa Bologna,0,274,11,Tommaso,Baldasso,Fallo Subito,,,,,7,53,1,D,3,False,0,215
25606,217,1,01:44,496,14,21,1766,Openjobmetis Varese,1,,,,,Time Out,,,,,,,1,,,False,0,
25606,218,1,01:44,496,14,21,1766,Openjobmetis Varese,1,97,2,Davide,Alviti,Ingresso,,,,,,,,,,False,0,
25606,219,1,01:44,496,14,21,1766,Openjobmetis Varese,1,3207,13,Matteo,Librizzi,Uscita,,,,,,,,,,False,0,218
25606,220,1,01:44,496,14,21,1766,Openjobmetis Varese,1,7428,15,Nate,Renfro,Ingresso,,,,,,,,,,False,0,218
25606,221,1,01:44,496,14,21,1766,Openjobmetis Varese,1,9335,22,Isaiah,Roby,Uscita,,,,,,,,,,False,0,218
25606,222,1,01:44,496,14,21,1750,Virtus Costa Bologna,0,9367,1,Trent,Frazier,Ingresso,,,,,,,,,,False,0,218
25606,223,1,01:44,496,14,21,1750,Virtus Costa Bologna,0,1051,7,Davide,Casarin,Uscita,,,,,,,,,,False,0,218
25606,224,1,01:44,496,14,22,1750,Virtus Costa Bologna,0,274,11,Tommaso,Baldasso,Tiro libero segnato,,,,,,,,A,7,False,0,
25606,225,1,01:26,514,17,22,1766,Openjobmetis Varese,1,2790,35,Iris,Ikangi,3 punti segnato,1,Tiro in sospensione,,,91,98,1,A,1,False,0,
25606,226,1,01:26,514,17,22,1766,Openjobmetis Varese,1,97,2,Davide,Alviti,Assist,,,,,91,98,1,A,1,False,0,225
25606,227,1,01:06,534,17,22,1750,Virtus Costa Bologna,0,9004,21,Derrick,Alston,3 punti sbagliato,1,Tiro in sospensione,,,24,10,0,A,8,False,0,
25606,228,1,01:06,534,17,22,1750,Virtus Costa Bologna,0,,,,,Rimbalzi offensivi di squadra,,,,,24,10,0,A,8,False,0,227
25606,229,1,01:04,536,17,22,1766,Openjobmetis Varese,1,9334,12,Hunter,Hale,Ingresso,,,,,,,,,,False,0,
25606,230,1,01:04,536,17,22,1766,Openjobmetis Varese,1,2790,35,Iris,Ikangi,Uscita,,,,,,,,,,False,0,229
25606,231,1,01:04,536,17,22,1750,Virtus Costa Bologna,0,274,11,Tommaso,Baldasso,3 punti sbagliato,1,Tiro in sospensione,,,32,63,0,A,9,False,0,
25606,232,1,01:04,536,17,22,1766,Openjobmetis Varese,1,7428,15,Nate,Renfro,Rimbalzo difensivo,,,,,32,63,0,A,9,False,0,231
25606,233,1,01:03,537,17,22,1766,Openjobmetis Varese,1,9334,12,Hunter,Hale,Palla persa,50,Passaggio sbagliato,,,66,60,1,A,9,False,0,
25606,234,1,01:03,537,17,22,1750,Virtus Costa Bologna,0,9372,34,Bo,Klintman,Palla recuperata,,,,,66,60,1,A,9,False,0,233
25606,235,1,00:57,543,17,24,1750,Virtus Costa Bologna,0,9004,21,Derrick,Alston,2 punti segnato,9,Schiacciata,500,contropiede,5,58,0,A,3,True,1,
25606,236,1,00:57,543,17,24,1750,Virtus Costa Bologna,0,9367,1,Trent,Frazier,Assist,,,500,contropiede,5,58,0,A,3,False,0,235
25606,237,1,00:43,557,17,24,1750,Virtus Costa Bologna,0,274,11,Tommaso,Baldasso,Fallo commesso,100,personale,,,63,54,0,D,9,False,0,
25606,238,1,00:43,557,17,24,1766,Openjobmetis Varese,1,9337,3,David,Duke,Fallo Subito,,,,,63,54,0,D,9,False,0,237
25606,239,1,00:43,557,17,24,1750,Virtus Costa Bologna,0,274,11,Tommaso,Baldasso,Uscita,,,,,,,,,,False,0,
25606,240,1,00:43,557,17,24,1750,Virtus Costa Bologna,0,2608,23,Daniel,Hackett,Ingresso,,,,,,,,,,False,0,239
25606,241,1,00:36,564,19,24,1766,Openjobmetis Varese,1,7428,15,Nate,Renfro,2 punti segnato,9,Schiacciata,,,91,47,1,A,3,True,1,
25606,242,1,00:36,564,19,24,1766,Openjobmetis Varese,1,97,2,Davide,Alviti,Assist,,,,,91,47,1,A,3,False,0,241
25606,243,1,00:20,580,19,24,1750,Virtus Costa Bologna,0,9367,1,Trent,Frazier,3 punti sbagliato,6,Arresto e tiro,,,33,50,0,A,9,False,0,
25606,244,1,00:20,580,19,24,1750,Virtus Costa Bologna,0,,,,,Rimbalzi offensivi di squadra,,,,,33,50,0,A,9,False,0,243
25606,245,1,00:18,582,19,24,1766,Openjobmetis Varese,1,97,2,Davide,Alviti,Fallo commesso,100,personale,,,17,45,1,D,6,False,0,
25606,246,1,00:18,582,19,24,1750,Virtus Costa Bologna,0,9043,31,Aliou,Diarra,Fallo Subito,,,,,17,45,1,D,6,False,0,245
25606,247,1,00:18,582,19,24,1750,Virtus Costa Bologna,0,9367,1,Trent,Frazier,Uscita,,,,,,,,,,False,0,
25606,248,1,00:18,582,19,24,1750,Virtus Costa Bologna,0,1051,7,Davide,Casarin,Ingresso,,,,,,,,,,False,0,247
25606,249,1,00:18,582,19,25,1750,Virtus Costa Bologna,0,9043,31,Aliou,Diarra,Tiro libero segnato,,,,,,,,A,7,False,0,
25606,250,1,00:18,582,19,26,1750,Virtus Costa Bologna,0,9043,31,Aliou,Diarra,Tiro libero segnato,,,,,,,,A,7,False,0,249
25606,251,1,00:03,597,21,26,1766,Openjobmetis Varese,1,7428,15,Nate,Renfro,2 punti segnato,7,Appoggio a canestro,,,93,45,1,A,3,True,0,
25606,252,1,00:03,597,21,26,1766,Openjobmetis Varese,1,97,2,Davide,Alviti,Assist,,,,,93,45,1,A,3,False,0,251
25606,253,1,00:00,600,21,26,,,,,,,,Fine Tempo,,,,,,,,,,False,0,
25606,254,2,10:00,0,21,26,1766,Openjobmetis Varese,1,9337,3,David,Duke,Uscita,,,,,,,,,,False,0,
25606,255,2,10:00,0,21,26,1766,Openjobmetis Varese,1,6556,5,Mauro,Villa,Ingresso,,,,,,,,,,False,0,254
25606,256,2,10:00,0,21,26,1750,Virtus Costa Bologna,0,9367,1,Trent,Frazier,Ingresso,,,,,,,,,,False,0,254
25606,257,2,10:00,0,21,26,1750,Virtus Costa Bologna,0,9368,2,Marcus,Carr,Ingresso,,,,,,,,,,False,0,254
25606,258,2,10:00,0,21,26,1750,Virtus Costa Bologna,0,1051,7,Davide,Casarin,Uscita,,,,,,,,,,False,0,254
25606,259,2,10:00,0,21,26,1750,Virtus Costa Bologna,0,9371,9,Kessler,Edwards,Ingresso,,,,,,,,,,False,0,254
25606,260,2,10:00,0,21,26,1750,Virtus Costa Bologna,0,2608,23,Daniel,Hackett,Uscita,,,,,,,,,,False,0,254
25606,261,2,10:00,0,21,26,1750,Virtus Costa Bologna,0,9043,31,Aliou,Diarra,Uscita,,,,,,,,,,False,0,254
25606,262,2,10:00,0,21,26,1750,Virtus Costa Bologna,0,9372,34,Bo,Klintman,Uscita,,,,,,,,,,False,0,254
25606,263,2,10:00,0,21,26,1750,Virtus Costa Bologna,0,1774,35,Mouhamet Rassoul,Diouf,Ingresso,,,,,,,,,,False,0,254
25606,264,2,10:00,0,21,26,,,,,,,,Inizio Tempo,,,,,,,,,,False,0,
25606,265,2,09:47,13,23,26,1766,Openjobmetis Varese,1,97,2,Davide,Alviti,2 punti segnato,9,Schiacciata,,,91,51,1,A,3,True,1,
25606,266,2,09:47,13,23,26,1766,Openjobmetis Varese,1,6556,5,Mauro,Villa,Assist,,,,,91,51,1,A,3,False,0,265
25606,267,2,09:34,26,23,29,1750,Virtus Costa Bologna,0,9004,21,Derrick,Alston,3 punti segnato,6,Arresto e tiro,,,20,10,0,A,8,False,0,
25606,268,2,09:34,26,23,29,1750,Virtus Costa Bologna,0,9368,2,Marcus,Carr,Assist,,,,,20,10,0,A,8,False,0,267
25606,269,2,09:06,54,23,29,1766,Openjobmetis Varese,1,9334,12,Hunter,Hale,2 punti sbagliato,8,Da penetrazione,1005,stoppata,94,59,1,A,3,False,0,
25606,270,2,09:06,54,23,29,1750,Virtus Costa Bologna,0,1774,35,Mouhamet Rassoul,Diouf,Stoppata,,,,,94,59,1,A,3,False,0,269
25606,271,2,09:06,54,23,29,1766,Openjobmetis Varese,1,9334,12,Hunter,Hale,Stoppata subita,,,,,94,59,1,A,3,False,0,269
25606,272,2,09:06,54,23,29,1766,Openjobmetis Varese,1,,,,,Palle perse di squadra,1006,violazione 24sec,,,94,59,1,A,3,False,0,269
25606,273,2,09:06,54,23,29,1750,Virtus Costa Bologna,0,9004,21,Derrick,Alston,Uscita,,,,,,,,,,False,0,
25606,274,2,09:06,54,23,29,1750,Virtus Costa Bologna,0,2608,23,Daniel,Hackett,Ingresso,,,,,,,,,,False,0,273
25606,275,2,08:54,66,23,31,1750,Virtus Costa Bologna,0,9371,9,Kessler,Edwards,2 punti segnato,9,Schiacciata,,,7,47,0,A,3,True,1,
25606,276,2,08:54,66,23,31,1750,Virtus Costa Bologna,0,2608,23,Daniel,Hackett,Assist,,,,,7,47,0,A,3,False,0,275
25606,277,2,08:34,86,25,31,1766,Openjobmetis Varese,1,4034,11,Stefan,Nikolic,2 punti segnato,7,Appoggio a canestro,,,90,54,1,A,6,True,0,
25606,278,2,08:34,86,25,31,1766,Openjobmetis Varese,1,7428,15,Nate,Renfro,Assist,,,,,90,54,1,A,6,False,0,277
25606,279,2,08:27,93,25,31,1766,Openjobmetis Varese,1,6556,5,Mauro,Villa,Fallo commesso,100,personale,,,57,19,1,A,10,False,0,
25606,280,2,08:27,93,25,31,1750,Virtus Costa Bologna,0,9368,2,Marcus,Carr,Fallo Subito,,,,,57,19,1,A,10,False,0,279
25606,281,2,08:17,103,25,31,1750,Virtus Costa Bologna,0,9368,2,Marcus,Carr,2 punti sbagliato,2,Tiro in corsa,,,14,57,0,A,6,False,0,
25606,282,2,08:17,103,25,31,1766,Openjobmetis Varese,1,9334,12,Hunter,Hale,Rimbalzo difensivo,,,,,14,57,0,A,6,False,0,281
25606,283,2,08:11,109,25,31,1750,Virtus Costa Bologna,0,2608,23,Daniel,Hackett,Fallo commesso,100,personale,,,22,53,0,A,7,False,0,
25606,284,2,08:11,109,25,31,1766,Openjobmetis Varese,1,9334,12,Hunter,Hale,Fallo Subito,,,,,22,53,0,A,7,False,0,283
25606,285,2,08:04,116,25,31,1766,Openjobmetis Varese,1,9334,12,Hunter,Hale,3 punti sbagliato,6,Arresto e tiro,,,68,56,1,A,9,False,0,
25606,286,2,08:04,116,25,31,1750,Virtus Costa Bologna,0,9371,9,Kessler,Edwards,Rimbalzo difensivo,,,,,68,56,1,A,9,False,0,285
25606,287,2,07:56,124,25,33,1750,Virtus Costa Bologna,0,9368,2,Marcus,Carr,2 punti segnato,2,Tiro in corsa,500,contropiede,9,54,0,A,3,True,0,
25606,288,2,07:33,147,25,33,1766,Openjobmetis Varese,1,6556,5,Mauro,Villa,3 punti sbagliato,1,Tiro in sospensione,,,73,85,1,A,8,False,0,
25606,289,2,07:33,147,25,33,1766,Openjobmetis Varese,1,97,2,Davide,Alviti,Rimbalzo offensivo,,,,,73,85,1,A,8,False,0,288
25606,290,2,07:11,169,27,33,1766,Openjobmetis Varese,1,97,2,Davide,Alviti,2 punti segnato,7,Appoggio a canestro,,,92,45,1,A,3,True,0,
25606,291,2,07:09,171,27,33,1766,Openjobmetis Varese,1,97,2,Davide,Alviti,Fallo commesso,100,personale,,,56,53,1,A,9,False,0,
25606,292,2,07:09,171,27,33,1750,Virtus Costa Bologna,0,9368,2,Marcus,Carr,Fallo Subito,,,,,56,53,1,A,9,False,0,291
25606,293,2,07:09,171,27,33,1766,Openjobmetis Varese,1,97,2,Davide,Alviti,Uscita,,,,,,,,,,False,0,
25606,294,2,07:09,171,27,33,1766,Openjobmetis Varese,1,4034,11,Stefan,Nikolic,Uscita,,,,,,,,,,False,0,293
25606,295,2,07:09,171,27,33,1766,Openjobmetis Varese,1,7014,17,Ismael,Kamagate,Ingresso,,,,,,,,,,False,0,293
25606,296,2,07:09,171,27,33,1766,Openjobmetis Varese,1,9335,22,Isaiah,Roby,Ingresso,,,,,,,,,,False,0,293
25606,297,2,07:06,174,27,33,1766,Openjobmetis Varese,1,4034,11,Stefan,Nikolic,Ingresso,,,,,,,,,,False,0,
25606,298,2,07:06,174,27,33,1766,Openjobmetis Varese,1,7428,15,Nate,Renfro,Uscita,,,,,,,,,,False,0,297
25606,299,2,07:00,180,27,36,1750,Virtus Costa Bologna,0,9367,1,Trent,Frazier,3 punti segnato,1,Tiro in sospensione,,,32,57,0,A,9,False,0,
25606,300,2,07:00,180,27,36,1750,Virtus Costa Bologna,0,9368,2,Marcus,Carr,Assist,,,,,32,57,0,A,9,False,0,299
25606,301,2,07:00,180,27,36,1766,Openjobmetis Varese,1,4034,11,Stefan,Nikolic,Uscita,,,,,,,,,,False,0,
25606,302,2,07:00,180,27,36,1766,Openjobmetis Varese,1,2790,35,Iris,Ikangi,Ingresso,,,,,,,,,,False,0,301
25606,303,2,07:00,180,27,36,1766,Openjobmetis Varese,1,,,,,Time Out,,,,,,,1,,,False,0,
25606,304,2,07:00,180,27,36,1766,Openjobmetis Varese,1,9337,3,David,Duke,Ingresso,,,,,,,,,,False,0,
25606,305,2,07:00,180,27,36,1766,Openjobmetis Varese,1,6556,5,Mauro,Villa,Uscita,,,,,,,,,,False,0,304
25606,306,2,06:50,190,27,36,1750,Virtus Costa Bologna,0,2608,23,Daniel,Hackett,Fallo commesso,100,personale,,,79,51,0,D,7,False,0,
25606,307,2,06:50,190,27,36,1766,Openjobmetis Varese,1,9335,22,Isaiah,Roby,Fallo Subito,,,,,79,51,0,D,7,False,0,306
25606,308,2,06:50,190,27,36,1750,Virtus Costa Bologna,0,2608,23,Daniel,Hackett,Uscita,,,,,,,,,,False,0,
25606,309,2,06:50,190,27,36,1750,Virtus Costa Bologna,0,7132,24,Francesco,Ferrari,Ingresso,,,,,,,,,,False,0,308
25606,310,2,06:41,199,29,36,1766,Openjobmetis Varese,1,7014,17,Ismael,Kamagate,2 punti segnato,7,Appoggio a canestro,,,90,52,1,A,6,True,0,
25606,311,2,06:41,199,29,36,1766,Openjobmetis Varese,1,9337,3,David,Duke,Assist,,,,,90,52,1,A,6,False,0,310
25606,312,2,06:21,219,29,36,1766,Openjobmetis Varese,1,2790,35,Iris,Ikangi,Fallo commesso,100,personale,,,41,51,1,D,9,False,0,
25606,313,2,06:21,219,29,36,1750,Virtus Costa Bologna,0,9368,2,Marcus,Carr,Fallo Subito,,,,,41,51,1,D,9,False,0,312
25606,314,2,06:07,233,29,36,1750,Virtus Costa Bologna,0,7132,24,Francesco,Ferrari,2 punti sbagliato,7,Appoggio a canestro,,,12,52,0,A,6,False,0,
25606,315,2,06:07,233,29,36,1766,Openjobmetis Varese,1,7014,17,Ismael,Kamagate,Rimbalzo difensivo,,,,,12,52,0,A,6,False,0,314
25606,316,2,05:59,241,29,36,1766,Openjobmetis Varese,1,9335,22,Isaiah,Roby,3 punti sbagliato,6,Arresto e tiro,,,70,77,1,A,8,False,0,
25606,317,2,05:59,241,29,36,1766,Openjobmetis Varese,1,7014,17,Ismael,Kamagate,Rimbalzo offensivo,,,,,70,77,1,A,8,False,0,316
25606,318,2,05:54,246,29,36,1766,Openjobmetis Varese,1,9335,22,Isaiah,Roby,2 punti sbagliato,2,Tiro in corsa,,,90,43,1,A,6,False,0,
25606,319,2,05:54,246,29,36,1750,Virtus Costa Bologna,0,9371,9,Kessler,Edwards,Rimbalzo difensivo,,,,,90,43,1,A,6,False,0,318
25606,320,2,05:44,256,29,39,1750,Virtus Costa Bologna,0,9371,9,Kessler,Edwards,3 punti segnato,1,Tiro in sospensione,,,28,81,0,A,10,False,0,
25606,321,2,05:44,256,29,39,1750,Virtus Costa Bologna,0,7132,24,Francesco,Ferrari,Assist,,,,,28,81,0,A,10,False,0,320
25606,322,2,05:26,274,29,39,1750,Virtus Costa Bologna,0,9367,1,Trent,Frazier,Fallo commesso,103,tiro,,,78,53,0,D,7,False,0,
25606,323,2,05:26,274,29,39,1766,Openjobmetis Varese,1,9334,12,Hunter,Hale,Fallo Subito,,,,,78,53,0,D,7,False,0,322
25606,324,2,05:26,274,29,39,1750,Virtus Costa Bologna,0,9367,1,Trent,Frazier,Uscita,,,,,,,,,,False,0,
25606,325,2,05:26,274,29,39,1750,Virtus Costa Bologna,0,1051,7,Davide,Casarin,Ingresso,,,,,,,,,,False,0,324
25606,326,2,05:26,274,29,39,1750,Virtus Costa Bologna,0,9371,9,Kessler,Edwards,Uscita,,,,,,,,,,False,0,324
25606,327,2,05:26,274,29,39,1750,Virtus Costa Bologna,0,9372,34,Bo,Klintman,Ingresso,,,,,,,,,,False,0,324
25606,328,2,05:26,274,30,39,1766,Openjobmetis Varese,1,9334,12,Hunter,Hale,Tiro libero segnato,,,,,,,,A,7,False,0,
25606,329,2,05:26,274,31,39,1766,Openjobmetis Varese,1,9334,12,Hunter,Hale,Tiro libero segnato,,,,,,,,A,7,False,0,328
25606,330,2,05:26,274,31,39,1766,Openjobmetis Varese,1,9334,12,Hunter,Hale,Uscita,,,,,,,,,,False,0,
25606,331,2,05:26,274,31,39,1766,Openjobmetis Varese,1,3207,13,Matteo,Librizzi,Ingresso,,,,,,,,,,False,0,330
25606,332,2,05:08,292,31,39,1766,Openjobmetis Varese,1,9335,22,Isaiah,Roby,Fallo commesso,103,tiro,,,6,37,1,D,2,False,0,
25606,333,2,05:08,292,31,39,1750,Virtus Costa Bologna,0,9372,34,Bo,Klintman,Fallo Subito,,,,,6,37,1,D,2,False,0,332
25606,334,2,05:08,292,31,39,1750,Virtus Costa Bologna,0,9368,2,Marcus,Carr,Uscita,,,,,,,,,,False,0,
25606,335,2,05:08,292,31,39,1750,Virtus Costa Bologna,0,274,11,Tommaso,Baldasso,Ingresso,,,,,,,,,,False,0,334
25606,336,2,05:08,292,31,40,1750,Virtus Costa Bologna,0,9372,34,Bo,Klintman,Tiro libero segnato,,,,,,,,A,7,False,0,
25606,337,2,05:08,292,31,40,1750,Virtus Costa Bologna,0,9372,34,Bo,Klintman,Tiro libero sbagliato,,,,,,,,A,7,False,0,336
25606,338,2,05:08,292,31,40,1766,Openjobmetis Varese,1,7014,17,Ismael,Kamagate,Rimbalzo difensivo,,,,,,,,,,False,0,336
25606,339,2,04:49,311,33,40,1766,Openjobmetis Varese,1,2790,35,Iris,Ikangi,2 punti segnato,8,Da penetrazione,,,94,41,1,A,3,True,0,
25606,340,2,04:49,311,33,40,1766,Openjobmetis Varese,1,9337,3,David,Duke,Assist,,,,,94,41,1,A,3,False,0,339
25606,341,2,04:44,316,33,40,1750,Virtus Costa Bologna,0,1051,7,Davide,Casarin,Fallo commesso,100,personale,,,63,53,0,D,9,False,0,
25606,342,2,04:44,316,33,40,1766,Openjobmetis Varese,1,3207,13,Matteo,Librizzi,Fallo Subito,,,,,63,53,0,D,9,False,0,341
25606,343,2,04:44,316,33,40,1766,Openjobmetis Varese,1,4034,11,Stefan,Nikolic,Ingresso,,,,,,,,,,False,0,
25606,344,2,04:44,316,33,40,1766,Openjobmetis Varese,1,9335,22,Isaiah,Roby,Uscita,,,,,,,,,,False,0,343
25606,345,2,04:35,325,33,40,1766,Openjobmetis Varese,1,9337,3,David,Duke,Palla persa,50,Passaggio sbagliato,,,64,37,1,A,9,False,0,
25606,346,2,04:35,325,33,40,1750,Virtus Costa Bologna,0,274,11,Tommaso,Baldasso,Palla recuperata,,,,,64,37,1,A,9,False,0,345
25606,347,2,04:25,335,33,40,1750,Virtus Costa Bologna,0,1051,7,Davide,Casarin,2 punti sbagliato,7,Appoggio a canestro,,,8,53,0,A,3,False,0,
25606,348,2,04:25,335,33,40,1766,Openjobmetis Varese,1,7014,17,Ismael,Kamagate,Rimbalzo difensivo,,,,,8,53,0,A,3,False,0,347
25606,349,2,04:18,342,35,40,1766,Openjobmetis Varese,1,4034,11,Stefan,Nikolic,2 punti segnato,9,Schiacciata,500,contropiede,90,53,1,A,6,True,1,
25606,350,2,04:18,342,35,40,1766,Openjobmetis Varese,1,3207,13,Matteo,Librizzi,Assist,,,500,contropiede,90,53,1,A,6,False,0,349
25606,351,2,04:18,342,35,40,1750,Virtus Costa Bologna,0,,,,,Time Out,,,,,,,0,,,False,0,
25606,352,2,04:18,342,35,40,1766,Openjobmetis Varese,1,7428,15,Nate,Renfro,Ingresso,,,,,,,,,,False,0,
25606,353,2,04:18,342,35,40,1766,Openjobmetis Varese,1,7014,17,Ismael,Kamagate,Uscita,,,,,,,,,,False,0,352
25606,354,2,04:04,356,35,42,1750,Virtus Costa Bologna,0,9372,34,Bo,Klintman,2 punti segnato,3,Tiro in fadeaway,,,5,35,0,A,2,True,0,
25606,355,2,04:04,356,35,42,1750,Virtus Costa Bologna,0,1774,35,Mouhamet Rassoul,Diouf,Assist,,,,,5,35,0,A,2,False,0,354
25606,356,2,03:49,371,35,42,1766,Openjobmetis Varese,1,3207,13,Matteo,Librizzi,3 punti sbagliato,6,Arresto e tiro,,,74,17,1,A,10,False,0,
25606,357,2,03:49,371,35,42,1750,Virtus Costa Bologna,0,1774,35,Mouhamet Rassoul,Diouf,Rimbalzo difensivo,,,,,74,17,1,A,10,False,0,356
25606,358,2,03:41,379,35,42,1750,Virtus Costa Bologna,0,1051,7,Davide,Casarin,Palla persa,53,Passi,,,35,31,0,A,9,False,0,
25606,359,2,03:41,379,35,42,1750,Virtus Costa Bologna,0,9043,31,Aliou,Diarra,Ingresso,,,,,,,,,,False,0,
25606,360,2,03:41,379,35,42,1750,Virtus Costa Bologna,0,1774,35,Mouhamet Rassoul,Diouf,Uscita,,,,,,,,,,False,0,359
25606,361,2,03:25,395,35,42,1766,Openjobmetis Varese,1,2790,35,Iris,Ikangi,3 punti sbagliato,1,Tiro in sospensione,,,70,22,1,A,10,False,0,
25606,362,2,03:25,395,35,42,1750,Virtus Costa Bologna,0,9372,34,Bo,Klintman,Rimbalzo difensivo,,,,,70,22,1,A,10,False,0,361
25606,363,2,03:19,401,35,44,1750,Virtus Costa Bologna,0,7132,24,Francesco,Ferrari,2 punti segnato,7,Appoggio a canestro,500,contropiede,6,47,0,A,3,True,0,
25606,364,2,03:19,401,35,44,1750,Virtus Costa Bologna,0,1051,7,Davide,Casarin,Assist,,,500,contropiede,6,47,0,A,3,False,0,363
25606,365,2,03:19,401,35,44,1766,Openjobmetis Varese,1,9337,3,David,Duke,Fallo commesso,103,tiro,500,contropiede,6,47,1,D,3,False,0,
25606,366,2,03:19,401,35,44,1750,Virtus Costa Bologna,0,7132,24,Francesco,Ferrari,Fallo Subito,,,500,contropiede,6,47,1,D,3,False,0,365
25606,367,2,03:19,401,35,44,1766,Openjobmetis Varese,1,97,2,Davide,Alviti,Ingresso,,,,,,,,,,False,0,
25606,368,2,03:19,401,35,44,1766,Openjobmetis Varese,1,9337,3,David,Duke,Uscita,,,,,,,,,,False,0,367
25606,369,2,03:19,401,35,44,1766,Openjobmetis Varese,1,6556,5,Mauro,Villa,Ingresso,,,,,,,,,,False,0,367
25606,370,2,03:19,401,35,44,1766,Openjobmetis Varese,1,2790,35,Iris,Ikangi,Uscita,,,,,,,,,,False,0,367
25606,371,2,03:19,401,35,44,1750,Virtus Costa Bologna,0,7132,24,Francesco,Ferrari,Tiro libero sbagliato,,,,,,,,A,7,False,0,
25606,372,2,03:19,401,35,44,1766,Openjobmetis Varese,1,7428,15,Nate,Renfro,Rimbalzo difensivo,,,,,,,,,,False,0,371
25606,373,2,03:05,415,35,44,1766,Openjobmetis Varese,1,3207,13,Matteo,Librizzi,2 punti sbagliato,8,Da penetrazione,,,95,37,1,A,4,False,0,
25606,374,2,03:05,415,35,44,1750,Virtus Costa Bologna,0,9043,31,Aliou,Diarra,Rimbalzo difensivo,,,,,95,37,1,A,4,False,0,373
25606,375,2,02:57,423,35,44,1750,Virtus Costa Bologna,0,9372,34,Bo,Klintman,3 punti sbagliato,1,Tiro in sospensione,500,contropiede,22,10,0,A,8,False,0,
25606,376,2,02:57,423,35,44,1766,Openjobmetis Varese,1,,,,,Rimbalzi difensivi di squadra,,,,,22,10,0,A,8,False,0,375
25606,377,2,02:56,424,35,44,1766,Openjobmetis Varese,1,9334,12,Hunter,Hale,Ingresso,,,,,,,,,,False,0,
25606,378,2,02:56,424,35,44,1766,Openjobmetis Varese,1,3207,13,Matteo,Librizzi,Uscita,,,,,,,,,,False,0,377
25606,379,2,02:56,424,35,44,1750,Virtus Costa Bologna,0,2608,23,Daniel,Hackett,Ingresso,,,,,,,,,,False,0,
25606,380,2,02:56,424,35,44,1750,Virtus Costa Bologna,0,7132,24,Francesco,Ferrari,Uscita,,,,,,,,,,False,0,379
25606,381,2,02:33,447,35,44,1766,Openjobmetis Varese,1,9334,12,Hunter,Hale,3 punti sbagliato,6,Arresto e tiro,,,73,13,1,A,10,False,0,
25606,382,2,02:33,447,35,44,1750,Virtus Costa Bologna,0,9372,34,Bo,Klintman,Rimbalzo difensivo,,,,,73,13,1,A,10,False,0,381
25606,383,2,02:29,451,35,44,1766,Openjobmetis Varese,1,7428,15,Nate,Renfro,Fallo commesso,100,personale,,,38,91,1,D,10,False,0,
25606,384,2,02:29,451,35,44,1750,Virtus Costa Bologna,0,1051,7,Davide,Casarin,Fallo Subito,,,,,38,91,1,D,10,False,0,383
25606,385,2,02:29,451,35,45,1750,Virtus Costa Bologna,0,1051,7,Davide,Casarin,Tiro libero segnato,,,,,,,,A,7,False,0,
25606,386,2,02:29,451,35,46,1750,Virtus Costa Bologna,0,1051,7,Davide,Casarin,Tiro libero segnato,,,,,,,,A,7,False,0,385
25606,387,2,02:29,451,35,46,1766,Openjobmetis Varese,1,7428,15,Nate,Renfro,Uscita,,,,,,,,,,False,0,
25606,388,2,02:29,451,35,46,1766,Openjobmetis Varese,1,9335,22,Isaiah,Roby,Ingresso,,,,,,,,,,False,0,387
25606,389,2,02:18,462,35,46,1766,Openjobmetis Varese,1,9335,22,Isaiah,Roby,3 punti sbagliato,1,Tiro in sospensione,,,70,31,1,A,9,False,0,
25606,390,2,02:18,462,35,46,1750,Virtus Costa Bologna,0,9368,2,Marcus,Carr,Rimbalzo difensivo,,,,,70,31,0,D,9,False,0,389
25606,391,2,02:10,470,35,46,1750,Virtus Costa Bologna,0,9368,2,Marcus,Carr,Ingresso,,,,,,,,,,False,0,
25606,392,2,02:10,470,35,46,1750,Virtus Costa Bologna,0,1051,7,Davide,Casarin,Uscita,,,,,,,,,,False,0,391
25606,393,2,02:05,475,35,46,1750,Virtus Costa Bologna,0,274,11,Tommaso,Baldasso,3 punti sbagliato,1,Tiro in sospensione,,,32,23,0,A,8,False,0,
25606,394,2,02:05,475,35,46,1766,Openjobmetis Varese,1,,,,,Rimbalzi difensivi di squadra,,,,,32,23,0,A,8,False,0,393
25606,395,2,01:35,505,35,46,1766,Openjobmetis Varese,1,9334,12,Hunter,Hale,2 punti sbagliato,2,Tiro in corsa,,,93,32,1,A,4,False,0,
25606,396,2,01:35,505,35,46,1766,Openjobmetis Varese,1,6556,5,Mauro,Villa,Rimbalzo offensivo,,,,,93,32,1,A,4,False,0,395
25606,397,2,01:19,521,35,46,1766,Openjobmetis Varese,1,9334,12,Hunter,Hale,3 punti sbagliato,5,Tiro in Step Back,,,72,69,1,A,9,False,0,
25606,398,2,01:19,521,35,46,1750,Virtus Costa Bologna,0,9043,31,Aliou,Diarra,Rimbalzo difensivo,,,,,72,69,1,A,7,False,0,397
25606,399,2,01:13,527,35,46,1766,Openjobmetis Varese,1,9335,22,Isaiah,Roby,Fallo commesso,103,tiro,,,7,41,1,D,3,False,0,
25606,400,2,01:13,527,35,46,1750,Virtus Costa Bologna,0,9372,34,Bo,Klintman,Fallo Subito,,,,,7,41,1,D,3,False,0,399
25606,401,2,01:13,527,35,46,1766,Openjobmetis Varese,1,6556,5,Mauro,Villa,Uscita,,,,,,,,,,False,0,
25606,402,2,01:13,527,35,46,1766,Openjobmetis Varese,1,9335,22,Isaiah,Roby,Uscita,,,,,,,,,,False,0,401
25606,403,2,01:13,527,35,46,1766,Openjobmetis Varese,1,3155,34,Maximilian,Ladurner,Ingresso,,,,,,,,,,False,0,401
25606,404,2,01:13,527,35,46,1766,Openjobmetis Varese,1,2790,35,Iris,Ikangi,Ingresso,,,,,,,,,,False,0,401
25606,405,2,01:13,527,35,46,1750,Virtus Costa Bologna,0,9372,34,Bo,Klintman,Tiro libero sbagliato,,,,,,,,A,7,False,0,
25606,406,2,01:13,527,35,46,1750,Virtus Costa Bologna,0,9372,34,Bo,Klintman,Tiro libero sbagliato,,,,,,,,A,7,False,0,405
25606,407,2,01:13,527,35,46,1766,Openjobmetis Varese,1,,,,,Rimbalzi difensivi di squadra,,,,,,,,,,False,0,405
25606,408,2,01:13,527,35,46,1750,Virtus Costa Bologna,0,9371,9,Kessler,Edwards,Ingresso,,,,,,,,,,False,0,
25606,409,2,01:13,527,35,46,1750,Virtus Costa Bologna,0,9372,34,Bo,Klintman,Uscita,,,,,,,,,,False,0,408
25606,410,2,00:47,553,37,46,1766,Openjobmetis Varese,1,9334,12,Hunter,Hale,2 punti segnato,6,Arresto e tiro,,,83,50,1,A,6,True,0,
25606,411,2,00:46,554,37,46,1750,Virtus Costa Bologna,0,,,,,Time Out,,,,,,,0,,,False,0,
25606,412,2,00:46,554,37,46,1750,Virtus Costa Bologna,0,9004,21,Derrick,Alston,Ingresso,,,,,,,,,,False,0,
25606,413,2,00:46,554,37,46,1750,Virtus Costa Bologna,0,9043,31,Aliou,Diarra,Uscita,,,,,,,,,,False,0,412
25606,414,2,00:36,564,37,46,1750,Virtus Costa Bologna,0,274,11,Tommaso,Baldasso,3 punti sbagliato,1,Tiro in sospensione,,,29,76,0,A,10,False,0,
25606,415,2,00:36,564,37,46,1750,Virtus Costa Bologna,0,2608,23,Daniel,Hackett,Rimbalzo offensivo,,,,,29,76,0,A,10,False,0,414
25606,416,2,00:36,564,37,46,1766,Openjobmetis Varese,1,97,2,Davide,Alviti,Fallo commesso,103,tiro,,,4,50,1,D,3,False,0,
25606,417,2,00:36,564,37,46,1750,Virtus Costa Bologna,0,2608,23,Daniel,Hackett,Fallo Subito,,,,,4,50,1,D,3,False,0,416
25606,418,2,00:36,564,37,46,1750,Virtus Costa Bologna,0,2608,23,Daniel,Hackett,Tiro libero sbagliato,,,,,,,,A,7,False,0,
25606,419,2,00:36,564,37,47,1750,Virtus Costa Bologna,0,2608,23,Daniel,Hackett,Tiro libero segnato,,,,,,,,A,7,False,0,418
25606,420,2,00:36,564,37,47,1766,Openjobmetis Varese,1,9337,3,David,Duke,Ingresso,,,,,,,,,,False,0,
25606,421,2,00:36,564,37,47,1766,Openjobmetis Varese,1,3207,13,Matteo,Librizzi,Ingresso,,,,,,,,,,False,0,420
25606,422,2,00:36,564,37,47,1766,Openjobmetis Varese,1,3155,34,Maximilian,Ladurner,Uscita,,,,,,,,,,False,0,420
25606,423,2,00:36,564,37,47,1766,Openjobmetis Varese,1,2790,35,Iris,Ikangi,Uscita,,,,,,,,,,False,0,420
25606,424,2,00:36,564,37,47,1750,Virtus Costa Bologna,0,9004,21,Derrick,Alston,Uscita,,,,,,,,,,False,0,
25606,425,2,00:36,564,37,47,1750,Virtus Costa Bologna,0,9372,34,Bo,Klintman,Ingresso,,,,,,,,,,False,0,424
25606,426,2,00:25,575,39,47,1766,Openjobmetis Varese,1,4034,11,Stefan,Nikolic,2 punti segnato,9,Schiacciata,,,92,52,1,A,3,True,1,
25606,427,2,00:25,575,39,47,1766,Openjobmetis Varese,1,9334,12,Hunter,Hale,Assist,,,,,92,52,1,A,3,False,0,426
25606,428,2,00:05,595,39,47,1750,Virtus Costa Bologna,0,9368,2,Marcus,Carr,2 punti sbagliato,3,Tiro in fadeaway,,,20,49,0,A,6,False,0,
25606,429,2,00:05,595,39,47,1750,Virtus Costa Bologna,0,274,11,Tommaso,Baldasso,Rimbalzo offensivo,,,,,20,49,0,A,6,False,0,428
25606,430,2,00:00,600,39,47,1750,Virtus Costa Bologna,0,274,11,Tommaso,Baldasso,2 punti sbagliato,7,Appoggio a canestro,1005,stoppata,12,52,0,A,6,False,0,
25606,431,2,00:00,600,39,47,1766,Openjobmetis Varese,1,9334,12,Hunter,Hale,Stoppata,,,,,12,52,0,A,6,False,0,430
25606,432,2,00:00,600,39,47,1750,Virtus Costa Bologna,0,274,11,Tommaso,Baldasso,Stoppata subita,,,,,12,52,0,A,6,False,0,430
25606,433,2,00:00,600,39,47,1750,Virtus Costa Bologna,0,9372,34,Bo,Klintman,Rimbalzo offensivo,,,,,12,52,0,A,6,False,0,430
25606,434,2,00:00,600,39,47,,,,,,,,Fine Tempo,,,,,,,,,,False,0,
25606,435,3,10:00,0,39,47,1766,Openjobmetis Varese,1,97,2,Davide,Alviti,Uscita,,,,,,,,,,False,0,
25606,436,3,10:00,0,39,47,1766,Openjobmetis Varese,1,3207,13,Matteo,Librizzi,Uscita,,,,,,,,,,False,0,435
25606,437,3,10:00,0,39,47,1766,Openjobmetis Varese,1,7428,15,Nate,Renfro,Ingresso,,,,,,,,,,False,0,435
25606,438,3,10:00,0,39,47,1766,Openjobmetis Varese,1,2790,35,Iris,Ikangi,Ingresso,,,,,,,,,,False,0,435
25606,439,3,10:00,0,39,47,1750,Virtus Costa Bologna,0,9367,1,Trent,Frazier,Ingresso,,,,,,,,,,False,0,435
25606,440,3,10:00,0,39,47,1750,Virtus Costa Bologna,0,274,11,Tommaso,Baldasso,Uscita,,,,,,,,,,False,0,435
25606,441,3,10:00,0,39,47,1750,Virtus Costa Bologna,0,9004,21,Derrick,Alston,Ingresso,,,,,,,,,,False,0,435
25606,442,3,10:00,0,39,47,1750,Virtus Costa Bologna,0,2608,23,Daniel,Hackett,Uscita,,,,,,,,,,False,0,435
25606,443,3,10:00,0,39,47,1750,Virtus Costa Bologna,0,9372,34,Bo,Klintman,Uscita,,,,,,,,,,False,0,435
25606,444,3,10:00,0,39,47,1750,Virtus Costa Bologna,0,1774,35,Mouhamet Rassoul,Diouf,Ingresso,,,,,,,,,,False,0,435
25606,445,3,10:00,0,39,47,,,,,,,,Inizio Tempo,,,,,,,,,,False,0,
25606,446,3,09:45,15,39,47,1766,Openjobmetis Varese,1,2790,35,Iris,Ikangi,Fallo commesso,100,personale,,,97,52,0,D,3,False,0,
25606,447,3,09:45,15,39,47,1750,Virtus Costa Bologna,0,1774,35,Mouhamet Rassoul,Diouf,Fallo Subito,,,,,97,52,0,D,3,False,0,446
25606,448,3,09:30,30,39,47,1750,Virtus Costa Bologna,0,9004,21,Derrick,Alston,3 punti sbagliato,1,Tiro in sospensione,,,79,6,1,A,10,False,0,
25606,449,3,09:30,30,39,47,1750,Virtus Costa Bologna,0,1774,35,Mouhamet Rassoul,Diouf,Rimbalzo offensivo,,,,,79,6,1,A,10,False,0,448
25606,450,3,09:18,42,39,49,1750,Virtus Costa Bologna,0,9371,9,Kessler,Edwards,2 punti segnato,1,Tiro in sospensione,,,80,49,1,A,6,True,0,
25606,451,3,09:18,42,39,49,1750,Virtus Costa Bologna,0,1774,35,Mouhamet Rassoul,Diouf,Assist,,,,,80,49,1,A,6,False,0,450
25606,452,3,08:56,64,39,49,1766,Openjobmetis Varese,1,9334,12,Hunter,Hale,2 punti sbagliato,6,Arresto e tiro,,,11,74,0,A,4,False,0,
25606,453,3,08:56,64,39,49,1750,Virtus Costa Bologna,0,9368,2,Marcus,Carr,Rimbalzo difensivo,,,,,11,74,0,A,4,False,0,452
25606,454,3,08:48,72,39,49,1766,Openjobmetis Varese,1,9334,12,Hunter,Hale,Fallo commesso,103,tiro,,,92,57,0,D,3,False,0,
25606,455,3,08:48,72,39,49,1750,Virtus Costa Bologna,0,9368,2,Marcus,Carr,Fallo Subito,,,,,92,57,0,D,3,False,0,454
25606,456,3,08:48,72,39,50,1750,Virtus Costa Bologna,0,9368,2,Marcus,Carr,Tiro libero segnato,,,,,,,,A,7,False,0,
25606,457,3,08:48,72,39,51,1750,Virtus Costa Bologna,0,9368,2,Marcus,Carr,Tiro libero segnato,,,,,,,,A,7,False,0,456
25606,458,3,08:29,91,39,51,1766,Openjobmetis Varese,1,9337,3,David,Duke,Palla persa,50,Passaggio sbagliato,,,9,28,0,A,2,False,0,
25606,459,3,08:29,91,39,51,1750,Virtus Costa Bologna,0,1774,35,Mouhamet Rassoul,Diouf,Palla recuperata,,,,,9,28,0,A,2,False,0,458
25606,460,3,08:23,97,39,51,1750,Virtus Costa Bologna,0,9004,21,Derrick,Alston,2 punti sbagliato,9,Schiacciata,1005,stoppata,93,48,1,A,3,False,0,
25606,461,3,08:23,97,39,51,1766,Openjobmetis Varese,1,4034,11,Stefan,Nikolic,Stoppata,,,,,93,48,1,A,3,False,0,460
25606,462,3,08:23,97,39,51,1750,Virtus Costa Bologna,0,9004,21,Derrick,Alston,Stoppata subita,,,,,93,48,1,A,3,False,0,460
25606,463,3,08:23,97,39,51,1750,Virtus Costa Bologna,0,9004,21,Derrick,Alston,Rimbalzo offensivo,,,,,93,48,1,A,3,False,0,460
25606,464,3,08:23,97,39,53,1750,Virtus Costa Bologna,0,9004,21,Derrick,Alston,2 punti segnato,7,Appoggio a canestro,,,93,48,1,A,3,True,0,
25606,465,3,08:12,108,42,53,1766,Openjobmetis Varese,1,9334,12,Hunter,Hale,3 punti segnato,6,Arresto e tiro,,,25,86,0,A,10,False,0,
25606,466,3,07:55,125,42,53,1750,Virtus Costa Bologna,0,9367,1,Trent,Frazier,Palla persa,50,Passaggio sbagliato,,,31,12,1,D,8,False,0,
25606,467,3,07:55,125,42,53,1766,Openjobmetis Varese,1,9334,12,Hunter,Hale,Palla recuperata,,,,,31,12,1,D,8,False,0,466
25606,468,3,07:54,126,42,53,1766,Openjobmetis Varese,1,2790,35,Iris,Ikangi,3 punti sbagliato,1,Tiro in sospensione,,,9,1,0,A,1,False,0,
25606,469,3,07:54,126,42,53,1750,Virtus Costa Bologna,0,9368,2,Marcus,Carr,Rimbalzo difensivo,,,,,9,1,0,A,1,False,0,468
25606,470,3,07:36,144,42,53,1750,Virtus Costa Bologna,0,1774,35,Mouhamet Rassoul,Diouf,Palla persa,51,Palleggio,,,86,33,1,A,4,False,0,
25606,471,3,07:36,144,42,53,1766,Openjobmetis Varese,1,4034,11,Stefan,Nikolic,Palla recuperata,,,,,86,33,1,A,4,False,0,470
25606,472,3,07:28,152,42,53,1766,Openjobmetis Varese,1,9337,3,David,Duke,3 punti sbagliato,1,Tiro in sospensione,,,14,3,0,A,8,False,0,
25606,473,3,07:28,152,42,53,1766,Openjobmetis Varese,1,,,,,Rimbalzi offensivi di squadra,,,,,14,3,0,A,8,False,0,472
25606,474,3,07:25,155,44,53,1766,Openjobmetis Varese,1,9337,3,David,Duke,2 punti segnato,7,Appoggio a canestro,,,3,51,0,A,3,True,0,
25606,475,3,07:25,155,44,53,1766,Openjobmetis Varese,1,2790,35,Iris,Ikangi,Assist,,,,,3,51,0,A,3,False,0,474
25606,476,3,07:04,176,44,53,1750,Virtus Costa Bologna,0,9367,1,Trent,Frazier,Palla persa,51,Palleggio,,,85,47,1,A,6,False,0,
25606,477,3,07:04,176,44,53,1766,Openjobmetis Varese,1,9337,3,David,Duke,Palla recuperata,,,,,85,47,1,A,6,False,0,476
25606,478,3,06:58,182,44,53,1766,Openjobmetis Varese,1,97,2,Davide,Alviti,Ingresso,,,,,,,,,,False,0,
25606,479,3,06:58,182,44,53,1766,Openjobmetis Varese,1,2790,35,Iris,Ikangi,Uscita,,,,,,,,,,False,0,478
25606,480,3,06:58,182,44,53,1750,Virtus Costa Bologna,0,9368,2,Marcus,Carr,Uscita,,,,,,,,,,False,0,478
25606,481,3,06:58,182,44,53,1750,Virtus Costa Bologna,0,1051,7,Davide,Casarin,Ingresso,,,,,,,,,,False,0,478
25606,482,3,06:48,192,44,53,1766,Openjobmetis Varese,1,9334,12,Hunter,Hale,3 punti sbagliato,6,Arresto e tiro,,,29,74,0,A,9,False,0,
25606,483,3,06:48,192,44,53,1750,Virtus Costa Bologna,0,9371,9,Kessler,Edwards,Rimbalzo difensivo,,,,,29,74,0,A,9,False,0,482
25606,484,3,06:42,198,44,55,1750,Virtus Costa Bologna,0,1774,35,Mouhamet Rassoul,Diouf,2 punti segnato,7,Appoggio a canestro,500,contropiede,92,49,1,A,3,True,0,
25606,485,3,06:42,198,44,55,1750,Virtus Costa Bologna,0,9004,21,Derrick,Alston,Assist,,,500,contropiede,92,49,1,A,3,False,0,484
25606,486,3,06:24,216,46,55,1766,Openjobmetis Varese,1,9337,3,David,Duke,2 punti segnato,8,Da penetrazione,,,5,47,0,A,3,True,0,
25606,487,3,06:24,216,46,55,1750,Virtus Costa Bologna,0,1774,35,Mouhamet Rassoul,Diouf,Fallo commesso,103,tiro,,,5,47,1,D,3,False,0,
25606,488,3,06:24,216,46,55,1766,Openjobmetis Varese,1,9337,3,David,Duke,Fallo Subito,,,,,5,47,1,D,3,False,0,487
25606,489,3,06:24,216,46,55,1766,Openjobmetis Varese,1,9334,12,Hunter,Hale,Uscita,,,,,,,,,,False,0,
25606,490,3,06:24,216,46,55,1766,Openjobmetis Varese,1,3207,13,Matteo,Librizzi,Ingresso,,,,,,,,,,False,0,489
25606,491,3,06:24,216,46,55,1766,Openjobmetis Varese,1,9337,3,David,Duke,Tiro libero sbagliato,,,,,,,,A,7,False,0,
25606,492,3,06:24,216,46,55,1750,Virtus Costa Bologna,0,9004,21,Derrick,Alston,Rimbalzo difensivo,,,,,,,,,,False,0,491
25606,493,3,06:21,219,46,55,1766,Openjobmetis Varese,1,7428,15,Nate,Renfro,Uscita,,,,,,,,,,False,0,
25606,494,3,06:21,219,46,55,1766,Openjobmetis Varese,1,7014,17,Ismael,Kamagate,Ingresso,,,,,,,,,,False,0,493
25606,495,3,06:13,227,46,55,1750,Virtus Costa Bologna,0,9367,1,Trent,Frazier,3 punti sbagliato,1,Tiro in sospensione,,,71,25,1,A,10,False,0,
25606,496,3,06:13,227,46,55,1766,Openjobmetis Varese,1,,,,,Rimbalzi difensivi di squadra,,,,,71,25,1,A,10,False,0,495
25606,497,3,06:09,231,46,55,1750,Virtus Costa Bologna,0,9043,31,Aliou,Diarra,Ingresso,,,,,,,,,,False,0,
25606,498,3,06:09,231,46,55,1750,Virtus Costa Bologna,0,1774,35,Mouhamet Rassoul,Diouf,Uscita,,,,,,,,,,False,0,497
25606,499,3,06:01,239,46,55,1750,Virtus Costa Bologna,0,9004,21,Derrick,Alston,Fallo commesso,100,personale,,,14,64,1,D,4,False,0,
25606,500,3,06:01,239,46,55,1766,Openjobmetis Varese,1,97,2,Davide,Alviti,Fallo Subito,,,,,14,64,1,D,4,False,0,499
25606,501,3,05:59,241,46,55,1750,Virtus Costa Bologna,0,1051,7,Davide,Casarin,Fallo commesso,100,personale,,,14,27,1,D,2,False,0,
25606,502,3,05:59,241,46,55,1766,Openjobmetis Varese,1,3207,13,Matteo,Librizzi,Fallo Subito,,,,,14,27,1,D,2,False,0,501
25606,503,3,05:54,246,46,55,1750,Virtus Costa Bologna,0,9043,31,Aliou,Diarra,Fallo commesso,103,tiro,,,4,49,1,D,3,False,0,
25606,504,3,05:54,246,46,55,1766,Openjobmetis Varese,1,7014,17,Ismael,Kamagate,Fallo Subito,,,,,4,49,1,D,3,False,0,503
25606,505,3,05:54,246,47,55,1766,Openjobmetis Varese,1,7014,17,Ismael,Kamagate,Tiro libero segnato,,,,,,,,A,7,False,0,
25606,506,3,05:54,246,47,55,1766,Openjobmetis Varese,1,7014,17,Ismael,Kamagate,Tiro libero sbagliato,,,,,,,,A,7,False,0,505
25606,507,3,05:54,246,47,55,1766,Openjobmetis Varese,1,4034,11,Stefan,Nikolic,Assist,,,,,,,,,,False,0,505
25606,508,3,05:54,246,47,55,1750,Virtus Costa Bologna,0,9004,21,Derrick,Alston,Rimbalzo difensivo,,,,,,,,,,False,0,505
25606,509,3,05:51,249,47,55,1750,Virtus Costa Bologna,0,1051,7,Davide,Casarin,Palla persa,51,Palleggio,,,20,26,1,D,2,False,0,
25606,510,3,05:51,249,47,55,1766,Openjobmetis Varese,1,9337,3,David,Duke,Palla recuperata,,,,,20,26,1,D,2,False,0,509
25606,511,3,05:51,249,47,55,1750,Virtus Costa Bologna,0,1051,7,Davide,Casarin,Fallo commesso,123,tattico,,,13,43,1,D,6,False,0,
25606,512,3,05:51,249,47,55,1766,Openjobmetis Varese,1,9337,3,David,Duke,Fallo Subito,,,,,13,43,0,A,6,False,0,511
25606,513,3,05:51,249,47,55,1750,Virtus Costa Bologna,0,1051,7,Davide,Casarin,Uscita,,,,,,,,,,False,0,
25606,514,3,05:51,249,47,55,1750,Virtus Costa Bologna,0,274,11,Tommaso,Baldasso,Ingresso,,,,,,,,,,False,0,513
25606,515,3,05:51,249,48,55,1766,Openjobmetis Varese,1,9337,3,David,Duke,Tiro libero segnato,,,,,,,,A,7,False,0,
25606,516,3,05:51,249,49,55,1766,Openjobmetis Varese,1,9337,3,David,Duke,Tiro libero segnato,,,,,,,,A,7,False,0,515
25606,517,3,05:47,253,52,55,1766,Openjobmetis Varese,1,97,2,Davide,Alviti,3 punti segnato,1,Tiro in sospensione,,,19,95,0,A,10,False,0,
25606,518,3,05:47,253,52,55,1766,Openjobmetis Varese,1,3207,13,Matteo,Librizzi,Assist,,,,,19,95,0,A,10,False,0,517
25606,519,3,05:33,267,52,55,1766,Openjobmetis Varese,1,9337,3,David,Duke,Fallo commesso,100,personale,,,87,46,0,D,6,False,0,
25606,520,3,05:33,267,52,55,1750,Virtus Costa Bologna,0,9043,31,Aliou,Diarra,Fallo Subito,,,,,87,46,0,D,6,False,0,519
25606,521,3,05:23,277,52,55,1766,Openjobmetis Varese,1,7014,17,Ismael,Kamagate,Fallo commesso,103,tiro,,,81,93,0,D,8,False,0,
25606,522,3,05:23,277,52,55,1750,Virtus Costa Bologna,0,9004,21,Derrick,Alston,Fallo Subito,,,,,81,93,0,D,8,False,0,521
25606,523,3,05:23,277,52,55,1766,Openjobmetis Varese,1,9337,3,David,Duke,Uscita,,,,,,,,,,False,0,
25606,524,3,05:23,277,52,55,1766,Openjobmetis Varese,1,2790,35,Iris,Ikangi,Ingresso,,,,,,,,,,False,0,523
25606,525,3,05:23,277,52,56,1750,Virtus Costa Bologna,0,9004,21,Derrick,Alston,Tiro libero segnato,,,,,,,,A,7,False,0,
25606,526,3,05:23,277,52,57,1750,Virtus Costa Bologna,0,9004,21,Derrick,Alston,Tiro libero segnato,,,,,,,,A,7,False,0,525
25606,527,3,05:23,277,52,58,1750,Virtus Costa Bologna,0,9004,21,Derrick,Alston,Tiro libero segnato,,,,,,,,A,7,False,0,525
25606,528,3,05:23,277,52,58,1750,Virtus Costa Bologna,0,9367,1,Trent,Frazier,Assist,,,,,,,,,,False,0,525
25606,529,3,05:12,288,52,58,1750,Virtus Costa Bologna,0,274,11,Tommaso,Baldasso,Fallo commesso,100,personale,,,12,84,1,D,4,False,0,
25606,530,3,05:12,288,52,58,1766,Openjobmetis Varese,1,97,2,Davide,Alviti,Fallo Subito,,,,,12,84,1,D,4,False,0,529
25606,531,3,05:12,288,52,58,1766,Openjobmetis Varese,1,7428,15,Nate,Renfro,Ingresso,,,,,,,,,,False,0,
25606,532,3,05:12,288,52,58,1766,Openjobmetis Varese,1,7014,17,Ismael,Kamagate,Uscita,,,,,,,,,,False,0,531
25606,533,3,05:12,288,52,58,1766,Openjobmetis Varese,1,97,2,Davide,Alviti,Tiro libero sbagliato,,,,,,,,A,7,False,0,
25606,534,3,05:12,288,53,58,1766,Openjobmetis Varese,1,97,2,Davide,Alviti,Tiro libero segnato,,,,,,,,A,7,False,0,533
25606,535,3,04:45,315,53,58,1750,Virtus Costa Bologna,0,,,,,Palle perse di squadra,602,24 Secondi,,,45,39,1,D,9,False,0,
25606,536,3,04:45,315,53,58,1750,Virtus Costa Bologna,0,9004,21,Derrick,Alston,Uscita,,,,,,,,,,False,0,
25606,537,3,04:45,315,53,58,1750,Virtus Costa Bologna,0,2608,23,Daniel,Hackett,Ingresso,,,,,,,,,,False,0,536
25606,538,3,04:33,327,53,58,1766,Openjobmetis Varese,1,7428,15,Nate,Renfro,2 punti sbagliato,4,Giro e Tiro,,,7,50,0,A,3,False,0,
25606,539,3,04:33,327,53,58,1766,Openjobmetis Varese,1,7428,15,Nate,Renfro,Rimbalzo offensivo,,,,,7,50,0,A,3,False,0,538
25606,540,3,04:26,334,53,58,1766,Openjobmetis Varese,1,3207,13,Matteo,Librizzi,3 punti sbagliato,1,Tiro in sospensione,,,12,100,0,A,10,False,0,
25606,541,3,04:26,334,53,58,1766,Openjobmetis Varese,1,4034,11,Stefan,Nikolic,Rimbalzo offensivo,,,,,12,100,0,A,10,False,0,540
25606,542,3,04:22,338,56,58,1766,Openjobmetis Varese,1,97,2,Davide,Alviti,3 punti segnato,1,Tiro in sospensione,,,27,79,0,A,10,False,0,
25606,543,3,04:22,338,56,58,1766,Openjobmetis Varese,1,4034,11,Stefan,Nikolic,Assist,,,,,27,79,0,A,10,False,0,542
25606,544,3,04:01,359,56,60,1750,Virtus Costa Bologna,0,9367,1,Trent,Frazier,2 punti segnato,8,Da penetrazione,,,93,63,1,A,2,True,0,
25606,545,3,04:01,359,56,60,1750,Virtus Costa Bologna,0,2608,23,Daniel,Hackett,Assist,,,,,93,63,1,A,2,False,0,544
25606,546,3,03:49,371,56,60,1766,Openjobmetis Varese,1,2790,35,Iris,Ikangi,3 punti sbagliato,1,Tiro in sospensione,,,24,17,0,A,8,False,0,
25606,547,3,03:49,371,56,60,1750,Virtus Costa Bologna,0,,,,,Rimbalzi difensivi di squadra,,,,,24,17,0,A,8,False,0,546
25606,548,3,03:49,371,56,60,1750,Virtus Costa Bologna,0,9367,1,Trent,Frazier,Uscita,,,,,,,,,,False,0,
25606,549,3,03:49,371,56,60,1750,Virtus Costa Bologna,0,9368,2,Marcus,Carr,Ingresso,,,,,,,,,,False,0,548
25606,550,3,03:49,371,56,60,1750,Virtus Costa Bologna,0,9371,9,Kessler,Edwards,Uscita,,,,,,,,,,False,0,548
25606,551,3,03:49,371,56,60,1750,Virtus Costa Bologna,0,9372,34,Bo,Klintman,Ingresso,,,,,,,,,,False,0,548
25606,552,3,03:49,371,56,60,1766,Openjobmetis Varese,1,4034,11,Stefan,Nikolic,Uscita,,,,,,,,,,False,0,
25606,553,3,03:49,371,56,60,1766,Openjobmetis Varese,1,9334,12,Hunter,Hale,Ingresso,,,,,,,,,,False,0,552
25606,554,3,03:49,371,56,60,1766,Openjobmetis Varese,1,3207,13,Matteo,Librizzi,Uscita,,,,,,,,,,False,0,552
25606,555,3,03:49,371,56,60,1766,Openjobmetis Varese,1,9335,22,Isaiah,Roby,Ingresso,,,,,,,,,,False,0,552
25606,556,3,03:22,398,56,62,1750,Virtus Costa Bologna,0,274,11,Tommaso,Baldasso,2 punti segnato,6,Arresto e tiro,,,87,69,1,A,2,False,0,
25606,557,3,03:22,398,56,62,1750,Virtus Costa Bologna,0,9372,34,Bo,Klintman,Assist,,,,,87,69,1,A,2,False,0,556
25606,558,3,02:56,424,56,62,1766,Openjobmetis Varese,1,9334,12,Hunter,Hale,2 punti sbagliato,8,Da penetrazione,1005,stoppata,8,60,0,A,3,False,0,
25606,559,3,02:56,424,56,62,1750,Virtus Costa Bologna,0,9043,31,Aliou,Diarra,Stoppata,,,,,8,60,0,A,3,False,0,558
25606,560,3,02:56,424,56,62,1766,Openjobmetis Varese,1,9334,12,Hunter,Hale,Stoppata subita,,,,,8,60,0,A,3,False,0,558
25606,561,3,02:56,424,56,62,1766,Openjobmetis Varese,1,7428,15,Nate,Renfro,Rimbalzo offensivo,,,,,8,60,0,A,3,False,0,558
25606,562,3,02:56,424,58,62,1766,Openjobmetis Varese,1,7428,15,Nate,Renfro,2 punti segnato,7,Appoggio a canestro,,,8,60,0,A,3,True,0,
25606,563,3,02:45,435,58,62,1750,Virtus Costa Bologna,0,9368,2,Marcus,Carr,Palla persa,50,Passaggio sbagliato,,,96,33,1,A,4,False,0,
25606,564,3,02:45,435,58,62,1766,Openjobmetis Varese,1,7428,15,Nate,Renfro,Palla recuperata,,,,,96,33,1,A,4,False,0,563
25606,565,3,02:25,455,58,62,1766,Openjobmetis Varese,1,2790,35,Iris,Ikangi,3 punti sbagliato,1,Tiro in sospensione,,,5,2,0,A,1,False,0,
25606,566,3,02:25,455,58,62,1750,Virtus Costa Bologna,0,274,11,Tommaso,Baldasso,Rimbalzo difensivo,,,,,5,2,0,A,1,False,0,565
25606,567,3,02:07,473,58,64,1750,Virtus Costa Bologna,0,9368,2,Marcus,Carr,2 punti segnato,2,Tiro in corsa,,,89,49,1,A,6,True,0,
25606,568,3,02:07,473,58,64,1766,Openjobmetis Varese,1,97,2,Davide,Alviti,Uscita,,,,,,,,,,False,0,
25606,569,3,02:07,473,58,64,1766,Openjobmetis Varese,1,9337,3,David,Duke,Ingresso,,,,,,,,,,False,0,568
25606,570,3,01:56,484,58,64,1766,Openjobmetis Varese,1,9334,12,Hunter,Hale,Palla persa,50,Passaggio sbagliato,,,32,32,0,A,9,False,0,
25606,571,3,01:56,484,58,64,1750,Virtus Costa Bologna,0,9368,2,Marcus,Carr,Palla recuperata,,,,,32,32,0,A,9,False,0,570
25606,572,3,01:45,495,58,64,1750,Virtus Costa Bologna,0,9043,31,Aliou,Diarra,Palla persa,53,Passi,,,88,35,1,A,4,False,0,
25606,573,3,01:22,518,58,64,1766,Openjobmetis Varese,1,9337,3,David,Duke,2 punti sbagliato,6,Arresto e tiro,,,22,79,0,A,7,False,0,
25606,574,3,01:22,518,58,64,1766,Openjobmetis Varese,1,7428,15,Nate,Renfro,Rimbalzo offensivo,,,,,22,79,0,A,7,False,0,573
25606,575,3,01:13,527,58,64,1766,Openjobmetis Varese,1,9334,12,Hunter,Hale,3 punti sbagliato,6,Arresto e tiro,,,33,59,0,A,9,False,0,
25606,576,3,01:13,527,58,64,1750,Virtus Costa Bologna,0,2608,23,Daniel,Hackett,Rimbalzo difensivo,,,,,33,59,0,A,9,False,0,575
25606,577,3,01:06,534,58,64,1750,Virtus Costa Bologna,0,9368,2,Marcus,Carr,2 punti sbagliato,1,Tiro in sospensione,1005,stoppata,91,33,1,A,4,False,0,
25606,578,3,01:06,534,58,64,1766,Openjobmetis Varese,1,7428,15,Nate,Renfro,Stoppata,,,,,91,33,1,A,4,False,0,577
25606,579,3,01:06,534,58,64,1750,Virtus Costa Bologna,0,9368,2,Marcus,Carr,Stoppata subita,,,,,91,33,1,A,4,False,0,577
25606,580,3,01:06,534,58,64,1750,Virtus Costa Bologna,0,9043,31,Aliou,Diarra,Rimbalzo offensivo,,,,,91,33,1,A,4,False,0,577
25606,581,3,00:53,547,58,64,1750,Virtus Costa Bologna,0,274,11,Tommaso,Baldasso,3 punti sbagliato,5,Tiro in Step Back,,,68,57,1,A,9,False,0,
25606,582,3,00:53,547,58,64,1766,Openjobmetis Varese,1,2790,35,Iris,Ikangi,Rimbalzo difensivo,,,,,68,57,1,A,9,False,0,581
25606,583,3,00:43,557,58,64,1766,Openjobmetis Varese,1,9334,12,Hunter,Hale,2 punti sbagliato,2,Tiro in corsa,,,10,53,0,A,6,False,0,
25606,584,3,00:43,557,58,64,1750,Virtus Costa Bologna,0,9043,31,Aliou,Diarra,Rimbalzo difensivo,,,,,10,53,0,A,6,False,0,583
25606,585,3,00:35,565,58,64,1750,Virtus Costa Bologna,0,9372,34,Bo,Klintman,3 punti sbagliato,1,Tiro in sospensione,,,73,18,1,A,10,False,0,
25606,586,3,00:35,565,58,64,1750,Virtus Costa Bologna,0,,,,,Rimbalzi offensivi di squadra,,,,,73,18,1,A,10,False,0,585
25606,587,3,00:35,565,58,64,1766,Openjobmetis Varese,1,2790,35,Iris,Ikangi,Fallo commesso,100,personale,,,97,41,0,D,3,False,0,
25606,588,3,00:35,565,58,64,1750,Virtus Costa Bologna,0,2608,23,Daniel,Hackett,Fallo Subito,,,,,97,41,0,D,3,False,0,587
25606,589,3,00:35,565,58,64,1766,Openjobmetis Varese,1,4034,11,Stefan,Nikolic,Ingresso,,,,,,,,,,False,0,
25606,590,3,00:35,565,58,64,1766,Openjobmetis Varese,1,7428,15,Nate,Renfro,Uscita,,,,,,,,,,False,0,589
25606,591,3,00:35,565,58,64,1766,Openjobmetis Varese,1,7014,17,Ismael,Kamagate,Ingresso,,,,,,,,,,False,0,589
25606,592,3,00:35,565,58,64,1766,Openjobmetis Varese,1,9335,22,Isaiah,Roby,Uscita,,,,,,,,,,False,0,589
25606,593,3,00:35,565,58,64,1750,Virtus Costa Bologna,0,9004,21,Derrick,Alston,Ingresso,,,,,,,,,,False,0,
25606,594,3,00:35,565,58,64,1750,Virtus Costa Bologna,0,9043,31,Aliou,Diarra,Uscita,,,,,,,,,,False,0,593
25606,595,3,00:35,565,58,64,1750,Virtus Costa Bologna,0,9371,9,Kessler,Edwards,Ingresso,,,,,,,,,,False,0,
25606,596,3,00:35,565,58,64,1750,Virtus Costa Bologna,0,274,11,Tommaso,Baldasso,Uscita,,,,,,,,,,False,0,595
25606,597,3,00:35,565,58,65,1750,Virtus Costa Bologna,0,2608,23,Daniel,Hackett,Tiro libero segnato,,,,,,,,A,7,False,0,
25606,598,3,00:35,565,58,66,1750,Virtus Costa Bologna,0,2608,23,Daniel,Hackett,Tiro libero segnato,,,,,,,,A,7,False,0,597
25606,599,3,00:18,582,58,66,1766,Openjobmetis Varese,1,9337,3,David,Duke,Palla persa,51,Palleggio,,,40,76,0,A,10,False,0,
25606,600,3,00:18,582,58,66,1750,Virtus Costa Bologna,0,9372,34,Bo,Klintman,Palla recuperata,,,,,40,76,0,A,10,False,0,599
25606,601,3,00:03,597,58,68,1750,Virtus Costa Bologna,0,9368,2,Marcus,Carr,2 punti segnato,5,Tiro in Step Back,,,76,37,1,A,7,False,0,
25606,602,3,00:00,600,58,68,,,,,,,,Fine Tempo,,,,,,,,,,False,0,
25606,603,4,10:00,0,58,68,1766,Openjobmetis Varese,1,97,2,Davide,Alviti,Ingresso,,,,,,,,,,False,0,
25606,604,4,10:00,0,58,68,1766,Openjobmetis Varese,1,7014,17,Ismael,Kamagate,Uscita,,,,,,,,,,False,0,603
25606,605,4,10:00,0,58,68,,,,,,,,Inizio Tempo,,,,,,,,,,False,0,
25606,606,4,09:42,18,58,68,1766,Openjobmetis Varese,1,4034,11,Stefan,Nikolic,Palla persa,60,,,,46,42,0,A,9,False,0,
25606,607,4,09:42,18,58,68,1750,Virtus Costa Bologna,0,9371,9,Kessler,Edwards,Palla recuperata,,,,,46,42,0,A,9,False,0,606
25606,608,4,09:22,38,58,70,1750,Virtus Costa Bologna,0,9371,9,Kessler,Edwards,2 punti segnato,7,Appoggio a canestro,,,92,54,1,A,3,True,0,
25606,609,4,09:22,38,58,70,1750,Virtus Costa Bologna,0,9368,2,Marcus,Carr,Assist,,,,,92,54,1,A,3,False,0,608
25606,610,4,09:11,49,58,70,1766,Openjobmetis Varese,1,9334,12,Hunter,Hale,3 punti sbagliato,6,Arresto e tiro,,,22,7,0,A,8,False,0,
25606,611,4,09:11,49,58,70,1750,Virtus Costa Bologna,0,9371,9,Kessler,Edwards,Rimbalzo difensivo,,,,,22,7,0,A,8,False,0,610
25606,612,4,09:04,56,58,70,1766,Openjobmetis Varese,1,9334,12,Hunter,Hale,Fallo commesso,100,personale,,,77,31,0,D,7,False,0,
25606,613,4,09:04,56,58,70,1750,Virtus Costa Bologna,0,9368,2,Marcus,Carr,Fallo Subito,,,,,77,31,0,D,7,False,0,612
25606,614,4,09:01,59,58,70,1750,Virtus Costa Bologna,0,9004,21,Derrick,Alston,Palla persa,50,Passaggio sbagliato,,,53,13,1,A,10,False,0,
25606,615,4,09:01,59,58,70,1766,Openjobmetis Varese,1,9334,12,Hunter,Hale,Palla recuperata,,,,,53,13,1,A,10,False,0,614
25606,616,4,08:56,64,60,70,1766,Openjobmetis Varese,1,9334,12,Hunter,Hale,2 punti segnato,9,Schiacciata,500,contropiede,7,45,0,A,3,True,1,
25606,617,4,08:39,81,60,70,1750,Virtus Costa Bologna,0,9371,9,Kessler,Edwards,3 punti sbagliato,1,Tiro in sospensione,,,80,5,1,A,10,False,0,
25606,618,4,08:39,81,60,70,1750,Virtus Costa Bologna,0,2608,23,Daniel,Hackett,Rimbalzo offensivo,,,,,80,5,1,A,10,False,0,617
25606,619,4,08:30,90,60,70,1750,Virtus Costa Bologna,0,9004,21,Derrick,Alston,3 punti sbagliato,1,Tiro in sospensione,,,73,17,1,A,10,False,0,
25606,620,4,08:30,90,60,70,1750,Virtus Costa Bologna,0,2608,23,Daniel,Hackett,Rimbalzo offensivo,,,,,73,17,1,A,10,False,0,619
25606,621,4,08:26,94,60,70,1750,Virtus Costa Bologna,0,9004,21,Derrick,Alston,3 punti sbagliato,1,Tiro in sospensione,,,68,56,1,A,9,False,0,
25606,622,4,08:26,94,60,70,1766,Openjobmetis Varese,1,97,2,Davide,Alviti,Rimbalzo difensivo,,,,,68,56,1,A,9,False,0,621
25606,623,4,08:23,97,60,70,1750,Virtus Costa Bologna,0,9368,2,Marcus,Carr,Fallo commesso,100,personale,,,89,69,1,A,2,False,0,
25606,624,4,08:23,97,60,70,1766,Openjobmetis Varese,1,97,2,Davide,Alviti,Fallo Subito,,,,,89,69,1,A,2,False,0,623
25606,625,4,08:23,97,60,70,1750,Virtus Costa Bologna,0,9367,1,Trent,Frazier,Ingresso,,,,,,,,,,False,0,
25606,626,4,08:23,97,60,70,1750,Virtus Costa Bologna,0,9368,2,Marcus,Carr,Uscita,,,,,,,,,,False,0,625
25606,627,4,08:08,112,63,70,1766,Openjobmetis Varese,1,9334,12,Hunter,Hale,3 punti segnato,6,Arresto e tiro,,,32,61,0,A,9,False,0,
25606,628,4,07:52,128,63,70,1766,Openjobmetis Varese,1,2790,35,Iris,Ikangi,Fallo commesso,100,personale,,,93,25,0,D,4,False,0,
25606,629,4,07:52,128,63,70,1750,Virtus Costa Bologna,0,9004,21,Derrick,Alston,Fallo Subito,,,,,93,25,0,D,4,False,0,628
25606,630,4,07:51,129,63,70,1750,Virtus Costa Bologna,0,9367,1,Trent,Frazier,Palla persa,50,Passaggio sbagliato,,,87,45,1,A,6,False,0,
25606,631,4,07:51,129,63,70,1766,Openjobmetis Varese,1,9337,3,David,Duke,Palla recuperata,,,,,87,45,1,A,6,False,0,630
25606,632,4,07:42,138,63,70,1766,Openjobmetis Varese,1,9334,12,Hunter,Hale,2 punti sbagliato,7,Appoggio a canestro,,,5,51,0,A,3,False,0,
25606,633,4,07:42,138,63,70,1750,Virtus Costa Bologna,0,2608,23,Daniel,Hackett,Rimbalzo difensivo,,,,,5,51,0,A,3,False,0,632
25606,634,4,07:38,142,63,70,1766,Openjobmetis Varese,1,9334,12,Hunter,Hale,Fallo commesso,100,personale,,,65,18,0,D,10,False,0,
25606,635,4,07:38,142,63,70,1750,Virtus Costa Bologna,0,2608,23,Daniel,Hackett,Fallo Subito,,,,,65,18,0,D,10,False,0,634
25606,636,4,07:19,161,63,70,1750,Virtus Costa Bologna,0,9372,34,Bo,Klintman,Palla persa,51,Palleggio,,,83,27,1,A,4,False,0,
25606,637,4,07:19,161,63,70,1766,Openjobmetis Varese,1,97,2,Davide,Alviti,Palla recuperata,,,,,83,27,1,A,4,False,0,636
25606,638,4,07:12,168,63,70,1766,Openjobmetis Varese,1,9337,3,David,Duke,Palla persa,50,Passaggio sbagliato,,,20,58,0,A,6,False,0,
25606,639,4,07:12,168,63,70,1750,Virtus Costa Bologna,0,9372,34,Bo,Klintman,Uscita,,,,,,,,,,False,0,
25606,640,4,07:12,168,63,70,1750,Virtus Costa Bologna,0,1774,35,Mouhamet Rassoul,Diouf,Ingresso,,,,,,,,,,False,0,639
25606,641,4,07:12,168,63,70,1766,Openjobmetis Varese,1,9337,3,David,Duke,Uscita,,,,,,,,,,False,0,
25606,642,4,07:12,168,63,70,1766,Openjobmetis Varese,1,3207,13,Matteo,Librizzi,Ingresso,,,,,,,,,,False,0,641
25606,643,4,07:12,168,63,70,1766,Openjobmetis Varese,1,7428,15,Nate,Renfro,Ingresso,,,,,,,,,,False,0,
25606,644,4,07:12,168,63,70,1766,Openjobmetis Varese,1,2790,35,Iris,Ikangi,Uscita,,,,,,,,,,False,0,643
25606,645,4,06:56,184,63,70,1750,Virtus Costa Bologna,0,9004,21,Derrick,Alston,Palla persa,55,Infrazione di campo,,,35,83,1,D,10,False,0,
25606,646,4,06:47,193,63,70,1766,Openjobmetis Varese,1,3207,13,Matteo,Librizzi,3 punti sbagliato,1,Tiro in sospensione,,,16,96,0,A,10,False,0,
25606,647,4,06:47,193,63,70,1750,Virtus Costa Bologna,0,2608,23,Daniel,Hackett,Rimbalzo difensivo,,,,,16,96,0,A,10,False,0,646
25606,648,4,06:33,207,63,70,1750,Virtus Costa Bologna,0,2608,23,Daniel,Hackett,Palla persa,51,Palleggio,,,80,77,1,A,2,False,0,
25606,649,4,06:33,207,63,70,1766,Openjobmetis Varese,1,3207,13,Matteo,Librizzi,Palla recuperata,,,,,80,77,1,A,2,False,0,648
25606,650,4,06:33,207,63,70,1750,Virtus Costa Bologna,0,2608,23,Daniel,Hackett,Fallo commesso,100,personale,,,79,64,1,A,7,False,0,
25606,651,4,06:33,207,63,70,1766,Openjobmetis Varese,1,3207,13,Matteo,Librizzi,Fallo Subito,,,,,79,64,1,A,7,False,0,650
25606,652,4,06:33,207,63,70,1750,Virtus Costa Bologna,0,274,11,Tommaso,Baldasso,Ingresso,,,,,,,,,,False,0,
25606,653,4,06:33,207,63,70,1750,Virtus Costa Bologna,0,9004,21,Derrick,Alston,Uscita,,,,,,,,,,False,0,652
25606,654,4,06:17,223,63,70,1766,Openjobmetis Varese,1,3207,13,Matteo,Librizzi,Palla persa,50,Passaggio sbagliato,,,35,26,0,A,9,False,0,
25606,655,4,06:17,223,63,70,1750,Virtus Costa Bologna,0,274,11,Tommaso,Baldasso,Palla recuperata,,,,,35,26,0,A,9,False,0,654
25606,656,4,06:10,230,63,72,1750,Virtus Costa Bologna,0,274,11,Tommaso,Baldasso,2 punti segnato,6,Arresto e tiro,500,contropiede,84,35,1,A,4,True,0,
25606,657,4,06:10,230,63,72,1750,Virtus Costa Bologna,0,9367,1,Trent,Frazier,Assist,,,500,contropiede,84,35,1,A,4,False,0,656
25606,658,4,06:04,236,63,72,1766,Openjobmetis Varese,1,,,,,Time Out,,,,,,,0,,,False,0,
25606,659,4,06:04,236,63,72,1766,Openjobmetis Varese,1,97,2,Davide,Alviti,Uscita,,,,,,,,,,False,0,
25606,660,4,06:04,236,63,72,1766,Openjobmetis Varese,1,2790,35,Iris,Ikangi,Ingresso,,,,,,,,,,False,0,659
25606,661,4,05:50,250,63,72,1766,Openjobmetis Varese,1,9334,12,Hunter,Hale,Palla persa,52,Doppio Palleggio,,,18,40,0,A,6,False,0,
25606,662,4,05:50,250,63,72,1766,Openjobmetis Varese,1,9337,3,David,Duke,Ingresso,,,,,,,,,,False,0,
25606,663,4,05:50,250,63,72,1766,Openjobmetis Varese,1,9334,12,Hunter,Hale,Uscita,,,,,,,,,,False,0,662
25606,664,4,05:23,277,63,74,1750,Virtus Costa Bologna,0,9367,1,Trent,Frazier,2 punti segnato,6,Arresto e tiro,,,82,66,1,A,2,True,0,
25606,665,4,05:11,289,63,74,1766,Openjobmetis Varese,1,2790,35,Iris,Ikangi,2 punti sbagliato,1,Tiro in sospensione,,,7,35,0,A,2,False,0,
25606,666,4,05:11,289,63,74,1750,Virtus Costa Bologna,0,1774,35,Mouhamet Rassoul,Diouf,Rimbalzo difensivo,,,,,7,35,0,A,2,False,0,665
25606,667,4,04:56,304,63,77,1750,Virtus Costa Bologna,0,274,11,Tommaso,Baldasso,3 punti segnato,6,Arresto e tiro,,,71,71,1,A,9,False,0,
25606,668,4,04:53,307,63,77,1766,Openjobmetis Varese,1,,,,,Time Out,,,,,,,0,,,False,0,
25606,669,4,04:53,307,63,77,1766,Openjobmetis Varese,1,97,2,Davide,Alviti,Ingresso,,,,,,,,,,False,0,
25606,670,4,04:53,307,63,77,1766,Openjobmetis Varese,1,4034,11,Stefan,Nikolic,Uscita,,,,,,,,,,False,0,669
25606,671,4,04:53,307,63,77,1766,Openjobmetis Varese,1,9334,12,Hunter,Hale,Ingresso,,,,,,,,,,False,0,669
25606,672,4,04:53,307,63,77,1766,Openjobmetis Varese,1,2790,35,Iris,Ikangi,Uscita,,,,,,,,,,False,0,669
25606,673,4,04:53,307,63,77,1750,Virtus Costa Bologna,0,9371,9,Kessler,Edwards,Uscita,,,,,,,,,,False,0,669
25606,674,4,04:53,307,63,77,1750,Virtus Costa Bologna,0,9372,34,Bo,Klintman,Ingresso,,,,,,,,,,False,0,669
25606,675,4,04:38,322,63,77,1766,Openjobmetis Varese,1,9337,3,David,Duke,2 punti sbagliato,8,Da penetrazione,1005,stoppata,7,49,0,A,3,False,0,
25606,676,4,04:38,322,63,77,1750,Virtus Costa Bologna,0,9372,34,Bo,Klintman,Stoppata,,,,,7,49,0,A,3,False,0,675
25606,677,4,04:38,322,63,77,1766,Openjobmetis Varese,1,9337,3,David,Duke,Stoppata subita,,,,,7,49,0,A,3,False,0,675
25606,678,4,04:38,322,63,77,1750,Virtus Costa Bologna,0,,,,,Rimbalzi difensivi di squadra,,,,,7,49,0,A,3,False,0,675
25606,679,4,04:19,341,63,77,1750,Virtus Costa Bologna,0,274,11,Tommaso,Baldasso,3 punti sbagliato,6,Arresto e tiro,,,66,48,1,A,9,False,0,
25606,680,4,04:19,341,63,77,1766,Openjobmetis Varese,1,97,2,Davide,Alviti,Rimbalzo difensivo,,,,,66,48,1,A,9,False,0,679
25606,681,4,04:16,344,63,77,1750,Virtus Costa Bologna,0,9372,34,Bo,Klintman,Fallo commesso,100,personale,,,81,56,1,A,6,False,0,
25606,682,4,04:16,344,63,77,1766,Openjobmetis Varese,1,97,2,Davide,Alviti,Fallo Subito,,,,,81,56,1,A,6,False,0,681
25606,683,4,03:57,363,63,77,1766,Openjobmetis Varese,1,9337,3,David,Duke,3 punti sbagliato,6,Arresto e tiro,,,32,28,0,A,9,False,0,
25606,684,4,03:57,363,63,77,1750,Virtus Costa Bologna,0,9372,34,Bo,Klintman,Rimbalzo difensivo,,,,,32,28,0,A,9,False,0,683
25606,685,4,03:43,377,63,77,1750,Virtus Costa Bologna,0,1774,35,Mouhamet Rassoul,Diouf,Palla persa,50,Passaggio sbagliato,,,90,53,1,A,6,False,0,
25606,686,4,03:43,377,63,77,1766,Openjobmetis Varese,1,7428,15,Nate,Renfro,Palla recuperata,,,,,90,53,1,A,6,False,0,685
25606,687,4,03:37,383,63,77,1766,Openjobmetis Varese,1,7428,15,Nate,Renfro,Palla persa,50,Passaggio sbagliato,,,83,24,0,D,4,False,0,
25606,688,4,03:37,383,63,77,1750,Virtus Costa Bologna,0,9004,21,Derrick,Alston,Ingresso,,,,,,,,,,False,0,
25606,689,4,03:37,383,63,77,1750,Virtus Costa Bologna,0,2608,23,Daniel,Hackett,Uscita,,,,,,,,,,False,0,688
25606,690,4,03:34,386,63,77,1750,Virtus Costa Bologna,0,9372,34,Bo,Klintman,Palla persa,53,Passi,,,92,27,1,A,4,False,0,
25606,691,4,03:15,405,63,77,1766,Openjobmetis Varese,1,9334,12,Hunter,Hale,2 punti sbagliato,6,Arresto e tiro,,,21,68,0,A,7,False,0,
25606,692,4,03:15,405,63,77,1750,Virtus Costa Bologna,0,9004,21,Derrick,Alston,Rimbalzo difensivo,,,,,21,68,0,A,7,False,0,691
25606,693,4,03:02,418,63,77,1766,Openjobmetis Varese,1,9337,3,David,Duke,Fallo commesso,100,personale,,,86,7,0,D,4,False,0,
25606,694,4,03:02,418,63,77,1750,Virtus Costa Bologna,0,274,11,Tommaso,Baldasso,Fallo Subito,,,,,86,7,0,D,4,False,0,693
25606,695,4,03:02,418,63,77,1766,Openjobmetis Varese,1,7428,15,Nate,Renfro,Uscita,,,,,,,,,,False,0,
25606,696,4,03:02,418,63,77,1766,Openjobmetis Varese,1,7014,17,Ismael,Kamagate,Ingresso,,,,,,,,,,False,0,695
25606,697,4,02:51,429,63,79,1750,Virtus Costa Bologna,0,274,11,Tommaso,Baldasso,2 punti segnato,6,Arresto e tiro,,,81,65,1,A,2,True,0,
25606,698,4,02:43,437,63,79,1766,Openjobmetis Varese,1,97,2,Davide,Alviti,Palla persa,50,Passaggio sbagliato,,,11,45,0,A,6,False,0,
25606,699,4,02:43,437,63,79,1750,Virtus Costa Bologna,0,1774,35,Mouhamet Rassoul,Diouf,Palla recuperata,,,,,11,45,0,A,6,False,0,698
25606,700,4,02:35,445,63,81,1750,Virtus Costa Bologna,0,9372,34,Bo,Klintman,2 punti segnato,7,Appoggio a canestro,500,contropiede,91,45,1,A,3,True,0,
25606,701,4,02:35,445,63,81,1750,Virtus Costa Bologna,0,274,11,Tommaso,Baldasso,Assist,,,500,contropiede,91,45,1,A,3,False,0,700
25606,702,4,02:34,446,63,81,1766,Openjobmetis Varese,1,,,,,Time Out,,,,,,,0,,,False,0,
25606,703,4,02:34,446,63,81,1766,Openjobmetis Varese,1,97,2,Davide,Alviti,Uscita,,,,,,,,,,False,0,
25606,704,4,02:34,446,63,81,1766,Openjobmetis Varese,1,9337,3,David,Duke,Uscita,,,,,,,,,,False,0,703
25606,705,4,02:34,446,63,81,1766,Openjobmetis Varese,1,6556,5,Mauro,Villa,Ingresso,,,,,,,,,,False,0,703
25606,706,4,02:34,446,63,81,1766,Openjobmetis Varese,1,9335,22,Isaiah,Roby,Ingresso,,,,,,,,,,False,0,703
25606,707,4,02:32,448,63,81,1766,Openjobmetis Varese,1,9334,12,Hunter,Hale,2 punti sbagliato,8,Da penetrazione,,,6,48,0,A,3,False,0,
25606,708,4,02:32,448,63,81,1750,Virtus Costa Bologna,0,274,11,Tommaso,Baldasso,Rimbalzo difensivo,,,,,6,48,0,A,3,False,0,707
25606,709,4,02:32,448,63,81,1766,Openjobmetis Varese,1,7014,17,Ismael,Kamagate,Fallo commesso,100,personale,,,14,56,0,A,6,False,0,
25606,710,4,02:32,448,63,81,1750,Virtus Costa Bologna,0,274,11,Tommaso,Baldasso,Fallo Subito,,,,,14,56,0,A,6,False,0,709
25606,711,4,02:32,448,63,81,1750,Virtus Costa Bologna,0,9367,1,Trent,Frazier,Uscita,,,,,,,,,,False,0,
25606,712,4,02:32,448,63,81,1750,Virtus Costa Bologna,0,1051,7,Davide,Casarin,Ingresso,,,,,,,,,,False,0,711
25606,713,4,02:32,448,63,82,1750,Virtus Costa Bologna,0,274,11,Tommaso,Baldasso,Tiro libero segnato,,,,,,,,A,7,False,0,
25606,714,4,02:32,448,63,83,1750,Virtus Costa Bologna,0,274,11,Tommaso,Baldasso,Tiro libero segnato,,,,,,,,A,7,False,0,713
25606,715,4,02:12,468,63,83,1766,Openjobmetis Varese,1,3207,13,Matteo,Librizzi,3 punti sbagliato,6,Arresto e tiro,,,29,75,0,A,10,False,0,
25606,716,4,02:12,468,63,83,1750,Virtus Costa Bologna,0,274,11,Tommaso,Baldasso,Rimbalzo difensivo,,,,,29,75,0,A,10,False,0,715
25606,717,4,01:56,484,63,83,1750,Virtus Costa Bologna,0,1774,35,Mouhamet Rassoul,Diouf,2 punti sbagliato,1,Tiro in sospensione,,,77,51,1,A,7,False,0,
25606,718,4,01:56,484,63,83,1750,Virtus Costa Bologna,0,274,11,Tommaso,Baldasso,Rimbalzo offensivo,,,,,77,51,1,A,7,False,0,717
25606,719,4,01:46,494,63,86,1750,Virtus Costa Bologna,0,9004,21,Derrick,Alston,3 punti segnato,1,Tiro in sospensione,,,85,99,1,A,8,False,0,
25606,720,4,01:46,494,63,86,1750,Virtus Costa Bologna,0,274,11,Tommaso,Baldasso,Assist,,,,,85,99,1,A,8,False,0,719
25606,721,4,01:27,513,63,86,1766,Openjobmetis Varese,1,7014,17,Ismael,Kamagate,Palla persa,50,Passaggio sbagliato,,,14,50,0,A,6,False,0,
25606,722,4,01:27,513,63,86,1766,Openjobmetis Varese,1,9334,12,Hunter,Hale,Uscita,,,,,,,,,,False,0,
25606,723,4,01:27,513,63,86,1766,Openjobmetis Varese,1,7626,19,Robert,Kangur,Ingresso,,,,,,,,,,False,0,722
25606,724,4,01:27,513,63,86,1750,Virtus Costa Bologna,0,274,11,Tommaso,Baldasso,Uscita,,,,,,,,,,False,0,722
25606,725,4,01:27,513,63,86,1750,Virtus Costa Bologna,0,6797,13,Matteo,Baiocchi,Ingresso,,,,,,,,,,False,0,722
25606,726,4,01:27,513,63,86,1750,Virtus Costa Bologna,0,7132,24,Francesco,Ferrari,Ingresso,,,,,,,,,,False,0,722
25606,727,4,01:27,513,63,86,1750,Virtus Costa Bologna,0,1774,35,Mouhamet Rassoul,Diouf,Uscita,,,,,,,,,,False,0,722
25606,728,4,01:18,522,63,86,1750,Virtus Costa Bologna,0,1051,7,Davide,Casarin,Fallo commesso,106,offensivo,,,70,9,1,A,10,False,0,
25606,729,4,01:18,522,63,86,1750,Virtus Costa Bologna,0,1051,7,Davide,Casarin,Palla persa,,,,,70,9,1,A,10,False,0,728
25606,730,4,01:18,522,63,86,1766,Openjobmetis Varese,1,3207,13,Matteo,Librizzi,Fallo Subito,,,,,70,9,1,A,10,False,0,728
25606,731,4,01:18,522,63,86,1750,Virtus Costa Bologna,0,1051,7,Davide,Casarin,Uscita,,,,,,,,,,False,0,
25606,732,4,01:18,522,63,86,1750,Virtus Costa Bologna,0,274,11,Tommaso,Baldasso,Ingresso,,,,,,,,,,False,0,731
25606,733,4,01:13,527,63,86,1766,Openjobmetis Varese,1,3207,13,Matteo,Librizzi,Palla persa,50,Passaggio sbagliato,,,10,54,0,A,6,False,0,
25606,734,4,01:13,527,63,86,1750,Virtus Costa Bologna,0,6797,13,Matteo,Baiocchi,Palla recuperata,,,,,10,54,0,A,6,False,0,733
25606,735,4,01:08,532,63,88,1750,Virtus Costa Bologna,0,7132,24,Francesco,Ferrari,2 punti segnato,7,Appoggio a canestro,500,contropiede,93,55,1,A,3,True,0,
25606,736,4,01:08,532,63,88,1750,Virtus Costa Bologna,0,9004,21,Derrick,Alston,Assist,,,500,contropiede,93,55,1,A,3,False,0,735
25606,737,4,01:08,532,63,88,1750,Virtus Costa Bologna,0,6797,13,Matteo,Baiocchi,Fallo commesso,100,personale,,,9,51,1,D,3,False,0,
25606,738,4,01:08,532,63,88,1766,Openjobmetis Varese,1,3207,13,Matteo,Librizzi,Fallo Subito,,,,,9,51,1,D,3,False,0,737
25606,739,4,01:08,532,64,88,1766,Openjobmetis Varese,1,3207,13,Matteo,Librizzi,Tiro libero segnato,,,,,,,,A,7,False,0,
25606,740,4,01:08,532,65,88,1766,Openjobmetis Varese,1,3207,13,Matteo,Librizzi,Tiro libero segnato,,,,,,,,A,7,False,0,739
25606,743,4,00:46,554,65,88,1750,Virtus Costa Bologna,0,274,11,Tommaso,Baldasso,Tiro libero sbagliato,,,,,,,,A,7,False,0,
25606,744,4,00:46,554,65,89,1750,Virtus Costa Bologna,0,274,11,Tommaso,Baldasso,Tiro libero segnato,,,,,,,,A,7,False,0,743
25606,745,4,00:40,560,65,89,1766,Openjobmetis Varese,1,7626,19,Robert,Kangur,Palla persa,50,Passaggio sbagliato,,,36,80,0,A,10,False,0,
25606,746,4,00:40,560,65,89,1750,Virtus Costa Bologna,0,9372,34,Bo,Klintman,Palla recuperata,,,,,36,80,0,A,10,False,0,745
25606,747,4,00:40,560,65,89,1750,Virtus Costa Bologna,0,9372,34,Bo,Klintman,Palla persa,50,Passaggio sbagliato,,,92,69,1,A,2,False,0,
25606,748,4,00:40,560,65,89,1766,Openjobmetis Varese,1,7626,19,Robert,Kangur,Palla recuperata,,,,,92,69,1,A,2,False,0,747
25606,749,4,00:40,560,65,89,1766,Openjobmetis Varese,1,6556,5,Mauro,Villa,2 punti sbagliato,7,Appoggio a canestro,,,5,45,0,A,3,False,0,
25606,750,4,00:40,560,65,89,1766,Openjobmetis Varese,1,7014,17,Ismael,Kamagate,Rimbalzo offensivo,,,,,5,45,0,A,3,False,0,749
25606,751,4,00:40,560,67,89,1766,Openjobmetis Varese,1,9335,22,Isaiah,Roby,2 punti segnato,1,Tiro in sospensione,,,17,80,0,A,4,False,0,
25606,752,4,00:40,560,67,89,1766,Openjobmetis Varese,1,7014,17,Ismael,Kamagate,Assist,,,,,17,80,0,A,4,False,0,751
25606,753,4,00:39,561,67,89,1766,Openjobmetis Varese,1,7626,19,Robert,Kangur,Fallo commesso,100,personale,,,82,47,0,D,6,False,0,
25606,754,4,00:39,561,67,89,1750,Virtus Costa Bologna,0,6797,13,Matteo,Baiocchi,Fallo Subito,,,,,82,47,0,D,6,False,0,753
25606,741,4,00:38,562,67,89,1766,Openjobmetis Varese,1,9335,22,Isaiah,Roby,Fallo commesso,100,personale,,,81,51,0,D,6,False,0,
25606,742,4,00:38,562,67,89,1750,Virtus Costa Bologna,0,274,11,Tommaso,Baldasso,Fallo Subito,,,,,81,51,0,D,6,False,0,741
25606,755,4,00:23,577,67,89,1750,Virtus Costa Bologna,0,6797,13,Matteo,Baiocchi,Tiro libero sbagliato,,,,,,,,A,7,False,0,
25606,756,4,00:23,577,67,90,1750,Virtus Costa Bologna,0,6797,13,Matteo,Baiocchi,Tiro libero segnato,,,,,,,,A,7,False,0,755
25606,757,4,00:13,587,67,90,1750,Virtus Costa Bologna,0,9372,34,Bo,Klintman,Fallo commesso,100,personale,,,34,52,1,D,9,False,0,
25606,758,4,00:13,587,67,90,1766,Openjobmetis Varese,1,6556,5,Mauro,Villa,Fallo Subito,,,,,34,52,1,D,9,False,0,757
25606,759,4,00:13,587,67,90,1766,Openjobmetis Varese,1,6556,5,Mauro,Villa,Tiro libero sbagliato,,,,,,,,A,7,False,0,
25606,760,4,00:13,587,67,90,1750,Virtus Costa Bologna,0,2608,23,Daniel,Hackett,Ingresso,,,,,,,,,,False,0,
25606,761,4,00:13,587,67,90,1750,Virtus Costa Bologna,0,9372,34,Bo,Klintman,Uscita,,,,,,,,,,False,0,760
25606,762,4,00:13,587,67,90,1750,Virtus Costa Bologna,0,2608,23,Daniel,Hackett,Uscita,,,,,,,,,,False,0,
25606,763,4,00:13,587,67,90,1750,Virtus Costa Bologna,0,9372,34,Bo,Klintman,Ingresso,,,,,,,,,,False,0,762
25606,764,4,00:13,587,67,90,1766,Openjobmetis Varese,1,6556,5,Mauro,Villa,Tiro libero sbagliato,,,,,,,,A,7,False,0,759
25606,765,4,00:13,587,67,90,1766,Openjobmetis Varese,1,6556,5,Mauro,Villa,Rimbalzo offensivo,,,,,,,,,,False,0,759
25606,766,4,00:13,587,69,90,1766,Openjobmetis Varese,1,6556,5,Mauro,Villa,2 punti segnato,7,Appoggio a canestro,,,8,43,0,A,3,True,0,
25606,767,4,00:08,592,69,90,1750,Virtus Costa Bologna,0,2608,23,Daniel,Hackett,Ingresso,,,,,,,,,,False,0,
25606,768,4,00:08,592,69,90,1750,Virtus Costa Bologna,0,9372,34,Bo,Klintman,Uscita,,,,,,,,,,False,0,767
25606,769,4,00:00,600,69,90,,,,,,,,Fine Tempo,,,,,,,,,,False,0,
25607,102,1,10:00,0,0,0,,,,,,,,Inizio Tempo,,,,,,,,,,False,0,
25607,103,1,09:59,1,0,0,1768,Longobardi Scafati Basket,0,9348,21,Ze'Rik,Onyema,Palla contesa,,,,,,,1,,,False,0,
25607,104,1,09:47,13,0,0,1768,Longobardi Scafati Basket,0,9347,13,Mezie,Offurum,3 punti sbagliato,1,Tiro in sospensione,,,95,97,1,A,1,False,0,
25607,105,1,09:47,13,0,0,1771,APU Old Wild West Udine,1,9021,26,Nick,McGlynn,Rimbalzo difensivo,,,,,95,97,1,A,1,False,0,104
25607,106,1,09:28,32,0,0,1771,APU Old Wild West Udine,1,9302,24,Raequan,Battle,Palla persa,50,Passaggio sbagliato,,,25,38,0,A,7,False,0,
25607,107,1,09:28,32,0,0,1768,Longobardi Scafati Basket,0,9348,21,Ze'Rik,Onyema,Palla recuperata,,,,,25,38,0,A,7,False,0,106
25607,108,1,09:23,37,0,0,1768,Longobardi Scafati Basket,0,9347,13,Mezie,Offurum,Palla persa,50,Passaggio sbagliato,,,83,56,1,A,6,False,0,
25607,109,1,09:11,49,0,0,1771,APU Old Wild West Udine,1,9358,11,Zan,Sisko,Palla persa,51,Palleggio,,,18,57,0,A,6,False,0,
25607,110,1,09:11,49,0,0,1768,Longobardi Scafati Basket,0,9348,21,Ze'Rik,Onyema,Palla recuperata,,,,,18,57,1,D,6,False,0,109
25607,111,1,09:06,54,0,0,1771,APU Old Wild West Udine,1,6189,3,Joseph,Mobio,Fallo commesso,103,tiro,,,88,44,0,D,6,False,0,
25607,112,1,09:06,54,0,0,1768,Longobardi Scafati Basket,0,7030,8,Charlie Edward,Moore,Fallo Subito,,,,,88,44,0,D,6,False,0,111
25607,113,1,09:06,54,0,1,1768,Longobardi Scafati Basket,0,7030,8,Charlie Edward,Moore,Tiro libero segnato,500,contropiede,,,,,,A,7,False,0,
25607,114,1,09:06,54,0,1,1768,Longobardi Scafati Basket,0,7030,8,Charlie Edward,Moore,Tiro libero sbagliato,500,contropiede,,,,,,A,7,False,0,113
25607,115,1,09:06,54,0,1,1768,Longobardi Scafati Basket,0,9348,21,Ze'Rik,Onyema,Assist,,,,,,,,,,False,0,113
25607,116,1,09:06,54,0,1,1771,APU Old Wild West Udine,1,9302,24,Raequan,Battle,Rimbalzo difensivo,,,,,,,,,,False,0,113
25607,117,1,08:50,70,0,1,1768,Longobardi Scafati Basket,0,9347,13,Mezie,Offurum,Fallo commesso,100,personale,,,17,57,1,D,6,False,0,
25607,118,1,08:50,70,0,1,1771,APU Old Wild West Udine,1,9302,24,Raequan,Battle,Fallo Subito,,,,,17,57,1,D,6,False,0,117
25607,119,1,08:49,71,0,1,1771,APU Old Wild West Udine,1,9302,24,Raequan,Battle,3 punti sbagliato,1,Tiro in sospensione,,,6,97,0,A,5,False,0,
25607,120,1,08:49,71,0,1,1771,APU Old Wild West Udine,1,9358,11,Zan,Sisko,Rimbalzo offensivo,,,,,6,97,0,A,5,False,0,119
25607,121,1,08:35,85,2,1,1771,APU Old Wild West Udine,1,9021,26,Nick,McGlynn,2 punti segnato,9,Schiacciata,,,5,51,0,A,3,True,1,
25607,122,1,08:35,85,2,1,1771,APU Old Wild West Udine,1,9358,11,Zan,Sisko,Assist,,,,,5,51,0,A,3,False,0,121
25607,123,1,08:18,102,2,1,1768,Longobardi Scafati Basket,0,7319,17,Rodney,McGruder,3 punti sbagliato,1,Tiro in sospensione,,,71,27,1,A,9,False,0,
25607,124,1,08:18,102,2,1,1768,Longobardi Scafati Basket,0,9348,21,Ze'Rik,Onyema,Rimbalzo offensivo,,,,,71,27,1,A,9,False,0,123
25607,125,1,08:05,115,2,1,1768,Longobardi Scafati Basket,0,2293,12,Garrett,Nevels,2 punti sbagliato,2,Tiro in corsa,,,87,61,1,A,6,False,0,
25607,126,1,08:05,115,2,1,1771,APU Old Wild West Udine,1,7391,45,Denzel,Valentine,Rimbalzo difensivo,,,,,87,61,1,A,6,False,0,125
25607,127,1,07:48,132,2,1,1771,APU Old Wild West Udine,1,6189,3,Joseph,Mobio,3 punti sbagliato,1,Tiro in sospensione,,,18,7,0,A,8,False,0,
25607,128,1,07:48,132,2,1,1768,Longobardi Scafati Basket,0,9348,21,Ze'Rik,Onyema,Rimbalzo difensivo,,,,,18,7,0,A,8,False,0,127
25607,129,1,07:34,146,2,1,1768,Longobardi Scafati Basket,0,9347,13,Mezie,Offurum,2 punti sbagliato,1,Tiro in sospensione,,,92,45,1,A,3,False,0,
25607,130,1,07:34,146,2,1,1771,APU Old Wild West Udine,1,9302,24,Raequan,Battle,Rimbalzo difensivo,,,,,92,45,1,A,3,False,0,129
25607,131,1,07:27,153,4,1,1771,APU Old Wild West Udine,1,6189,3,Joseph,Mobio,2 punti segnato,2,Tiro in corsa,500,contropiede,6,55,0,A,3,True,0,
25607,132,1,07:27,153,4,1,1771,APU Old Wild West Udine,1,9302,24,Raequan,Battle,Assist,,,,,6,55,0,A,3,False,0,131
25607,133,1,07:04,176,4,1,1768,Longobardi Scafati Basket,0,9348,21,Ze'Rik,Onyema,2 punti sbagliato,7,Appoggio a canestro,,,93,57,1,A,3,False,0,
25607,134,1,07:04,176,4,1,1771,APU Old Wild West Udine,1,7391,45,Denzel,Valentine,Rimbalzo difensivo,,,,,93,57,1,A,3,False,0,133
25607,135,1,06:50,190,4,1,1771,APU Old Wild West Udine,1,9021,26,Nick,McGlynn,2 punti sbagliato,1,Tiro in sospensione,,,21,50,0,A,7,False,0,
25607,136,1,06:50,190,4,1,1768,Longobardi Scafati Basket,0,2293,12,Garrett,Nevels,Rimbalzo difensivo,,,,,21,50,0,A,7,False,0,135
25607,137,1,06:42,198,4,1,1768,Longobardi Scafati Basket,0,7030,8,Charlie Edward,Moore,3 punti sbagliato,1,Tiro in sospensione,,,67,45,1,A,9,False,0,
25607,138,1,06:42,198,4,1,1771,APU Old Wild West Udine,1,7391,45,Denzel,Valentine,Rimbalzo difensivo,,,,,67,45,1,A,9,False,0,137
25607,139,1,06:26,214,7,1,1771,APU Old Wild West Udine,1,9358,11,Zan,Sisko,3 punti segnato,6,Arresto e tiro,,,26,19,0,A,8,False,0,
25607,140,1,06:03,237,7,1,1771,APU Old Wild West Udine,1,9302,24,Raequan,Battle,Fallo commesso,100,personale,,,90,83,0,D,2,False,0,
25607,141,1,06:03,237,7,1,1768,Longobardi Scafati Basket,0,7319,17,Rodney,McGruder,Fallo Subito,,,,,90,83,0,D,2,False,0,140
25607,143,1,05:54,246,7,1,1768,Longobardi Scafati Basket,0,7030,8,Charlie Edward,Moore,Palla persa,51,Palleggio,,,77,61,1,A,7,False,0,
25607,144,1,05:54,246,7,1,1771,APU Old Wild West Udine,1,9021,26,Nick,McGlynn,Palla recuperata,,,,,77,61,1,A,7,False,0,143
25607,145,1,05:50,250,7,1,1771,APU Old Wild West Udine,1,9358,11,Zan,Sisko,Palla persa,50,Passaggio sbagliato,,,33,43,0,A,9,False,0,
25607,146,1,05:50,250,7,1,1768,Longobardi Scafati Basket,0,9347,13,Mezie,Offurum,Palla recuperata,,,,,33,43,1,D,9,False,0,145
25607,147,1,05:40,260,7,1,1771,APU Old Wild West Udine,1,9021,26,Nick,McGlynn,Fallo commesso,100,personale,,,67,39,0,D,9,False,0,
25607,148,1,05:40,260,7,1,1768,Longobardi Scafati Basket,0,2293,12,Garrett,Nevels,Fallo Subito,,,,,67,39,0,D,9,False,0,147
25607,149,1,05:38,262,7,1,1768,Longobardi Scafati Basket,0,2293,12,Garrett,Nevels,3 punti sbagliato,1,Tiro in sospensione,,,73,80,1,A,8,False,0,
25607,150,1,05:38,262,7,1,1771,APU Old Wild West Udine,1,6189,3,Joseph,Mobio,Rimbalzo difensivo,,,,,73,80,1,A,8,False,0,149
25607,151,1,05:26,274,9,1,1771,APU Old Wild West Udine,1,9021,26,Nick,McGlynn,2 punti segnato,1,Tiro in sospensione,,,6,20,0,A,2,False,0,
25607,152,1,05:26,274,9,1,1771,APU Old Wild West Udine,1,7391,45,Denzel,Valentine,Assist,,,,,6,20,0,A,2,False,0,151
25607,153,1,05:06,294,9,4,1768,Longobardi Scafati Basket,0,7319,17,Rodney,McGruder,3 punti segnato,1,Tiro in sospensione,,,73,82,1,A,8,False,0,
25607,154,1,05:06,294,9,4,1768,Longobardi Scafati Basket,0,2293,12,Garrett,Nevels,Assist,,,,,73,82,1,A,8,False,0,153
25607,155,1,04:41,319,9,4,1771,APU Old Wild West Udine,1,9302,24,Raequan,Battle,Palla persa,51,Palleggio,,,45,77,0,A,10,False,0,
25607,157,1,04:41,319,9,4,1768,Longobardi Scafati Basket,0,2293,12,Garrett,Nevels,Palla recuperata,,,,,45,77,1,D,10,False,0,155
25607,158,1,04:41,319,9,4,1771,APU Old Wild West Udine,1,6189,3,Joseph,Mobio,Uscita,,,,,,,,,,False,0,
25607,159,1,04:41,319,9,4,1771,APU Old Wild West Udine,1,6653,6,Skylar,Spencer,Ingresso,,,,,,,,,,False,0,158
25607,160,1,04:41,319,9,4,1771,APU Old Wild West Udine,1,425,22,Eimantas,Bendzius,Ingresso,,,,,,,,,,False,0,158
25607,161,1,04:41,319,9,4,1771,APU Old Wild West Udine,1,9021,26,Nick,McGlynn,Uscita,,,,,,,,,,False,0,158
25607,162,1,04:35,325,9,4,1768,Longobardi Scafati Basket,0,7030,8,Charlie Edward,Moore,2 punti sbagliato,8,Da penetrazione,,,92,41,1,A,3,False,0,
25607,163,1,04:35,325,9,4,1771,APU Old Wild West Udine,1,6653,6,Skylar,Spencer,Rimbalzo difensivo,,,,,92,41,1,A,3,False,0,162
25607,164,1,04:20,340,9,4,1771,APU Old Wild West Udine,1,7391,45,Denzel,Valentine,Palla persa,50,Passaggio sbagliato,,,13,47,0,A,6,False,0,
25607,165,1,04:20,340,9,4,1768,Longobardi Scafati Basket,0,7030,8,Charlie Edward,Moore,Palla recuperata,,,,,13,47,0,A,6,False,0,164
25607,166,1,04:13,347,9,4,1771,APU Old Wild West Udine,1,9358,11,Zan,Sisko,Fallo commesso,100,personale,,,93,39,0,D,3,False,0,
25607,167,1,04:13,347,9,4,1768,Longobardi Scafati Basket,0,9348,21,Ze'Rik,Onyema,Fallo Subito,,,,,93,39,0,D,3,False,0,166
25607,168,1,04:13,347,9,4,1771,APU Old Wild West Udine,1,9358,11,Zan,Sisko,Uscita,,,,,,,,,,False,0,
25607,169,1,04:13,347,9,4,1771,APU Old Wild West Udine,1,9030,31,Andrea,Calzavara,Ingresso,,,,,,,,,,False,0,168
25607,170,1,04:13,347,9,4,1768,Longobardi Scafati Basket,0,7030,8,Charlie Edward,Moore,Uscita,,,,,,,,,,False,0,168
25607,171,1,04:13,347,9,4,1768,Longobardi Scafati Basket,0,3526,33,Bruno,Mascolo,Ingresso,,,,,,,,,,False,0,168
25607,172,1,03:55,365,9,4,1768,Longobardi Scafati Basket,0,3526,33,Bruno,Mascolo,Palla persa,51,Palleggio,,,74,47,1,A,7,False,0,
25607,173,1,03:55,365,9,4,1771,APU Old Wild West Udine,1,6653,6,Skylar,Spencer,Palla recuperata,,,,,74,47,1,A,7,False,0,172
25607,174,1,03:51,369,11,4,1771,APU Old Wild West Udine,1,9302,24,Raequan,Battle,2 punti segnato,2,Tiro in corsa,500,contropiede,7,53,0,A,3,True,0,
25607,175,1,03:51,369,11,4,1771,APU Old Wild West Udine,1,6653,6,Skylar,Spencer,Assist,,,500,contropiede,7,53,0,A,3,False,0,174
25607,176,1,03:34,386,11,4,1768,Longobardi Scafati Basket,0,2293,12,Garrett,Nevels,3 punti sbagliato,1,Tiro in sospensione,,,71,79,1,A,8,False,0,
25607,177,1,03:34,386,11,4,1771,APU Old Wild West Udine,1,7391,45,Denzel,Valentine,Rimbalzo difensivo,,,,,71,79,1,A,8,False,0,176
25607,178,1,03:12,408,14,4,1771,APU Old Wild West Udine,1,425,22,Eimantas,Bendzius,3 punti segnato,1,Tiro in sospensione,,,5,3,0,A,1,False,0,
25607,179,1,03:12,408,14,4,1771,APU Old Wild West Udine,1,9030,31,Andrea,Calzavara,Assist,,,,,5,3,0,A,1,False,0,178
25607,180,1,03:10,410,14,4,1768,Longobardi Scafati Basket,0,,,,,Time Out,,,,,,,1,,,False,0,
25607,181,1,03:10,410,14,4,1771,APU Old Wild West Udine,1,821,21,Lorenzo,Bucarelli,Ingresso,,,,,,,,,,False,0,
25607,182,1,03:10,410,14,4,1771,APU Old Wild West Udine,1,9302,24,Raequan,Battle,Uscita,,,,,,,,,,False,0,181
25607,183,1,02:56,424,14,4,1768,Longobardi Scafati Basket,0,9347,13,Mezie,Offurum,Palla persa,50,Passaggio sbagliato,,,69,27,1,A,9,False,0,
25607,184,1,02:56,424,14,4,1771,APU Old Wild West Udine,1,821,21,Lorenzo,Bucarelli,Palla recuperata,,,,,69,27,1,A,9,False,0,183
25607,185,1,02:52,428,16,4,1771,APU Old Wild West Udine,1,9030,31,Andrea,Calzavara,2 punti segnato,2,Tiro in corsa,500,contropiede,7,45,0,A,3,True,0,
25607,186,1,02:52,428,16,4,1771,APU Old Wild West Udine,1,821,21,Lorenzo,Bucarelli,Assist,,,500,contropiede,7,45,0,A,3,False,0,185
25607,187,1,02:39,441,16,6,1768,Longobardi Scafati Basket,0,9348,21,Ze'Rik,Onyema,2 punti segnato,9,Schiacciata,,,95,51,1,A,3,True,1,
25607,188,1,02:29,451,16,6,1771,APU Old Wild West Udine,1,9030,31,Andrea,Calzavara,2 punti sbagliato,8,Da penetrazione,1005,stoppata,8,58,0,A,3,False,0,
25607,189,1,02:29,451,16,6,1768,Longobardi Scafati Basket,0,9348,21,Ze'Rik,Onyema,Stoppata,,,,,8,58,0,A,3,False,0,188
25607,190,1,02:29,451,16,6,1771,APU Old Wild West Udine,1,9030,31,Andrea,Calzavara,Stoppata subita,,,,,8,58,0,A,3,False,0,188
25607,191,1,02:29,451,16,6,1771,APU Old Wild West Udine,1,,,,,Rimbalzi offensivi di squadra,,,,,8,58,0,A,3,False,0,188
25607,192,1,02:27,453,16,6,1768,Longobardi Scafati Basket,0,3200,4,Alessandro,Lever,Ingresso,,,,,,,,,,False,0,
25607,193,1,02:27,453,16,6,1768,Longobardi Scafati Basket,0,9347,13,Mezie,Offurum,Uscita,,,,,,,,,,False,0,192
25607,194,1,02:16,464,16,6,1771,APU Old Wild West Udine,1,425,22,Eimantas,Bendzius,2 punti sbagliato,6,Arresto e tiro,,,19,49,0,A,6,False,0,
25607,195,1,02:16,464,16,6,1771,APU Old Wild West Udine,1,821,21,Lorenzo,Bucarelli,Rimbalzo offensivo,,,,,19,49,0,A,6,False,0,194
25607,196,1,02:05,475,16,6,1771,APU Old Wild West Udine,1,425,22,Eimantas,Bendzius,Palla persa,50,Passaggio sbagliato,,,11,26,0,A,2,False,0,
25607,197,1,02:05,475,16,6,1768,Longobardi Scafati Basket,0,3526,33,Bruno,Mascolo,Palla recuperata,,,,,11,26,1,D,2,False,0,196
25607,198,1,01:58,482,16,6,1768,Longobardi Scafati Basket,0,7319,17,Rodney,McGruder,3 punti sbagliato,1,Tiro in sospensione,,,70,71,1,A,9,False,0,
25607,199,1,01:58,482,16,6,1771,APU Old Wild West Udine,1,7391,45,Denzel,Valentine,Rimbalzo difensivo,,,,,70,71,1,A,9,False,0,198
25607,200,1,01:43,497,16,6,1771,APU Old Wild West Udine,1,425,22,Eimantas,Bendzius,3 punti sbagliato,1,Tiro in sospensione,,,7,3,0,A,1,False,0,
25607,201,1,01:43,497,16,6,1768,Longobardi Scafati Basket,0,3200,4,Alessandro,Lever,Rimbalzo difensivo,,,,,7,3,0,A,1,False,0,200
25607,202,1,01:27,513,16,8,1768,Longobardi Scafati Basket,0,9348,21,Ze'Rik,Onyema,2 punti segnato,7,Appoggio a canestro,,,94,57,1,A,3,True,0,
25607,203,1,01:11,529,16,8,1771,APU Old Wild West Udine,1,425,22,Eimantas,Bendzius,2 punti sbagliato,11,Gancio,1005,stoppata,15,50,0,A,6,False,0,
25607,204,1,01:11,529,16,8,1768,Longobardi Scafati Basket,0,9348,21,Ze'Rik,Onyema,Stoppata,,,,,15,50,0,A,6,False,0,203
25607,205,1,01:11,529,16,8,1771,APU Old Wild West Udine,1,425,22,Eimantas,Bendzius,Stoppata subita,,,,,15,50,0,A,6,False,0,203
25607,206,1,01:11,529,16,8,1768,Longobardi Scafati Basket,0,3526,33,Bruno,Mascolo,Rimbalzo difensivo,,,,,15,50,0,A,6,False,0,203
25607,207,1,01:02,538,16,8,1771,APU Old Wild West Udine,1,821,21,Lorenzo,Bucarelli,Fallo commesso,103,tiro,,,92,43,0,D,3,False,0,
25607,208,1,01:02,538,16,8,1768,Longobardi Scafati Basket,0,9348,21,Ze'Rik,Onyema,Fallo Subito,,,,,92,43,0,D,3,False,0,207
25607,209,1,01:02,538,16,8,1771,APU Old Wild West Udine,1,6562,34,Matteo,Cavallero,Ingresso,,,,,,,,,,False,0,
25607,210,1,01:02,538,16,8,1771,APU Old Wild West Udine,1,7391,45,Denzel,Valentine,Uscita,,,,,,,,,,False,0,209
25607,211,1,01:02,538,16,9,1768,Longobardi Scafati Basket,0,9348,21,Ze'Rik,Onyema,Tiro libero segnato,,,,,,,,A,7,False,0,
25607,212,1,01:02,538,16,9,1768,Longobardi Scafati Basket,0,9348,21,Ze'Rik,Onyema,Tiro libero sbagliato,,,,,,,,A,7,False,0,211
25607,213,1,01:02,538,16,9,1768,Longobardi Scafati Basket,0,7319,17,Rodney,McGruder,Assist,,,,,,,,,,False,0,211
25607,214,1,01:02,538,16,9,1771,APU Old Wild West Udine,1,6653,6,Skylar,Spencer,Rimbalzo difensivo,,,,,,,,,,False,0,211
25607,215,1,00:51,549,16,9,1771,APU Old Wild West Udine,1,821,21,Lorenzo,Bucarelli,2 punti sbagliato,1,Tiro in sospensione,,,16,71,0,A,4,False,0,
25607,216,1,00:51,549,16,9,1768,Longobardi Scafati Basket,0,7319,17,Rodney,McGruder,Rimbalzo difensivo,,,,,16,71,0,A,4,False,0,215
25607,217,1,00:49,551,16,9,1771,APU Old Wild West Udine,1,9030,31,Andrea,Calzavara,Fallo commesso,100,personale,,,9,47,0,A,3,False,0,
25607,218,1,00:49,551,16,9,1768,Longobardi Scafati Basket,0,7319,17,Rodney,McGruder,Fallo Subito,,,,,9,47,0,A,3,False,0,217
25607,219,1,00:49,551,16,9,1768,Longobardi Scafati Basket,0,1142,11,Marco,Ceron,Ingresso,,,,,,,,,,False,0,
25607,220,1,00:49,551,16,9,1768,Longobardi Scafati Basket,0,2293,12,Garrett,Nevels,Uscita,,,,,,,,,,False,0,219
25607,221,1,00:49,551,16,10,1768,Longobardi Scafati Basket,0,7319,17,Rodney,McGruder,Tiro libero segnato,,,,,,,,A,7,False,0,
25607,222,1,00:49,551,16,11,1768,Longobardi Scafati Basket,0,7319,17,Rodney,McGruder,Tiro libero segnato,,,,,,,,A,7,False,0,221
25607,223,1,00:36,564,19,11,1771,APU Old Wild West Udine,1,425,22,Eimantas,Bendzius,3 punti segnato,1,Tiro in sospensione,,,8,98,0,A,5,False,0,
25607,224,1,00:36,564,19,11,1771,APU Old Wild West Udine,1,9030,31,Andrea,Calzavara,Assist,,,,,8,98,0,A,5,False,0,223
25607,225,1,00:10,590,19,11,1768,Longobardi Scafati Basket,0,3526,33,Bruno,Mascolo,2 punti sbagliato,1,Tiro in sospensione,,,87,80,1,A,2,False,0,
25607,226,1,00:10,590,19,11,1771,APU Old Wild West Udine,1,9030,31,Andrea,Calzavara,Rimbalzo difensivo,,,,,87,80,1,A,2,False,0,225
25607,227,1,00:04,596,19,11,1768,Longobardi Scafati Basket,0,1142,11,Marco,Ceron,Fallo commesso,100,personale,,,31,40,1,D,9,False,0,
25607,228,1,00:04,596,19,11,1771,APU Old Wild West Udine,1,9030,31,Andrea,Calzavara,Fallo Subito,,,,,31,40,1,D,9,False,0,227
25607,229,1,00:03,597,19,11,1771,APU Old Wild West Udine,1,821,21,Lorenzo,Bucarelli,3 punti sbagliato,1,Tiro in sospensione,,,24,87,0,A,10,False,0,
25607,230,1,00:03,597,19,11,1768,Longobardi Scafati Basket,0,3200,4,Alessandro,Lever,Rimbalzo difensivo,,,,,24,87,0,A,10,False,0,229
25607,231,1,00:00,600,19,11,,,,,,,,Fine Tempo,,,,,,,,,,False,0,
25607,232,2,10:00,0,19,11,1768,Longobardi Scafati Basket,0,7030,8,Charlie Edward,Moore,Ingresso,,,,,,,,,,False,0,
25607,233,2,10:00,0,19,11,1768,Longobardi Scafati Basket,0,7319,17,Rodney,McGruder,Uscita,,,,,,,,,,False,0,232
25607,234,2,10:00,0,19,11,,,,,,,,Inizio Tempo,,,,,,,,,,False,0,
25607,235,2,09:50,10,19,11,1771,APU Old Wild West Udine,1,9030,31,Andrea,Calzavara,Palla persa,50,Passaggio sbagliato,,,22,57,0,A,7,False,0,
25607,236,2,09:34,26,19,13,1768,Longobardi Scafati Basket,0,9348,21,Ze'Rik,Onyema,2 punti segnato,11,Gancio,,,94,65,1,A,2,True,0,
25607,237,2,09:24,36,19,13,1768,Longobardi Scafati Basket,0,7030,8,Charlie Edward,Moore,Fallo commesso,100,personale,,,33,19,1,D,8,False,0,
25607,238,2,09:24,36,19,13,1771,APU Old Wild West Udine,1,9030,31,Andrea,Calzavara,Fallo Subito,,,,,33,19,1,D,8,False,0,237
25607,239,2,09:24,36,19,13,1771,APU Old Wild West Udine,1,6653,6,Skylar,Spencer,Uscita,,,,,,,,,,False,0,
25607,240,2,09:24,36,19,13,1771,APU Old Wild West Udine,1,821,21,Lorenzo,Bucarelli,Uscita,,,,,,,,,,False,0,239
25607,241,2,09:24,36,19,13,1771,APU Old Wild West Udine,1,9302,24,Raequan,Battle,Ingresso,,,,,,,,,,False,0,239
25607,242,2,09:24,36,19,13,1771,APU Old Wild West Udine,1,9021,26,Nick,McGlynn,Ingresso,,,,,,,,,,False,0,239
25607,243,2,09:21,39,21,13,1771,APU Old Wild West Udine,1,9030,31,Andrea,Calzavara,2 punti segnato,8,Da penetrazione,,,6,55,0,A,3,True,0,
25607,244,2,09:10,50,21,13,1768,Longobardi Scafati Basket,0,3526,33,Bruno,Mascolo,2 punti sbagliato,8,Da penetrazione,1005,stoppata,93,39,1,A,3,False,0,
25607,245,2,09:10,50,21,13,1771,APU Old Wild West Udine,1,6562,34,Matteo,Cavallero,Stoppata,,,,,93,39,1,A,3,False,0,244
25607,246,2,09:10,50,21,13,1768,Longobardi Scafati Basket,0,3526,33,Bruno,Mascolo,Stoppata subita,,,,,93,39,1,A,3,False,0,244
25607,247,2,09:10,50,21,13,1771,APU Old Wild West Udine,1,9021,26,Nick,McGlynn,Rimbalzo difensivo,,,,,93,39,1,A,3,False,0,244
25607,248,2,08:54,66,24,13,1771,APU Old Wild West Udine,1,9302,24,Raequan,Battle,3 punti segnato,1,Tiro in sospensione,,,33,55,0,A,9,False,0,
25607,249,2,08:54,66,24,13,1771,APU Old Wild West Udine,1,9030,31,Andrea,Calzavara,Assist,,,,,33,55,0,A,9,False,0,248
25607,250,2,08:38,82,24,13,1768,Longobardi Scafati Basket,0,3200,4,Alessandro,Lever,3 punti sbagliato,1,Tiro in sospensione,,,78,87,1,A,8,False,0,
25607,251,2,08:38,82,24,13,1768,Longobardi Scafati Basket,0,3526,33,Bruno,Mascolo,Rimbalzo offensivo,,,,,78,87,1,A,8,False,0,250
25607,252,2,08:22,98,24,13,1768,Longobardi Scafati Basket,0,1142,11,Marco,Ceron,3 punti sbagliato,1,Tiro in sospensione,,,81,8,1,A,10,False,0,
25607,253,2,08:22,98,24,13,1771,APU Old Wild West Udine,1,425,22,Eimantas,Bendzius,Rimbalzo difensivo,,,,,81,8,1,A,10,False,0,252
25607,254,2,08:13,107,24,13,1768,Longobardi Scafati Basket,0,7030,8,Charlie Edward,Moore,Palla contesa,,,,,,,1,,,False,0,
25607,255,2,08:13,107,24,13,1771,APU Old Wild West Udine,1,9358,11,Zan,Sisko,Ingresso,,,,,,,,,,False,0,
25607,256,2,08:13,107,24,13,1771,APU Old Wild West Udine,1,9030,31,Andrea,Calzavara,Uscita,,,,,,,,,,False,0,255
25607,257,2,08:13,107,24,13,1768,Longobardi Scafati Basket,0,9347,13,Mezie,Offurum,Ingresso,,,,,,,,,,False,0,255
25607,258,2,08:13,107,24,13,1768,Longobardi Scafati Basket,0,9348,21,Ze'Rik,Onyema,Uscita,,,,,,,,,,False,0,255
25607,259,2,08:04,116,24,13,1768,Longobardi Scafati Basket,0,7030,8,Charlie Edward,Moore,2 punti sbagliato,1,Tiro in sospensione,,,74,43,1,A,7,False,0,
25607,260,2,08:04,116,24,13,1771,APU Old Wild West Udine,1,9021,26,Nick,McGlynn,Rimbalzo difensivo,,,,,74,43,1,A,7,False,0,259
25607,261,2,07:46,134,24,13,1771,APU Old Wild West Udine,1,9302,24,Raequan,Battle,2 punti sbagliato,1,Tiro in sospensione,,,9,79,0,A,4,False,0,
25607,262,2,07:46,134,24,13,1768,Longobardi Scafati Basket,0,9347,13,Mezie,Offurum,Rimbalzo difensivo,,,,,9,79,0,A,4,False,0,261
25607,263,2,07:32,148,24,15,1768,Longobardi Scafati Basket,0,3200,4,Alessandro,Lever,2 punti segnato,11,Gancio,,,94,41,1,A,3,True,0,
25607,284,2,07:32,148,24,15,1768,Longobardi Scafati Basket,0,7030,8,Charlie Edward,Moore,Assist,,,,,94,41,1,A,3,False,0,263
25607,264,2,07:13,167,26,15,1771,APU Old Wild West Udine,1,9021,26,Nick,McGlynn,2 punti segnato,10,Alley-oop,,,7,55,0,A,3,True,0,
25607,265,2,07:13,167,26,15,1771,APU Old Wild West Udine,1,9358,11,Zan,Sisko,Assist,,,,,7,55,0,A,3,False,0,264
25607,266,2,07:01,179,26,17,1768,Longobardi Scafati Basket,0,7030,8,Charlie Edward,Moore,2 punti segnato,8,Da penetrazione,,,93,44,1,A,3,True,0,
25607,267,2,06:46,194,26,17,1771,APU Old Wild West Udine,1,425,22,Eimantas,Bendzius,3 punti sbagliato,1,Tiro in sospensione,,,25,85,0,A,10,False,0,
25607,268,2,06:46,194,26,17,1768,Longobardi Scafati Basket,0,3526,33,Bruno,Mascolo,Rimbalzo difensivo,,,,,25,85,0,A,10,False,0,267
25607,269,2,06:40,200,26,19,1768,Longobardi Scafati Basket,0,9347,13,Mezie,Offurum,2 punti segnato,2,Tiro in corsa,500,contropiede,93,45,1,A,3,True,0,
25607,270,2,06:40,200,26,19,1768,Longobardi Scafati Basket,0,7030,8,Charlie Edward,Moore,Assist,,,,,93,45,1,A,3,False,0,269
25607,271,2,06:20,220,26,19,1771,APU Old Wild West Udine,1,9021,26,Nick,McGlynn,Fallo commesso,106,offensivo,,,34,46,0,A,9,False,0,
25607,272,2,06:20,220,26,19,1771,APU Old Wild West Udine,1,9021,26,Nick,McGlynn,Palla persa,,,,,34,46,0,A,9,False,0,271
25607,273,2,06:20,220,26,19,1768,Longobardi Scafati Basket,0,7030,8,Charlie Edward,Moore,Fallo Subito,,,,,34,46,0,A,9,False,0,271
25607,274,2,06:20,220,26,19,1771,APU Old Wild West Udine,1,6189,3,Joseph,Mobio,Ingresso,,,,,,,,,,False,0,
25607,275,2,06:20,220,26,19,1771,APU Old Wild West Udine,1,6653,6,Skylar,Spencer,Ingresso,,,,,,,,,,False,0,274
25607,276,2,06:20,220,26,19,1771,APU Old Wild West Udine,1,425,22,Eimantas,Bendzius,Uscita,,,,,,,,,,False,0,274
25607,277,2,06:20,220,26,19,1771,APU Old Wild West Udine,1,9021,26,Nick,McGlynn,Uscita,,,,,,,,,,False,0,274
25607,278,2,06:20,220,26,19,1771,APU Old Wild West Udine,1,6562,34,Matteo,Cavallero,Uscita,,,,,,,,,,False,0,274
25607,279,2,06:20,220,26,19,1771,APU Old Wild West Udine,1,7391,45,Denzel,Valentine,Ingresso,,,,,,,,,,False,0,274
25607,280,2,06:20,220,26,19,1768,Longobardi Scafati Basket,0,1142,11,Marco,Ceron,Uscita,,,,,,,,,,False,0,274
25607,281,2,06:20,220,26,19,1768,Longobardi Scafati Basket,0,2293,12,Garrett,Nevels,Ingresso,,,,,,,,,,False,0,274
25607,282,2,06:04,236,26,19,1768,Longobardi Scafati Basket,0,3200,4,Alessandro,Lever,Palla persa,52,Doppio Palleggio,,,83,73,1,A,2,False,0,
25607,285,2,05:56,244,26,19,1771,APU Old Wild West Udine,1,9358,11,Zan,Sisko,Palla persa,50,Passaggio sbagliato,,,33,41,0,A,9,False,0,
25607,286,2,05:56,244,26,19,1768,Longobardi Scafati Basket,0,9347,13,Mezie,Offurum,Palla recuperata,,,,,33,41,0,A,9,False,0,285
25607,287,2,05:51,249,26,19,1768,Longobardi Scafati Basket,0,9347,13,Mezie,Offurum,2 punti sbagliato,8,Da penetrazione,,,93,40,1,A,3,False,0,
25607,288,2,05:51,249,26,19,1771,APU Old Wild West Udine,1,6653,6,Skylar,Spencer,Stoppata,,,,,93,40,0,D,3,False,0,287
25607,289,2,05:51,249,26,19,1768,Longobardi Scafati Basket,0,9347,13,Mezie,Offurum,Stoppata subita,,,,,93,40,1,A,3,False,0,287
25607,290,2,05:51,249,26,19,1771,APU Old Wild West Udine,1,6189,3,Joseph,Mobio,Rimbalzo difensivo,,,,,93,40,0,D,3,False,0,287
25607,291,2,05:38,262,26,19,1771,APU Old Wild West Udine,1,7391,45,Denzel,Valentine,Palla persa,50,Passaggio sbagliato,,,27,30,0,A,7,False,0,
25607,292,2,05:27,273,26,19,1768,Longobardi Scafati Basket,0,3200,4,Alessandro,Lever,2 punti sbagliato,7,Appoggio a canestro,1003,tip-in appoggio canestro made,93,46,1,A,3,False,0,
25607,293,2,05:27,273,26,19,1768,Longobardi Scafati Basket,0,3526,33,Bruno,Mascolo,Rimbalzo offensivo,,,,,93,46,1,A,3,False,0,292
25607,294,2,05:25,275,26,21,1768,Longobardi Scafati Basket,0,3526,33,Bruno,Mascolo,2 punti segnato,7,Appoggio a canestro,,,93,46,1,A,3,True,0,
25607,295,2,05:25,275,26,21,1771,APU Old Wild West Udine,1,,,,,Time Out,,,,,,,0,,,False,0,
25607,296,2,05:10,290,28,21,1771,APU Old Wild West Udine,1,7391,45,Denzel,Valentine,2 punti segnato,2,Tiro in corsa,,,10,62,0,A,6,True,0,
25607,297,2,04:56,304,28,21,1768,Longobardi Scafati Basket,0,3200,4,Alessandro,Lever,3 punti sbagliato,1,Tiro in sospensione,,,69,35,1,A,9,False,0,
25607,298,2,04:56,304,28,21,1771,APU Old Wild West Udine,1,9358,11,Zan,Sisko,Rimbalzo difensivo,,,,,69,35,1,A,9,False,0,297
25607,299,2,04:46,314,31,21,1771,APU Old Wild West Udine,1,7391,45,Denzel,Valentine,3 punti segnato,1,Tiro in sospensione,,,9,3,0,A,1,False,0,
25607,300,2,04:31,329,31,21,1768,Longobardi Scafati Basket,0,2293,12,Garrett,Nevels,2 punti sbagliato,7,Appoggio a canestro,,,95,43,1,A,3,False,0,
25607,301,2,04:31,329,31,21,1771,APU Old Wild West Udine,1,6189,3,Joseph,Mobio,Rimbalzo difensivo,,,,,95,43,1,A,3,False,0,300
25607,302,2,04:20,340,34,21,1771,APU Old Wild West Udine,1,7391,45,Denzel,Valentine,3 punti segnato,1,Tiro in sospensione,,,33,61,0,A,9,False,0,
25607,303,2,04:18,342,34,21,1768,Longobardi Scafati Basket,0,,,,,Time Out,,,,,,,1,,,False,0,
25607,304,2,04:18,342,34,21,1768,Longobardi Scafati Basket,0,3200,4,Alessandro,Lever,Uscita,,,,,,,,,,False,0,
25607,305,2,04:18,342,34,21,1768,Longobardi Scafati Basket,0,7319,17,Rodney,McGruder,Ingresso,,,,,,,,,,False,0,304
25607,306,2,04:18,342,34,21,1768,Longobardi Scafati Basket,0,9348,21,Ze'Rik,Onyema,Ingresso,,,,,,,,,,False,0,304
25607,307,2,04:18,342,34,21,1768,Longobardi Scafati Basket,0,3526,33,Bruno,Mascolo,Uscita,,,,,,,,,,False,0,304
25607,308,2,04:03,357,34,21,1768,Longobardi Scafati Basket,0,2293,12,Garrett,Nevels,Palla persa,50,Passaggio sbagliato,,,92,59,1,A,3,False,0,
25607,309,2,03:47,373,34,21,1771,APU Old Wild West Udine,1,9358,11,Zan,Sisko,3 punti sbagliato,1,Tiro in sospensione,,,22,10,0,A,8,False,0,
25607,310,2,03:47,373,34,21,1768,Longobardi Scafati Basket,0,2293,12,Garrett,Nevels,Rimbalzo difensivo,,,,,22,10,0,A,8,False,0,309
25607,311,2,03:24,396,34,21,1768,Longobardi Scafati Basket,0,7319,17,Rodney,McGruder,2 punti sbagliato,7,Appoggio a canestro,,,88,51,1,A,6,False,0,
25607,312,2,03:24,396,34,21,1771,APU Old Wild West Udine,1,6653,6,Skylar,Spencer,Rimbalzo difensivo,,,,,88,51,1,A,6,False,0,311
25607,313,2,03:18,402,37,21,1771,APU Old Wild West Udine,1,7391,45,Denzel,Valentine,3 punti segnato,1,Tiro in sospensione,500,contropiede,21,91,0,A,10,False,0,
25607,314,2,03:18,402,37,21,1771,APU Old Wild West Udine,1,9358,11,Zan,Sisko,Assist,,,,,21,91,0,A,10,False,0,313
25607,315,2,03:02,418,37,21,1768,Longobardi Scafati Basket,0,7319,17,Rodney,McGruder,Palla persa,51,Palleggio,,,86,50,1,A,6,False,0,
25607,316,2,03:02,418,37,21,1771,APU Old Wild West Udine,1,6653,6,Skylar,Spencer,Palla recuperata,,,,,86,50,1,A,6,False,0,315
25607,317,2,02:56,424,37,21,1771,APU Old Wild West Udine,1,9302,24,Raequan,Battle,3 punti sbagliato,1,Tiro in sospensione,,,7,4,0,A,1,False,0,
25607,318,2,02:56,424,37,21,1768,Longobardi Scafati Basket,0,7030,8,Charlie Edward,Moore,Rimbalzo difensivo,,,,,7,4,0,A,1,False,0,317
25607,319,2,02:49,431,37,23,1768,Longobardi Scafati Basket,0,9348,21,Ze'Rik,Onyema,2 punti segnato,9,Schiacciata,500,contropiede,95,51,1,A,3,True,1,
25607,320,2,02:49,431,37,23,1768,Longobardi Scafati Basket,0,7030,8,Charlie Edward,Moore,Assist,,,500,contropiede,95,51,1,A,3,False,0,319
25607,321,2,02:29,451,37,23,1771,APU Old Wild West Udine,1,6653,6,Skylar,Spencer,Fallo commesso,106,offensivo,,,29,43,0,A,7,False,0,
25607,322,2,02:29,451,37,23,1771,APU Old Wild West Udine,1,6653,6,Skylar,Spencer,Palla persa,,,,,29,43,0,A,7,False,0,321
25607,323,2,02:29,451,37,23,1768,Longobardi Scafati Basket,0,7319,17,Rodney,McGruder,Fallo Subito,,,,,29,43,0,A,7,False,0,321
25607,324,2,02:29,451,37,23,1771,APU Old Wild West Udine,1,6189,3,Joseph,Mobio,Uscita,,,,,,,,,,False,0,
25607,325,2,02:29,451,37,23,1771,APU Old Wild West Udine,1,9358,11,Zan,Sisko,Uscita,,,,,,,,,,False,0,324
25607,326,2,02:29,451,37,23,1771,APU Old Wild West Udine,1,425,22,Eimantas,Bendzius,Ingresso,,,,,,,,,,False,0,324
25607,327,2,02:29,451,37,23,1771,APU Old Wild West Udine,1,9030,31,Andrea,Calzavara,Ingresso,,,,,,,,,,False,0,324
25607,328,2,02:15,465,37,23,1771,APU Old Wild West Udine,1,9030,31,Andrea,Calzavara,Fallo commesso,100,personale,,,83,37,0,D,4,False,0,
25607,329,2,02:15,465,37,23,1768,Longobardi Scafati Basket,0,7030,8,Charlie Edward,Moore,Fallo Subito,,,,,83,37,0,D,4,False,0,328
25607,330,2,02:10,470,37,23,1768,Longobardi Scafati Basket,0,7319,17,Rodney,McGruder,2 punti sbagliato,8,Da penetrazione,,,93,58,1,A,3,False,0,
25607,331,2,02:10,470,37,23,1768,Longobardi Scafati Basket,0,,,,,Rimbalzi offensivi di squadra,,,,,93,58,1,A,3,False,0,330
25607,332,2,02:04,476,37,23,1768,Longobardi Scafati Basket,0,7030,8,Charlie Edward,Moore,3 punti sbagliato,1,Tiro in sospensione,1006,violazione 24sec,83,93,1,A,8,False,0,
25607,333,2,02:04,476,37,23,1768,Longobardi Scafati Basket,0,,,,,Palle perse di squadra,1006,violazione 24sec,,,83,93,1,A,8,False,0,
25607,334,2,02:00,480,37,23,1768,Longobardi Scafati Basket,0,2293,12,Garrett,Nevels,Uscita,,,,,,,,,,False,0,
25607,335,2,02:00,480,37,23,1768,Longobardi Scafati Basket,0,3526,33,Bruno,Mascolo,Ingresso,,,,,,,,,,False,0,334
25607,336,2,01:50,490,40,23,1771,APU Old Wild West Udine,1,7391,45,Denzel,Valentine,3 punti segnato,1,Tiro in sospensione,,,30,25,0,A,8,False,0,
25607,337,2,01:32,508,40,23,1768,Longobardi Scafati Basket,0,3526,33,Bruno,Mascolo,2 punti sbagliato,2,Tiro in corsa,,,94,42,1,A,3,False,0,
25607,338,2,01:32,508,40,23,1768,Longobardi Scafati Basket,0,7030,8,Charlie Edward,Moore,Rimbalzo offensivo,,,,,94,42,1,A,3,False,0,337
25607,339,2,01:27,513,40,25,1768,Longobardi Scafati Basket,0,7030,8,Charlie Edward,Moore,2 punti segnato,1,Tiro in sospensione,,,93,70,1,A,2,False,0,
25607,340,2,01:21,519,42,25,1771,APU Old Wild West Udine,1,9302,24,Raequan,Battle,2 punti segnato,6,Arresto e tiro,,,17,44,0,A,6,True,0,
25607,341,2,01:21,519,42,25,1771,APU Old Wild West Udine,1,9030,31,Andrea,Calzavara,Assist,,,,,17,44,0,A,6,False,0,340
25607,342,2,01:02,538,42,25,1768,Longobardi Scafati Basket,0,9347,13,Mezie,Offurum,2 punti sbagliato,6,Arresto e tiro,,,84,61,1,A,6,False,0,
25607,343,2,01:02,538,42,25,1771,APU Old Wild West Udine,1,6653,6,Skylar,Spencer,Rimbalzo difensivo,,,,,84,61,1,A,6,False,0,342
25607,344,2,00:55,545,44,25,1771,APU Old Wild West Udine,1,9030,31,Andrea,Calzavara,2 punti segnato,9,Schiacciata,,,5,51,0,A,3,True,1,
25607,345,2,00:36,564,44,25,1768,Longobardi Scafati Basket,0,7319,17,Rodney,McGruder,2 punti sbagliato,1,Tiro in sospensione,,,79,51,1,A,7,False,0,
25607,346,2,00:36,564,44,25,1771,APU Old Wild West Udine,1,,,,,Rimbalzi difensivi di squadra,,,,,79,51,1,A,7,False,0,345
25607,347,2,00:33,567,44,25,1771,APU Old Wild West Udine,1,9358,11,Zan,Sisko,Ingresso,,,,,,,,,,False,0,
25607,348,2,00:33,567,44,25,1771,APU Old Wild West Udine,1,9030,31,Andrea,Calzavara,Uscita,,,,,,,,,,False,0,347
25607,349,2,00:33,567,44,25,1768,Longobardi Scafati Basket,0,2293,12,Garrett,Nevels,Ingresso,,,,,,,,,,False,0,347
25607,350,2,00:33,567,44,25,1768,Longobardi Scafati Basket,0,7319,17,Rodney,McGruder,Uscita,,,,,,,,,,False,0,347
25607,351,2,00:10,590,47,25,1771,APU Old Wild West Udine,1,7391,45,Denzel,Valentine,3 punti segnato,1,Tiro in sospensione,,,30,37,0,A,9,False,0,
25607,352,2,00:01,599,47,28,1768,Longobardi Scafati Basket,0,2293,12,Garrett,Nevels,3 punti segnato,1,Tiro in sospensione,,,89,4,1,A,10,False,0,
25607,353,2,00:01,599,47,28,1768,Longobardi Scafati Basket,0,7030,8,Charlie Edward,Moore,Assist,,,,,89,4,1,A,10,False,0,352
25607,354,2,00:00,600,47,28,,,,,,,,Fine Tempo,,,,,,,,,,False,0,
25607,355,3,10:00,0,47,28,1771,APU Old Wild West Udine,1,6189,3,Joseph,Mobio,Ingresso,,,,,,,,,,False,0,
25607,356,3,10:00,0,47,28,1771,APU Old Wild West Udine,1,6653,6,Skylar,Spencer,Uscita,,,,,,,,,,False,0,355
25607,357,3,10:00,0,47,28,1771,APU Old Wild West Udine,1,425,22,Eimantas,Bendzius,Uscita,,,,,,,,,,False,0,355
25607,358,3,10:00,0,47,28,1771,APU Old Wild West Udine,1,9021,26,Nick,McGlynn,Ingresso,,,,,,,,,,False,0,355
25607,359,3,10:00,0,47,28,1768,Longobardi Scafati Basket,0,3200,4,Alessandro,Lever,Ingresso,,,,,,,,,,False,0,355
25607,360,3,10:00,0,47,28,1768,Longobardi Scafati Basket,0,3526,33,Bruno,Mascolo,Uscita,,,,,,,,,,False,0,355
25607,361,3,10:00,0,47,28,,,,,,,,Inizio Tempo,,,,,,,,,,False,0,
25607,362,3,09:49,11,49,28,1771,APU Old Wild West Udine,1,9358,11,Zan,Sisko,2 punti segnato,2,Tiro in corsa,,,89,65,1,A,2,True,0,
25607,363,3,09:32,28,49,28,1771,APU Old Wild West Udine,1,7391,45,Denzel,Valentine,Fallo commesso,100,personale,,,14,31,1,D,2,False,0,
25607,364,3,09:32,28,49,28,1768,Longobardi Scafati Basket,0,9347,13,Mezie,Offurum,Fallo Subito,,,,,14,31,1,D,2,False,0,363
25607,365,3,09:25,35,49,28,1768,Longobardi Scafati Basket,0,7030,8,Charlie Edward,Moore,Palla persa,50,Passaggio sbagliato,,,14,46,0,A,6,False,0,
25607,366,3,09:25,35,49,28,1771,APU Old Wild West Udine,1,6189,3,Joseph,Mobio,Palla recuperata,,,,,14,46,0,A,6,False,0,365
25607,367,3,09:13,47,49,28,1771,APU Old Wild West Udine,1,6189,3,Joseph,Mobio,3 punti sbagliato,1,Tiro in sospensione,,,95,97,1,A,1,False,0,
25607,368,3,09:13,47,49,28,1771,APU Old Wild West Udine,1,9358,11,Zan,Sisko,Rimbalzo offensivo,,,,,95,97,1,A,1,False,0,367
25607,369,3,08:57,63,49,28,1771,APU Old Wild West Udine,1,,,,,Palle perse di squadra,602,24 Secondi,,,73,85,1,A,8,False,0,
25607,370,3,08:42,78,49,31,1768,Longobardi Scafati Basket,0,3200,4,Alessandro,Lever,3 punti segnato,1,Tiro in sospensione,,,20,8,0,A,8,False,0,
25607,371,3,08:42,78,49,31,1768,Longobardi Scafati Basket,0,9347,13,Mezie,Offurum,Assist,,,,,20,8,0,A,8,False,0,370
25607,372,3,08:22,98,51,31,1771,APU Old Wild West Udine,1,9302,24,Raequan,Battle,2 punti segnato,2,Tiro in corsa,,,95,33,1,A,4,False,0,
25607,373,3,08:22,98,51,31,1771,APU Old Wild West Udine,1,9358,11,Zan,Sisko,Assist,,,,,95,33,1,A,4,False,0,372
25607,374,3,08:03,117,51,31,1768,Longobardi Scafati Basket,0,3200,4,Alessandro,Lever,Palla persa,51,Palleggio,,,7,71,0,A,4,False,0,
25607,375,3,08:03,117,51,31,1771,APU Old Wild West Udine,1,6189,3,Joseph,Mobio,Uscita,,,,,,,,,,False,0,
25607,376,3,08:03,117,51,31,1771,APU Old Wild West Udine,1,425,22,Eimantas,Bendzius,Ingresso,,,,,,,,,,False,0,375
25607,377,3,07:51,129,51,31,1768,Longobardi Scafati Basket,0,9347,13,Mezie,Offurum,Fallo commesso,100,personale,,,67,47,0,D,9,False,0,
25607,378,3,07:51,129,51,31,1771,APU Old Wild West Udine,1,7391,45,Denzel,Valentine,Fallo Subito,,,,,67,47,0,D,9,False,0,377
25607,379,3,07:47,133,51,31,1771,APU Old Wild West Udine,1,7391,45,Denzel,Valentine,3 punti sbagliato,1,Tiro in sospensione,,,68,48,1,A,9,False,0,
25607,380,3,07:47,133,51,31,1768,Longobardi Scafati Basket,0,3200,4,Alessandro,Lever,Rimbalzo difensivo,,,,,68,48,1,A,9,False,0,379
25607,382,3,07:37,143,51,33,1768,Longobardi Scafati Basket,0,9347,13,Mezie,Offurum,2 punti segnato,9,Schiacciata,,,5,50,0,A,3,True,1,
25607,383,3,07:37,143,51,33,1768,Longobardi Scafati Basket,0,7030,8,Charlie Edward,Moore,Assist,,,,,5,50,0,A,3,False,0,382
25607,384,3,07:21,159,51,33,1768,Longobardi Scafati Basket,0,3200,4,Alessandro,Lever,Fallo commesso,100,personale,,,66,36,0,D,9,False,0,
25607,385,3,07:21,159,51,33,1771,APU Old Wild West Udine,1,9302,24,Raequan,Battle,Fallo Subito,,,,,66,36,0,D,9,False,0,384
25607,386,3,07:11,169,51,33,1768,Longobardi Scafati Basket,0,2293,12,Garrett,Nevels,Fallo commesso,100,personale,,,91,27,0,D,4,False,0,
25607,387,3,07:11,169,51,33,1771,APU Old Wild West Udine,1,425,22,Eimantas,Bendzius,Fallo Subito,,,,,91,27,0,D,4,False,0,386
25607,388,3,07:03,177,53,33,1771,APU Old Wild West Udine,1,9021,26,Nick,McGlynn,2 punti segnato,10,Alley-oop,,,94,55,1,A,3,True,0,
25607,389,3,07:03,177,53,33,1771,APU Old Wild West Udine,1,9358,11,Zan,Sisko,Assist,,,,,94,55,1,A,3,False,0,388
25607,390,3,07:03,177,53,33,1768,Longobardi Scafati Basket,0,3200,4,Alessandro,Lever,Fallo commesso,103,tiro,,,94,55,0,D,3,False,0,
25607,391,3,07:03,177,53,33,1771,APU Old Wild West Udine,1,9021,26,Nick,McGlynn,Fallo Subito,,,,,94,55,0,D,3,False,0,390
25607,392,3,07:03,177,54,33,1771,APU Old Wild West Udine,1,9021,26,Nick,McGlynn,Tiro libero segnato,,,,,,,,A,7,False,0,
25607,393,3,06:47,193,54,33,1768,Longobardi Scafati Basket,0,9348,21,Ze'Rik,Onyema,2 punti sbagliato,7,Appoggio a canestro,,,10,51,0,A,6,False,0,
25607,394,3,06:47,193,54,33,1771,APU Old Wild West Udine,1,9358,11,Zan,Sisko,Rimbalzo difensivo,,,,,10,51,0,A,6,False,0,393
25607,395,3,06:39,201,54,33,1771,APU Old Wild West Udine,1,9302,24,Raequan,Battle,3 punti sbagliato,1,Tiro in sospensione,,,95,97,1,A,1,False,0,
25607,396,3,06:39,201,54,33,1768,Longobardi Scafati Basket,0,3200,4,Alessandro,Lever,Rimbalzo difensivo,,,,,95,97,1,A,1,False,0,395
25607,397,3,06:32,208,54,35,1768,Longobardi Scafati Basket,0,2293,12,Garrett,Nevels,2 punti segnato,6,Arresto e tiro,,,14,29,0,A,2,False,0,
25607,398,3,06:32,208,54,35,1771,APU Old Wild West Udine,1,9358,11,Zan,Sisko,Fallo commesso,103,tiro,,,14,29,1,D,2,False,0,
25607,399,3,06:32,208,54,35,1768,Longobardi Scafati Basket,0,2293,12,Garrett,Nevels,Fallo Subito,,,,,14,29,1,D,2,False,0,398
25607,400,3,06:32,208,54,36,1768,Longobardi Scafati Basket,0,2293,12,Garrett,Nevels,Tiro libero segnato,,,,,,,,A,7,False,0,
25607,401,3,06:23,217,57,36,1771,APU Old Wild West Udine,1,9021,26,Nick,McGlynn,3 punti segnato,1,Tiro in sospensione,,,68,53,1,A,9,False,0,
25607,402,3,06:23,217,57,36,1771,APU Old Wild West Udine,1,9358,11,Zan,Sisko,Assist,,,,,68,53,1,A,9,False,0,401
25607,403,3,06:03,237,57,36,1768,Longobardi Scafati Basket,0,7030,8,Charlie Edward,Moore,2 punti sbagliato,8,Da penetrazione,,,9,39,0,A,3,False,0,
25607,404,3,06:03,237,57,36,1771,APU Old Wild West Udine,1,9302,24,Raequan,Battle,Rimbalzo difensivo,,,,,9,39,0,A,3,False,0,403
25607,405,3,05:55,245,57,36,1768,Longobardi Scafati Basket,0,3200,4,Alessandro,Lever,Fallo commesso,100,personale,,,88,13,0,D,4,False,0,
25607,406,3,05:55,245,57,36,1771,APU Old Wild West Udine,1,425,22,Eimantas,Bendzius,Fallo Subito,,,,,88,13,0,D,4,False,0,405
25607,407,3,05:55,245,57,36,1768,Longobardi Scafati Basket,0,,,,,Time Out,,,,,,,0,,,False,0,
25607,408,3,05:55,245,57,36,1771,APU Old Wild West Udine,1,9302,24,Raequan,Battle,Uscita,,,,,,,,,,False,0,
25607,409,3,05:55,245,57,36,1771,APU Old Wild West Udine,1,9030,31,Andrea,Calzavara,Ingresso,,,,,,,,,,False,0,408
25607,410,3,05:55,245,57,36,1768,Longobardi Scafati Basket,0,3200,4,Alessandro,Lever,Uscita,,,,,,,,,,False,0,408
25607,411,3,05:55,245,57,36,1768,Longobardi Scafati Basket,0,7319,17,Rodney,McGruder,Ingresso,,,,,,,,,,False,0,408
25607,412,3,05:55,245,58,36,1771,APU Old Wild West Udine,1,425,22,Eimantas,Bendzius,Tiro libero segnato,,,,,,,,A,7,False,0,
25607,413,3,05:55,245,59,36,1771,APU Old Wild West Udine,1,425,22,Eimantas,Bendzius,Tiro libero segnato,,,,,,,,A,7,False,0,412
25607,414,3,05:37,263,59,36,1771,APU Old Wild West Udine,1,425,22,Eimantas,Bendzius,Fallo commesso,100,personale,,,20,33,1,D,2,False,0,
25607,415,3,05:37,263,59,36,1768,Longobardi Scafati Basket,0,9347,13,Mezie,Offurum,Fallo Subito,,,,,20,33,1,D,2,False,0,414
25607,416,3,05:29,271,59,36,1768,Longobardi Scafati Basket,0,9347,13,Mezie,Offurum,2 punti sbagliato,7,Appoggio a canestro,,,10,47,0,A,6,False,0,
25607,417,3,05:29,271,59,36,1771,APU Old Wild West Udine,1,425,22,Eimantas,Bendzius,Rimbalzo difensivo,,,,,10,47,0,A,6,False,0,416
25607,418,3,05:20,280,59,36,1771,APU Old Wild West Udine,1,9021,26,Nick,McGlynn,2 punti sbagliato,7,Appoggio a canestro,,,92,45,1,A,3,False,0,
25607,419,3,05:20,280,59,36,1771,APU Old Wild West Udine,1,9021,26,Nick,McGlynn,Rimbalzo offensivo,,,,,92,45,1,A,3,False,0,418
25607,420,3,05:08,292,59,36,1771,APU Old Wild West Udine,1,7391,45,Denzel,Valentine,3 punti sbagliato,1,Tiro in sospensione,,,68,35,1,A,9,False,0,
25607,421,3,05:08,292,59,36,1768,Longobardi Scafati Basket,0,,,,,Rimbalzi difensivi di squadra,,,,,68,35,1,A,9,False,0,420
25607,422,3,05:05,295,59,36,1768,Longobardi Scafati Basket,0,7030,8,Charlie Edward,Moore,Uscita,,,,,,,,,,False,0,
25607,423,3,05:05,295,59,36,1768,Longobardi Scafati Basket,0,3526,33,Bruno,Mascolo,Ingresso,,,,,,,,,,False,0,422
25607,424,3,04:49,311,59,36,1768,Longobardi Scafati Basket,0,3526,33,Bruno,Mascolo,2 punti sbagliato,2,Tiro in corsa,,,10,67,0,A,4,False,0,
25607,425,3,04:49,311,59,36,1771,APU Old Wild West Udine,1,7391,45,Denzel,Valentine,Rimbalzo difensivo,,,,,10,67,0,A,4,False,0,424
25607,426,3,04:32,328,59,36,1768,Longobardi Scafati Basket,0,9348,21,Ze'Rik,Onyema,Fallo commesso,103,tiro,,,93,58,0,D,3,False,0,
25607,427,3,04:32,328,59,36,1771,APU Old Wild West Udine,1,425,22,Eimantas,Bendzius,Fallo Subito,,,,,93,58,0,D,3,False,0,426
25607,428,3,04:32,328,60,36,1771,APU Old Wild West Udine,1,425,22,Eimantas,Bendzius,Tiro libero segnato,,,,,,,,A,7,False,0,
25607,429,3,04:32,328,61,36,1771,APU Old Wild West Udine,1,425,22,Eimantas,Bendzius,Tiro libero segnato,,,,,,,,A,7,False,0,428
25607,432,3,04:32,328,61,36,1771,APU Old Wild West Udine,1,9358,11,Zan,Sisko,Assist,,,,,,,,,,False,0,428
25607,433,3,04:20,340,61,38,1768,Longobardi Scafati Basket,0,2293,12,Garrett,Nevels,2 punti segnato,6,Arresto e tiro,,,17,63,0,A,4,True,0,
25607,434,3,04:10,350,61,38,1768,Longobardi Scafati Basket,0,9347,13,Mezie,Offurum,Fallo commesso,100,personale,,,70,71,0,D,9,False,0,
25607,435,3,04:10,350,61,38,1771,APU Old Wild West Udine,1,425,22,Eimantas,Bendzius,Fallo Subito,,,,,70,71,0,D,9,False,0,434
25607,436,3,04:10,350,61,38,1771,APU Old Wild West Udine,1,6653,6,Skylar,Spencer,Ingresso,,,,,,,,,,False,0,
25607,437,3,04:10,350,61,38,1771,APU Old Wild West Udine,1,9021,26,Nick,McGlynn,Uscita,,,,,,,,,,False,0,436
25607,438,3,04:10,350,61,38,1768,Longobardi Scafati Basket,0,3200,4,Alessandro,Lever,Ingresso,,,,,,,,,,False,0,436
25607,439,3,04:10,350,61,38,1768,Longobardi Scafati Basket,0,9347,13,Mezie,Offurum,Uscita,,,,,,,,,,False,0,436
25607,440,3,04:10,350,62,38,1771,APU Old Wild West Udine,1,425,22,Eimantas,Bendzius,Tiro libero segnato,,,,,,,,A,7,False,0,
25607,441,3,04:10,350,63,38,1771,APU Old Wild West Udine,1,425,22,Eimantas,Bendzius,Tiro libero segnato,,,,,,,,A,7,False,0,440
25607,442,3,03:54,366,63,38,1768,Longobardi Scafati Basket,0,3526,33,Bruno,Mascolo,2 punti sbagliato,7,Appoggio a canestro,,,4,46,0,A,3,False,0,
25607,443,3,03:54,366,63,38,1771,APU Old Wild West Udine,1,6653,6,Skylar,Spencer,Rimbalzo difensivo,,,,,4,46,1,D,3,False,0,442
25607,444,3,03:33,387,63,38,1771,APU Old Wild West Udine,1,7391,45,Denzel,Valentine,2 punti sbagliato,8,Da penetrazione,1005,stoppata,94,42,1,A,3,False,0,
25607,445,3,03:33,387,63,38,1768,Longobardi Scafati Basket,0,9348,21,Ze'Rik,Onyema,Stoppata,,,,,94,42,1,A,3,False,0,444
25607,446,3,03:33,387,63,38,1771,APU Old Wild West Udine,1,7391,45,Denzel,Valentine,Stoppata subita,,,,,94,42,1,A,3,False,0,444
25607,447,3,03:33,387,63,38,1768,Longobardi Scafati Basket,0,,,,,Rimbalzi difensivi di squadra,,,,,94,42,1,A,3,False,0,444
25607,448,3,03:31,389,63,38,1771,APU Old Wild West Udine,1,9358,11,Zan,Sisko,Uscita,,,,,,,,,,False,0,
25607,449,3,03:31,389,63,38,1771,APU Old Wild West Udine,1,821,21,Lorenzo,Bucarelli,Ingresso,,,,,,,,,,False,0,448
25607,450,3,03:31,389,63,38,1771,APU Old Wild West Udine,1,9302,24,Raequan,Battle,Ingresso,,,,,,,,,,False,0,448
25607,451,3,03:31,389,63,38,1771,APU Old Wild West Udine,1,7391,45,Denzel,Valentine,Uscita,,,,,,,,,,False,0,448
25607,452,3,03:11,409,63,38,1768,Longobardi Scafati Basket,0,2293,12,Garrett,Nevels,3 punti sbagliato,1,Tiro in sospensione,,,23,12,0,A,8,False,0,
25607,453,3,03:11,409,63,38,1768,Longobardi Scafati Basket,0,9348,21,Ze'Rik,Onyema,Rimbalzo offensivo,,,,,23,12,0,A,8,False,0,452
25607,454,3,03:04,416,63,38,1771,APU Old Wild West Udine,1,9030,31,Andrea,Calzavara,Fallo commesso,103,tiro,,,10,53,1,D,6,False,0,
25607,455,3,03:04,416,63,38,1768,Longobardi Scafati Basket,0,7319,17,Rodney,McGruder,Fallo Subito,,,,,10,53,1,D,6,False,0,454
25607,456,3,03:04,416,63,38,1768,Longobardi Scafati Basket,0,7319,17,Rodney,McGruder,Tiro libero sbagliato,,,,,,,,A,7,False,0,
25607,457,3,03:04,416,63,38,1768,Longobardi Scafati Basket,0,7319,17,Rodney,McGruder,Tiro libero sbagliato,,,,,,,,A,7,False,0,456
25607,458,3,03:04,416,63,38,1771,APU Old Wild West Udine,1,,,,,Rimbalzi difensivi di squadra,,,,,,,,,,False,0,456
25607,459,3,02:50,430,63,38,1771,APU Old Wild West Udine,1,821,21,Lorenzo,Bucarelli,3 punti sbagliato,1,Tiro in sospensione,,,69,39,1,A,9,False,0,
25607,460,3,02:50,430,63,38,1771,APU Old Wild West Udine,1,9302,24,Raequan,Battle,Rimbalzo offensivo,,,,,69,39,1,A,9,False,0,459
25607,461,3,02:45,435,63,38,1771,APU Old Wild West Udine,1,821,21,Lorenzo,Bucarelli,2 punti sbagliato,6,Arresto e tiro,,,91,27,1,A,4,False,0,
25607,462,3,02:45,435,63,38,1771,APU Old Wild West Udine,1,6653,6,Skylar,Spencer,Rimbalzo offensivo,,,,,91,27,1,A,4,False,0,461
25607,463,3,02:40,440,66,38,1771,APU Old Wild West Udine,1,425,22,Eimantas,Bendzius,3 punti segnato,1,Tiro in sospensione,,,95,97,1,A,1,False,0,
25607,464,3,02:40,440,66,38,1771,APU Old Wild West Udine,1,9030,31,Andrea,Calzavara,Assist,,,,,95,97,1,A,1,False,0,463
25607,465,3,02:14,466,66,38,1771,APU Old Wild West Udine,1,9030,31,Andrea,Calzavara,Fallo commesso,100,personale,,,32,31,1,D,9,False,0,
25607,466,3,02:14,466,66,38,1768,Longobardi Scafati Basket,0,3526,33,Bruno,Mascolo,Fallo Subito,,,,,32,31,1,D,9,False,0,465
25607,467,3,02:14,466,66,39,1768,Longobardi Scafati Basket,0,3526,33,Bruno,Mascolo,Tiro libero segnato,,,,,,,,A,7,False,0,
25607,468,3,02:14,466,66,40,1768,Longobardi Scafati Basket,0,3526,33,Bruno,Mascolo,Tiro libero segnato,,,,,,,,A,7,False,0,467
25607,469,3,02:14,466,66,40,1771,APU Old Wild West Udine,1,9358,11,Zan,Sisko,Ingresso,,,,,,,,,,False,0,
25607,470,3,02:14,466,66,40,1771,APU Old Wild West Udine,1,9030,31,Andrea,Calzavara,Uscita,,,,,,,,,,False,0,469
25607,471,3,02:14,466,66,40,1768,Longobardi Scafati Basket,0,1142,11,Marco,Ceron,Ingresso,,,,,,,,,,False,0,469
25607,472,3,02:14,466,66,40,1768,Longobardi Scafati Basket,0,2293,12,Garrett,Nevels,Uscita,,,,,,,,,,False,0,469
25607,473,3,01:56,484,68,40,1771,APU Old Wild West Udine,1,9302,24,Raequan,Battle,2 punti segnato,8,Da penetrazione,,,94,43,1,A,3,True,0,
25607,474,3,01:39,501,68,40,1768,Longobardi Scafati Basket,0,9348,21,Ze'Rik,Onyema,Palla persa,53,Passi,,,9,51,0,A,3,False,0,
25607,475,3,01:26,514,70,40,1771,APU Old Wild West Udine,1,9302,24,Raequan,Battle,2 punti segnato,1,Tiro in sospensione,,,89,73,1,A,2,False,0,
25607,476,3,01:01,539,70,42,1768,Longobardi Scafati Basket,0,9348,21,Ze'Rik,Onyema,2 punti segnato,9,Schiacciata,,,5,51,0,A,3,True,1,
25607,477,3,01:01,539,70,42,1768,Longobardi Scafati Basket,0,1142,11,Marco,Ceron,Assist,,,,,5,51,0,A,3,False,0,476
25607,478,3,00:57,543,70,42,1768,Longobardi Scafati Basket,0,2770,7,Antonio,Iannuzzi,Ingresso,,,,,,,,,,False,0,
25607,479,3,00:57,543,70,42,1768,Longobardi Scafati Basket,0,9348,21,Ze'Rik,Onyema,Uscita,,,,,,,,,,False,0,478
25607,480,3,00:40,560,70,42,1771,APU Old Wild West Udine,1,425,22,Eimantas,Bendzius,2 punti sbagliato,8,Da penetrazione,,,90,49,1,A,6,False,0,
25607,481,3,00:40,560,70,42,1768,Longobardi Scafati Basket,0,1142,11,Marco,Ceron,Rimbalzo difensivo,,,,,90,49,1,A,6,False,0,480
25607,482,3,00:18,582,70,42,1768,Longobardi Scafati Basket,0,7319,17,Rodney,McGruder,3 punti sbagliato,1,Tiro in sospensione,,,5,3,0,A,1,False,0,
25607,483,3,00:18,582,70,42,1768,Longobardi Scafati Basket,0,3200,4,Alessandro,Lever,Rimbalzo offensivo,,,,,5,3,0,A,1,False,0,482
25607,484,3,00:14,586,70,42,1768,Longobardi Scafati Basket,0,3200,4,Alessandro,Lever,2 punti sbagliato,7,Appoggio a canestro,,,9,43,0,A,3,False,0,
25607,494,3,00:14,586,70,42,1768,Longobardi Scafati Basket,0,,,,,Rimbalzi offensivi di squadra,,,,,9,43,0,A,3,False,0,484
25607,485,3,00:14,586,70,42,1771,APU Old Wild West Udine,1,6653,6,Skylar,Spencer,Stoppata,,,,,9,43,1,D,3,False,0,484
25607,493,3,00:14,586,70,42,1768,Longobardi Scafati Basket,0,3200,4,Alessandro,Lever,Stoppata subita,,,,,9,43,0,A,3,False,0,484
25607,486,3,00:11,589,70,42,1768,Longobardi Scafati Basket,0,7319,17,Rodney,McGruder,2 punti sbagliato,1,Tiro in sospensione,,,6,9,0,A,2,False,0,
25607,487,3,00:11,589,70,42,1771,APU Old Wild West Udine,1,6653,6,Skylar,Spencer,Rimbalzo difensivo,,,,,6,9,0,A,2,False,0,486
25607,488,3,00:05,595,70,42,1771,APU Old Wild West Udine,1,821,21,Lorenzo,Bucarelli,3 punti sbagliato,1,Tiro in sospensione,,,82,5,1,A,10,False,0,
25607,489,3,00:05,595,70,42,1768,Longobardi Scafati Basket,0,3526,33,Bruno,Mascolo,Rimbalzo difensivo,,,,,82,5,1,A,10,False,0,488
25607,490,3,00:00,600,70,42,,,,,,,,Fine Tempo,,,,,,,,,,False,0,
25607,495,4,10:00,0,70,42,1771,APU Old Wild West Udine,1,6189,3,Joseph,Mobio,Ingresso,,,,,,,,,,False,0,
25607,496,4,10:00,0,70,42,1771,APU Old Wild West Udine,1,9302,24,Raequan,Battle,Uscita,,,,,,,,,,False,0,495
25607,497,4,10:00,0,70,42,1768,Longobardi Scafati Basket,0,2293,12,Garrett,Nevels,Ingresso,,,,,,,,,,False,0,495
25607,498,4,10:00,0,70,42,1768,Longobardi Scafati Basket,0,7319,17,Rodney,McGruder,Uscita,,,,,,,,,,False,0,495
25607,499,4,10:00,0,70,42,,,,,,,,Inizio Tempo,,,,,,,,,,False,0,
25607,520,4,09:59,1,70,42,1771,APU Old Wild West Udine,1,425,22,Eimantas,Bendzius,Uscita,,,,,,,,,,False,0,
25607,521,4,09:59,1,70,42,1771,APU Old Wild West Udine,1,9302,24,Raequan,Battle,Ingresso,,,,,,,,,,False,0,520
25607,500,4,09:37,23,70,42,1768,Longobardi Scafati Basket,0,3526,33,Bruno,Mascolo,3 punti sbagliato,1,Tiro in sospensione,,,26,19,0,A,8,False,0,
25607,501,4,09:37,23,70,42,1768,Longobardi Scafati Basket,0,1142,11,Marco,Ceron,Rimbalzo offensivo,,,,,26,19,0,A,8,False,0,500
25607,502,4,09:31,29,70,42,1768,Longobardi Scafati Basket,0,3526,33,Bruno,Mascolo,2 punti sbagliato,1,Tiro in sospensione,1005,stoppata,7,22,0,A,2,False,0,
25607,503,4,09:31,29,70,42,1771,APU Old Wild West Udine,1,6189,3,Joseph,Mobio,Stoppata,,,,,7,22,0,A,2,False,0,502
25607,504,4,09:31,29,70,42,1768,Longobardi Scafati Basket,0,3526,33,Bruno,Mascolo,Stoppata subita,,,,,7,22,0,A,2,False,0,502
25607,505,4,09:31,29,70,42,1768,Longobardi Scafati Basket,0,,,,,Rimbalzi offensivi di squadra,,,,,7,22,0,A,2,False,0,502
25607,506,4,09:22,38,70,42,1768,Longobardi Scafati Basket,0,3526,33,Bruno,Mascolo,3 punti sbagliato,1,Tiro in sospensione,,,26,17,0,A,8,False,0,
25607,507,4,09:22,38,70,42,1771,APU Old Wild West Udine,1,,,,,Rimbalzi difensivi di squadra,,,,,26,17,0,A,8,False,0,506
25607,508,4,09:08,52,70,42,1771,APU Old Wild West Udine,1,821,21,Lorenzo,Bucarelli,3 punti sbagliato,1,Tiro in sospensione,,,83,96,1,A,8,False,0,
25607,509,4,09:08,52,70,42,1771,APU Old Wild West Udine,1,9358,11,Zan,Sisko,Rimbalzo offensivo,,,,,83,96,1,A,8,False,0,508
25607,510,4,08:56,64,73,42,1771,APU Old Wild West Udine,1,9302,24,Raequan,Battle,3 punti segnato,1,Tiro in sospensione,,,71,24,1,A,10,False,0,
25607,511,4,08:56,64,73,42,1771,APU Old Wild West Udine,1,9358,11,Zan,Sisko,Assist,,,,,71,24,1,A,10,False,0,510
25607,512,4,08:42,78,73,42,1768,Longobardi Scafati Basket,0,3526,33,Bruno,Mascolo,Palla persa,50,Passaggio sbagliato,,,43,58,0,A,9,False,0,
25607,513,4,08:42,78,73,42,1771,APU Old Wild West Udine,1,9302,24,Raequan,Battle,Palla recuperata,,,,,43,58,1,D,9,False,0,512
25607,514,4,08:40,80,73,42,1771,APU Old Wild West Udine,1,9302,24,Raequan,Battle,2 punti sbagliato,2,Tiro in corsa,,,94,56,1,A,3,False,0,
25607,515,4,08:40,80,73,42,1771,APU Old Wild West Udine,1,6653,6,Skylar,Spencer,Rimbalzo offensivo,,,,,94,56,1,A,3,False,0,514
25607,516,4,08:40,80,75,42,1771,APU Old Wild West Udine,1,6653,6,Skylar,Spencer,2 punti segnato,7,Appoggio a canestro,500,contropiede,94,56,1,A,3,True,0,
25607,517,4,08:39,81,75,42,1768,Longobardi Scafati Basket,0,,,,,Time Out,,,,,,,0,,,False,0,
25607,522,4,08:39,81,75,42,1771,APU Old Wild West Udine,1,6653,6,Skylar,Spencer,Uscita,,,,,,,,,,False,0,
25607,523,4,08:39,81,75,42,1771,APU Old Wild West Udine,1,821,21,Lorenzo,Bucarelli,Uscita,,,,,,,,,,False,0,522
25607,524,4,08:39,81,75,42,1771,APU Old Wild West Udine,1,9021,26,Nick,McGlynn,Ingresso,,,,,,,,,,False,0,522
25607,525,4,08:39,81,75,42,1771,APU Old Wild West Udine,1,6562,34,Matteo,Cavallero,Ingresso,,,,,,,,,,False,0,522
25607,526,4,08:39,81,75,42,1768,Longobardi Scafati Basket,0,3200,4,Alessandro,Lever,Uscita,,,,,,,,,,False,0,522
25607,527,4,08:39,81,75,42,1768,Longobardi Scafati Basket,0,7030,8,Charlie Edward,Moore,Ingresso,,,,,,,,,,False,0,522
25607,528,4,08:39,81,75,42,1768,Longobardi Scafati Basket,0,9347,13,Mezie,Offurum,Ingresso,,,,,,,,,,False,0,522
25607,529,4,08:39,81,75,42,1768,Longobardi Scafati Basket,0,3526,33,Bruno,Mascolo,Uscita,,,,,,,,,,False,0,522
25607,530,4,08:27,93,75,45,1768,Longobardi Scafati Basket,0,9347,13,Mezie,Offurum,3 punti segnato,1,Tiro in sospensione,,,25,15,0,A,8,False,0,
25607,531,4,08:27,93,75,45,1768,Longobardi Scafati Basket,0,7030,8,Charlie Edward,Moore,Assist,,,,,25,15,0,A,8,False,0,530
25607,532,4,08:16,104,75,45,1768,Longobardi Scafati Basket,0,7030,8,Charlie Edward,Moore,Fallo commesso,100,personale,,,67,45,0,D,9,False,0,
25607,533,4,08:16,104,75,45,1771,APU Old Wild West Udine,1,9358,11,Zan,Sisko,Fallo Subito,,,,,67,45,0,D,9,False,0,532
25607,534,4,08:09,111,75,45,1771,APU Old Wild West Udine,1,9302,24,Raequan,Battle,Palla persa,54,Fuori dal campo,,,87,97,1,A,8,False,0,
25607,535,4,07:59,121,75,45,1768,Longobardi Scafati Basket,0,9347,13,Mezie,Offurum,Palla persa,51,Palleggio,,,19,75,0,A,4,False,0,
25607,536,4,07:59,121,75,45,1771,APU Old Wild West Udine,1,6189,3,Joseph,Mobio,Palla recuperata,,,,,19,75,0,A,4,False,0,535
25607,537,4,07:55,125,77,45,1771,APU Old Wild West Udine,1,9358,11,Zan,Sisko,2 punti segnato,2,Tiro in corsa,500,contropiede,91,47,1,A,3,True,0,
25607,538,4,07:55,125,77,45,1771,APU Old Wild West Udine,1,6562,34,Matteo,Cavallero,Assist,,,500,contropiede,91,47,1,A,3,False,0,537
25607,539,4,07:32,148,77,45,1768,Longobardi Scafati Basket,0,7030,8,Charlie Edward,Moore,Palla persa,51,Palleggio,,,21,52,0,A,7,False,0,
25607,540,4,07:32,148,77,45,1771,APU Old Wild West Udine,1,6189,3,Joseph,Mobio,Palla recuperata,,,,,21,52,0,A,7,False,0,539
25607,541,4,07:19,161,77,45,1771,APU Old Wild West Udine,1,6562,34,Matteo,Cavallero,Palla persa,51,Palleggio,,,91,62,1,A,2,False,0,
25607,542,4,07:19,161,77,45,1771,APU Old Wild West Udine,1,9358,11,Zan,Sisko,Uscita,,,,,,,,,,False,0,
25607,543,4,07:19,161,77,45,1771,APU Old Wild West Udine,1,9030,31,Andrea,Calzavara,Ingresso,,,,,,,,,,False,0,542
25607,544,4,07:12,168,77,45,1768,Longobardi Scafati Basket,0,7030,8,Charlie Edward,Moore,Palla persa,50,Passaggio sbagliato,,,35,54,0,A,9,False,0,
25607,545,4,07:12,168,77,45,1771,APU Old Wild West Udine,1,9302,24,Raequan,Battle,Palla recuperata,,,,,35,54,0,A,9,False,0,544
25607,546,4,06:58,182,77,45,1771,APU Old Wild West Udine,1,6562,34,Matteo,Cavallero,3 punti sbagliato,1,Tiro in sospensione,,,71,42,1,A,9,False,0,
25607,547,4,06:58,182,77,45,1768,Longobardi Scafati Basket,0,1142,11,Marco,Ceron,Rimbalzo difensivo,,,,,71,42,1,A,7,False,0,546
25607,548,4,06:42,198,77,47,1768,Longobardi Scafati Basket,0,2770,7,Antonio,Iannuzzi,2 punti segnato,7,Appoggio a canestro,,,6,55,0,A,3,True,0,
25607,549,4,06:42,198,77,47,1768,Longobardi Scafati Basket,0,7030,8,Charlie Edward,Moore,Assist,,,,,6,55,0,A,3,False,0,548
25607,550,4,06:26,214,77,47,1768,Longobardi Scafati Basket,0,2770,7,Antonio,Iannuzzi,Fallo commesso,100,personale,,,59,23,0,D,10,False,0,
25607,551,4,06:26,214,77,47,1771,APU Old Wild West Udine,1,9030,31,Andrea,Calzavara,Fallo Subito,,,,,59,23,0,D,10,False,0,550
25607,552,4,06:26,214,77,47,1771,APU Old Wild West Udine,1,9302,24,Raequan,Battle,Uscita,,,,,,,,,,False,0,
25607,553,4,06:26,214,77,47,1771,APU Old Wild West Udine,1,7391,45,Denzel,Valentine,Ingresso,,,,,,,,,,False,0,552
25607,554,4,06:23,217,77,47,1771,APU Old Wild West Udine,1,9021,26,Nick,McGlynn,Fallo commesso,106,offensivo,,,68,58,1,A,9,False,0,
25607,555,4,06:23,217,77,47,1771,APU Old Wild West Udine,1,9021,26,Nick,McGlynn,Palla persa,,,,,68,58,1,A,9,False,0,554
25607,556,4,06:23,217,77,47,1768,Longobardi Scafati Basket,0,7030,8,Charlie Edward,Moore,Fallo Subito,,,,,68,58,1,A,9,False,0,554
25607,557,4,06:15,225,77,47,1768,Longobardi Scafati Basket,0,7030,8,Charlie Edward,Moore,Palla persa,51,Palleggio,,,12,55,0,A,6,False,0,
25607,558,4,06:15,225,77,47,1771,APU Old Wild West Udine,1,9030,31,Andrea,Calzavara,Palla recuperata,,,,,12,55,1,D,6,False,0,557
25607,559,4,06:09,231,79,47,1771,APU Old Wild West Udine,1,6189,3,Joseph,Mobio,2 punti segnato,9,Schiacciata,500,contropiede,95,51,1,A,3,True,1,
25607,560,4,06:09,231,79,47,1771,APU Old Wild West Udine,1,7391,45,Denzel,Valentine,Assist,,,500,contropiede,95,51,1,A,3,False,0,559
25607,561,4,05:44,256,79,49,1768,Longobardi Scafati Basket,0,2293,12,Garrett,Nevels,2 punti segnato,6,Arresto e tiro,,,4,22,0,A,2,False,0,
25607,562,4,05:23,277,79,49,1771,APU Old Wild West Udine,1,6189,3,Joseph,Mobio,3 punti sbagliato,1,Tiro in sospensione,,,81,93,1,A,8,False,0,
25607,563,4,05:23,277,79,49,1768,Longobardi Scafati Basket,0,1142,11,Marco,Ceron,Rimbalzo difensivo,,,,,81,93,1,A,8,False,0,562
25607,564,4,05:14,286,79,49,1768,Longobardi Scafati Basket,0,1142,11,Marco,Ceron,3 punti sbagliato,1,Tiro in sospensione,,,24,89,0,A,10,False,0,
25607,565,4,05:14,286,79,49,1771,APU Old Wild West Udine,1,6562,34,Matteo,Cavallero,Rimbalzo difensivo,,,,,24,89,0,A,10,False,0,564
25607,566,4,05:00,300,79,49,1771,APU Old Wild West Udine,1,9030,31,Andrea,Calzavara,Palla persa,51,Palleggio,,,76,69,1,A,7,False,0,
25607,567,4,05:00,300,79,49,1768,Longobardi Scafati Basket,0,7030,8,Charlie Edward,Moore,Palla recuperata,,,,,76,69,1,A,7,False,0,566
25607,568,4,04:56,304,79,51,1768,Longobardi Scafati Basket,0,7030,8,Charlie Edward,Moore,2 punti segnato,2,Tiro in corsa,500,contropiede,6,54,0,A,3,True,0,
25607,569,4,04:36,324,79,51,1768,Longobardi Scafati Basket,0,3200,4,Alessandro,Lever,Ingresso,,,,,,,,,,False,0,
25607,570,4,04:36,324,79,51,1768,Longobardi Scafati Basket,0,2770,7,Antonio,Iannuzzi,Uscita,,,,,,,,,,False,0,569
25607,571,4,04:36,324,79,51,1768,Longobardi Scafati Basket,0,7030,8,Charlie Edward,Moore,Uscita,,,,,,,,,,False,0,569
25607,572,4,04:36,324,79,51,1768,Longobardi Scafati Basket,0,3526,33,Bruno,Mascolo,Ingresso,,,,,,,,,,False,0,569
25607,573,4,04:31,329,79,51,1771,APU Old Wild West Udine,1,9030,31,Andrea,Calzavara,3 punti sbagliato,1,Tiro in sospensione,,,67,55,1,A,9,False,0,
25607,574,4,04:31,329,79,51,1768,Longobardi Scafati Basket,0,,,,,Rimbalzi difensivi di squadra,,,,,67,55,1,A,9,False,0,573
25607,575,4,04:28,332,79,51,1768,Longobardi Scafati Basket,0,1142,11,Marco,Ceron,Uscita,,,,,,,,,,False,0,
25607,576,4,04:28,332,79,51,1768,Longobardi Scafati Basket,0,7319,17,Rodney,McGruder,Ingresso,,,,,,,,,,False,0,575
25607,577,4,04:05,355,79,51,1768,Longobardi Scafati Basket,0,2293,12,Garrett,Nevels,2 punti sbagliato,8,Da penetrazione,,,8,55,0,A,3,False,0,
25607,578,4,04:05,355,79,51,1771,APU Old Wild West Udine,1,6562,34,Matteo,Cavallero,Rimbalzo difensivo,,,,,8,55,0,A,3,False,0,577
25607,579,4,03:58,362,79,51,1771,APU Old Wild West Udine,1,6189,3,Joseph,Mobio,3 punti sbagliato,1,Tiro in sospensione,,,77,13,1,A,10,False,0,
25607,580,4,03:58,362,79,51,1768,Longobardi Scafati Basket,0,3200,4,Alessandro,Lever,Rimbalzo difensivo,,,,,77,13,1,A,10,False,0,579
25607,581,4,03:46,374,79,51,1768,Longobardi Scafati Basket,0,2293,12,Garrett,Nevels,Palla persa,50,Passaggio sbagliato,,,28,17,0,A,8,False,0,
25607,582,4,03:46,374,79,51,1771,APU Old Wild West Udine,1,7391,45,Denzel,Valentine,Palla recuperata,,,,,28,17,0,A,8,False,0,581
25607,583,4,03:25,395,79,51,1771,APU Old Wild West Udine,1,9030,31,Andrea,Calzavara,2 punti sbagliato,8,Da penetrazione,,,94,41,1,A,3,False,0,
25607,584,4,03:25,395,79,51,1771,APU Old Wild West Udine,1,,,,,Rimbalzi offensivi di squadra,,,,,94,41,1,A,3,False,0,583
25607,585,4,03:23,397,79,51,1771,APU Old Wild West Udine,1,6189,3,Joseph,Mobio,Uscita,,,,,,,,,,False,0,
25607,586,4,03:23,397,79,51,1771,APU Old Wild West Udine,1,821,21,Lorenzo,Bucarelli,Ingresso,,,,,,,,,,False,0,585
25607,587,4,03:17,403,79,51,1771,APU Old Wild West Udine,1,7391,45,Denzel,Valentine,3 punti sbagliato,1,Tiro in sospensione,,,65,54,1,A,9,False,0,
25607,588,4,03:17,403,79,51,1768,Longobardi Scafati Basket,0,9347,13,Mezie,Offurum,Rimbalzo difensivo,,,,,65,54,1,A,9,False,0,587
25607,589,4,03:12,408,79,54,1768,Longobardi Scafati Basket,0,3200,4,Alessandro,Lever,3 punti segnato,1,Tiro in sospensione,,,33,52,0,A,9,False,0,
25607,590,4,03:12,408,79,54,1768,Longobardi Scafati Basket,0,3526,33,Bruno,Mascolo,Assist,,,,,33,52,0,A,9,False,0,589
25607,591,4,02:57,423,81,54,1771,APU Old Wild West Udine,1,9021,26,Nick,McGlynn,2 punti segnato,9,Schiacciata,,,95,51,1,A,3,True,1,
25607,592,4,02:57,423,81,54,1771,APU Old Wild West Udine,1,821,21,Lorenzo,Bucarelli,Assist,,,,,95,51,1,A,3,False,0,591
25607,593,4,02:35,445,81,56,1768,Longobardi Scafati Basket,0,2293,12,Garrett,Nevels,2 punti segnato,1,Tiro in sospensione,,,13,47,0,A,6,True,0,
25607,594,4,02:35,445,81,56,1768,Longobardi Scafati Basket,0,3200,4,Alessandro,Lever,Assist,,,,,13,47,0,A,6,False,0,593
25607,595,4,02:21,459,81,56,1771,APU Old Wild West Udine,1,7391,45,Denzel,Valentine,Palla persa,50,Passaggio sbagliato,,,65,17,1,A,10,False,0,
25607,596,4,02:21,459,81,56,1768,Longobardi Scafati Basket,0,2293,12,Garrett,Nevels,Palla recuperata,,,,,65,17,1,A,10,False,0,595
25607,597,4,02:15,465,81,58,1768,Longobardi Scafati Basket,0,9347,13,Mezie,Offurum,2 punti segnato,9,Schiacciata,500,contropiede,5,50,0,A,3,True,1,
25607,598,4,02:15,465,81,58,1768,Longobardi Scafati Basket,0,3526,33,Bruno,Mascolo,Assist,,,500,contropiede,5,50,0,A,3,False,0,597
25607,599,4,02:15,465,81,58,1771,APU Old Wild West Udine,1,,,,,Time Out,,,,,,,1,,,False,0,
25607,600,4,02:15,465,81,58,1771,APU Old Wild West Udine,1,6653,6,Skylar,Spencer,Ingresso,,,,,,,,,,False,0,
25607,601,4,02:15,465,81,58,1771,APU Old Wild West Udine,1,9358,11,Zan,Sisko,Ingresso,,,,,,,,,,False,0,600
25607,602,4,02:15,465,81,58,1771,APU Old Wild West Udine,1,9021,26,Nick,McGlynn,Uscita,,,,,,,,,,False,0,600
25607,603,4,02:15,465,81,58,1771,APU Old Wild West Udine,1,9030,31,Andrea,Calzavara,Uscita,,,,,,,,,,False,0,600
25607,604,4,01:57,483,81,58,1771,APU Old Wild West Udine,1,9358,11,Zan,Sisko,2 punti sbagliato,8,Da penetrazione,1004,tip-in appoggio canestro miss,93,57,1,A,3,False,0,
25607,605,4,01:57,483,81,58,1771,APU Old Wild West Udine,1,6562,34,Matteo,Cavallero,Rimbalzo offensivo,,,,,93,57,1,A,3,False,0,604
25607,606,4,01:57,483,81,58,1771,APU Old Wild West Udine,1,6562,34,Matteo,Cavallero,2 punti sbagliato,7,Appoggio a canestro,,,93,57,1,A,3,False,0,
25607,607,4,01:57,483,81,58,1768,Longobardi Scafati Basket,0,9347,13,Mezie,Offurum,Rimbalzo difensivo,,,,,93,57,1,A,3,False,0,606
25607,608,4,01:52,488,81,58,1771,APU Old Wild West Udine,1,821,21,Lorenzo,Bucarelli,Fallo commesso,100,personale,,,46,65,1,D,9,False,0,
25607,609,4,01:52,488,81,58,1768,Longobardi Scafati Basket,0,9347,13,Mezie,Offurum,Fallo Subito,,,,,46,65,1,D,9,False,0,608
25607,610,4,01:52,488,81,58,1771,APU Old Wild West Udine,1,9302,24,Raequan,Battle,Ingresso,,,,,,,,,,False,0,
25607,611,4,01:52,488,81,58,1771,APU Old Wild West Udine,1,6562,34,Matteo,Cavallero,Uscita,,,,,,,,,,False,0,610
25607,612,4,01:43,497,81,61,1768,Longobardi Scafati Basket,0,9347,13,Mezie,Offurum,3 punti segnato,1,Tiro in sospensione,,,22,11,0,A,8,False,0,
25607,613,4,01:43,497,81,61,1768,Longobardi Scafati Basket,0,3200,4,Alessandro,Lever,Assist,,,,,22,11,0,A,8,False,0,612
25607,614,4,01:22,518,83,61,1771,APU Old Wild West Udine,1,9302,24,Raequan,Battle,2 punti segnato,2,Tiro in corsa,,,80,51,1,A,6,True,0,
25607,615,4,01:12,528,83,61,1768,Longobardi Scafati Basket,0,3526,33,Bruno,Mascolo,2 punti sbagliato,3,Tiro in fadeaway,,,10,78,0,A,4,False,0,
25607,616,4,01:12,528,83,61,1771,APU Old Wild West Udine,1,9358,11,Zan,Sisko,Rimbalzo difensivo,,,,,10,78,0,A,4,False,0,615
25607,617,4,01:06,534,83,61,1768,Longobardi Scafati Basket,0,2293,12,Garrett,Nevels,Fallo commesso,100,personale,,,73,83,0,D,8,False,0,
25607,618,4,01:06,534,83,61,1771,APU Old Wild West Udine,1,9358,11,Zan,Sisko,Fallo Subito,,,,,73,83,0,D,8,False,0,617
25607,619,4,00:59,541,85,61,1771,APU Old Wild West Udine,1,6653,6,Skylar,Spencer,2 punti segnato,10,Alley-oop,,,92,52,1,A,3,True,0,
25607,620,4,00:59,541,85,61,1771,APU Old Wild West Udine,1,9358,11,Zan,Sisko,Assist,,,,,92,52,1,A,3,False,0,619
25607,621,4,00:38,562,85,61,1768,Longobardi Scafati Basket,0,3200,4,Alessandro,Lever,3 punti sbagliato,1,Tiro in sospensione,,,34,44,0,A,9,False,0,
25607,622,4,00:38,562,85,61,1768,Longobardi Scafati Basket,0,7319,17,Rodney,McGruder,Rimbalzo offensivo,,,,,34,44,0,A,9,False,0,621
25607,623,4,00:34,566,85,63,1768,Longobardi Scafati Basket,0,7319,17,Rodney,McGruder,2 punti segnato,7,Appoggio a canestro,,,9,50,0,A,3,True,0,
25607,624,4,00:11,589,85,63,1771,APU Old Wild West Udine,1,9302,24,Raequan,Battle,2 punti sbagliato,1,Tiro in sospensione,,,90,94,1,A,2,False,0,
25607,625,4,00:11,589,85,63,1771,APU Old Wild West Udine,1,6653,6,Skylar,Spencer,Rimbalzo offensivo,,,,,90,94,1,A,2,False,0,624
25607,626,4,00:07,593,85,63,1771,APU Old Wild West Udine,1,7391,45,Denzel,Valentine,3 punti sbagliato,1,Tiro in sospensione,,,65,50,1,A,9,False,0,
25607,627,4,00:07,593,85,63,1771,APU Old Wild West Udine,1,9302,24,Raequan,Battle,Rimbalzo offensivo,,,,,65,50,1,A,9,False,0,626
25607,628,4,00:02,598,87,63,1771,APU Old Wild West Udine,1,9358,11,Zan,Sisko,2 punti segnato,1,Tiro in sospensione,,,88,64,1,A,2,True,0,
25607,629,4,00:02,598,87,63,1771,APU Old Wild West Udine,1,9302,24,Raequan,Battle,Assist,,,,,88,64,1,A,2,False,0,628
25607,630,4,00:00,600,87,63,,,,,,,,Fine Tempo,,,,,,,,,,False,0,
